# rcept_no	SCE cells where current code (16710bd) != DB, excluding R190 filings
20140806000009	8
20141113000203	8
20140829001546	8
20140829001431	13
20141114000303	6
20141201000235	14
20141201000583	7
20141201000785	1
20150128000129	20
20150213000497	8
20150216000357	16
20150302000314	14
20150302000419	4
20150302000640	2
20150302000970	6
20150512001002	2
20150513001512	2
20150513001802	9
20150514003384	13
20150514005261	2
20150515000153	5
20150515000302	147
20150515000708	8
20150515001299	2
20150515001330	2
20150515001328	2
20150515001520	1
20150515001612	4
20150515001685	5
20150515001807	2
20150515001878	1
20150515001990	1
20150515002395	1
20150515002518	4
20150515002540	3
20150515002615	2
20150528000241	16
20150601001027	9
20150629000407	1
20150811000205	1
20150812000406	8
20150813000076	5
20150813000173	2
20150813000328	1
20150813000763	1
20150813001111	21
20150813001165	4
20150813001310	2
20150813001306	42
20150813001524	12
20150817000039	7
20150817000508	1
20150817000628	1
20150817000860	2
20150817001233	10
20150817001549	1
20150817001665	5
20150824000021	15
20150831000947	20
20151030000289	3
20151111000138	4
20151112000066	3
20151112000368	1
20151113000386	1
20151113000457	3
20151113000618	2
20151113000632	3
20151113000724	3
20151113000963	4
20151113001043	4
20151116000002	3
20151113001195	8
20151116000095	5
20151116000315	2
20151116000719	2
20151116000741	1
20151116000762	5
20151116000979	12
20151116000974	6
20151116001012	3
20151116001114	1
20151116001275	1
20151116001274	3
20151116001473	5
20151116001487	1
20151116001769	44
20151118000043	12
20151130000689	1
20151130001214	1
20160328000559	10
20160329000032	1
20160329000310	2
20160330000048	1
20160330000651	2
20160330000712	4
20160330001477	1
20160330001927	1
20160330002088	2
20160330003043	4
20160330003072	7
20160330003261	18
20160330003383	2
20160330003639	6
20160330003750	1
20160330003760	10
20160330003830	1
20160330004121	8
20160330004152	44
20160330004137	4
20160330004450	62
20160330004541	1
20160428000575	6
20160510002320	1
20160512000064	15
20160512003583	19
20160512003759	1
20160513001623	2
20160513002827	8
20160513003597	5
20160513003571	4
20160513003756	1
20160513005477	18
20160516000967	2
20160516000977	12
20160516001492	18
20160516001512	1
20160516001934	7
20160516002327	8
20160516002354	4
20160516002760	1
20160516003087	2
20160516003131	2
20160516003484	4
20160516003726	2
20160519000365	2
20160530000803	6
20160614000046	18
20160629000765	1
20160811000042	2
20160811000440	1
20160812000549	8
20160812000551	1
20160812000759	1
20160812000851	2
20160812000959	1
20160812001262	12
20160812001309	6
20160812001433	2
20160816000260	2
20160816000280	10
20160816000669	6
20160816000879	1
20160816000911	4
20160816000926	7
20160816001123	2
20160816001140	6
20160816001154	4
20160816001670	3
20160816001845	8
20160816001869	5
20160816001917	49
20160816001947	1
20160816001974	7
20160816002119	2
20160816002160	77
20160829000269	2
20160829000307	147
20160829000411	2
20160829000423	1
20161110000007	2
20161111000189	2
20161111000450	1
20161111000469	8
20161111000509	1
20161114000262	5
20161114000528	1
20161114000593	2
20161114000709	12
20161114000752	6
20161114000934	2
20161114001010	49
20161114001096	2
20161114001156	1
20161114001717	1
20161114001862	3
20161114001969	8
20161114002073	2
20161114002370	1
20161114002520	6
20161114002609	8
20161117000033	2
20161129000348	2
20161129000538	1
20161229000293	1
20170125000226	1
20170208000067	1
20170329000611	49
20170330000641	1
20170330000665	1
20170330000880	1
20170330001127	8
20170330001630	2
20170330001733	1
20170331000106	2
20170331000673	3
20170331000675	1
20170331001261	2
20170331001392	1
20170331001922	2
20170331002472	1
20170331003537	4
20170331004291	1
20170331004813	1
20170331005183	2
20170331005554	2
20170331005568	8
20170331005605	5
20170403002911	5
20170419000151	2
20170511001212	2
20170511002920	2
20170511004014	2
20170511005168	1
20170512002980	2
20170512004730	3
20170512005819	7
20170515000445	1
20170515000438	5
20170515000716	6
20170515001045	17
20170515001074	2
20170515001159	1
20170515002779	13
20170515002799	4
20170515003095	1
20170515003578	8
20170515003890	108
20170515004301	2
20170515004482	7
20170523000017	1
20170530000253	8
20170530000367	6
20170712000223	1
20170811000158	4
20170811000231	3
20170811000781	1
20170811000817	1
20170811000869	2
20170811001020	8
20170814000023	1
20170814000086	4
20170814000625	2
20170814000779	2
20170814001319	47
20170814001375	1
20170814001433	2
20170814001715	108
20170814001741	1
20170814001867	10
20170814002090	2
20170814002140	1
20170814002149	1
20170822000209	1
20170829000020	2
20171109000124	1
20171110000053	2
20171113000193	1
20171114000364	2
20171114000396	2
20171114000394	1
20171114000694	1
20171114001012	4
20171114001033	3
20171114001060	4
20171114001107	2
20171114001109	5
20171114001316	1
20171114001527	1
20171114001750	5
20171114001828	4
20171114001855	1
20171114002035	4
20171114002156	12
20171114002215	1
20171114002272	4
20171114002281	47
20171114002423	3
20171114002480	2
20171114002550	4
20171114002572	15
20171114002651	108
20171114002670	3
20180328000631	2
20180329000132	1
20180329000878	1
20180329001088	47
20180330000270	6
20180330000975	1
20180330001324	11
20180330001415	1
20180330001628	11
20180330002033	1
20180330002354	5
20180330002404	1
20180330002417	2
20180330002620	4
20180330002829	1
20180330002918	1
20180330002950	10
20180330003261	1
20180330003321	2
20180330003359	1
20180330003417	1
20180330003602	5
20180330003603	2
20180402001246	9
20180402002138	8
20180402002154	5
20180402002917	1
20180402003110	1
20180402003400	3
20180402003786	1
20180402003896	10
20180402004272	13
20180402004267	11
20180402004297	2
20180402004454	1
20180402004546	5
20180402005009	2
20180402005134	2
20180402005312	1
20180417000394	2
20180514002938	2
20180515000297	4
20180515000463	5
20180515000538	2
20180515000560	10
20180515000655	1
20180515000851	1
20180515001611	1
20180515001643	5
20180515001702	1
20180515001761	1
20180515001795	1
20180515002332	8
20180515002418	1
20180515002558	7
20180515002654	117
20180604000359	5
20180608000090	4
20180611000428	5
20180619000112	1
20180625000236	11
20180625000360	11
20180727000096	1
20180808000358	2
20180813000387	2
20180814000476	8
20180814000679	2
20180814000787	1
20180814000801	10
20180814000842	1
20180814000852	1
20180814001006	1
20180814001051	1
20180814001183	1
20180814001258	47
20180814001415	4
20180814001437	4
20180814001626	1
20180814001687	1
20180814001694	7
20180814001774	1
20180814002140	1
20180814002174	2
20180814002248	1
20180814002281	3
20180814002616	1
20180814002741	10
20180814002825	117
20180829000166	1
20181114000130	1
20181114000414	3
20181114000412	9
20181114000465	2
20181114000543	3
20181114000576	6
20181114000832	1
20181114000912	1
20181114001086	1
20181114001092	47
20181114001349	4
20181114001441	1
20181114001529	5
20181114002001	1
20181114002065	4
20181114002260	117
20181114002285	4
20181114002297	2
20181114002314	4
20181114002443	1
20181114002689	1
20181114002814	4
20181129000242	1
20190328000777	1
20190329000319	4
20190329000726	8
20190329000933	9
20190329001113	5
20190329001369	6
20190329002280	1
20190329002483	1
20190329002652	1
20190329003128	1
20190329003872	2
20190329004158	3
20190401000698	8
20190401001155	8
20190401001446	1
20190401001728	1
20190401001823	5
20190401001874	1
20190401001988	4
20190401002303	2
20190401002685	3
20190401002716	5
20190401002717	1
20190401002837	5
20190401003110	3
20190401003456	1
20190401003574	2
20190401003673	1
20190401003940	3
20190401004101	2
20190401004162	27
20190401004374	4
20190401004474	1
20190401004615	1
20190401004919	3
20190401004924	6
20190401005200	6
20190402002312	6
20190408002703	1
20190411001772	6
20190417000575	5
20190418000482	1
20190425000466	3
20190425000787	1
20190426000267	1
20190510000751	3
20190514000041	3
20190514001150	2
20190515000148	1
20190515000459	2
20190515000550	2
20190515000628	4
20190515000880	5
20190515001034	6
20190515001077	2
20190515001101	4
20190515001175	5
20190515001514	159
20190515001769	1
20190515001859	1
20190515001905	10
20190515001944	1
20190515002005	4
20190515002254	3
20190515002482	3
20190530000210	4
20190607000162	1
20190621000265	1
20190712000396	9
20190724000534	1
20190730000354	6
20190812000023	2
20190813000115	4
20190814000165	1
20190814000283	3
20190814000394	3
20190814000392	2
20190814000480	5
20190814000821	2
20190814001048	1
20190814001113	4
20190814001235	1
20190814001330	5
20190814001351	1
20190814001454	1
20190814001458	6
20190814001466	1
20190814001527	2
20190814001611	8
20190814001630	5
20190814001819	159
20190814001961	4
20190814002005	2
20190814002187	4
20190814002212	1
20190814002204	47
20190814002248	1
20190814002241	1
20190814002714	1
20190927000624	1
20191101000435	1
20191111000107	5
20191113000109	4
20191113000117	3
20191113000250	2
20191113000490	1
20191113000499	3
20191114000117	6
20191114000134	4
20191114000146	2
20191114000243	3
20191114000262	1
20191114000543	2
20191114000597	1
20191114000629	2
20191114000685	1
20191114000726	2
20191114000826	3
20191114000865	4
20191114001018	5
20191114001030	3
20191114001271	2
20191114001526	3
20191114001571	4
20191114001675	8
20191114001693	1
20191114001743	2
20191114001769	1
20191114001795	4
20191114001950	47
20191114001965	159
20191114002007	1
20191114002374	2
20191114002502	1
20191114002576	1
20191114002661	1
20191115000290	5
20200115000436	1
20200327000159	2
20200327000642	2
20200327001127	1
20200327001826	1
20200327002123	1
20200330000162	2
20200330000591	2
20200330001074	5
20200330001194	1
20200330001326	5
20200330001484	11
20200330001518	5
20200330001829	1
20200330001944	1
20200330002014	1
20200330002320	1
20200330002383	1
20200330002414	2
20200330002425	5
20200330002427	1
20200330002434	4
20200330002673	2
20200330002763	7
20200330002896	1
20200330002940	2
20200330003101	2
20200330003362	1
20200330003433	1
20200330003514	1
20200330003639	1
20200330003672	2
20200330004224	2
20200414002382	6
20200513000033	4
20200513000632	18
20200514000531	3
20200514000966	1
20200514001096	3
20200514001110	10
20200515000041	1
20200515000610	3
20200515000632	2
20200515000646	1
20200515000768	5
20200515000976	1
20200515000974	1
20200515001212	3
20200515001265	1
20200515001341	2
20200515001453	5
20200515001516	1
20200521000374	3
20200629000058	1
20200811000094	2
20200811000166	3
20200814000389	3
20200814000403	1
20200814001038	1
20200814001171	5
20200814001193	2
20200814001201	3
20200814001227	1
20200814001518	1
20200814001722	2
20200814001825	2
20200814001978	1
20200814002433	1
20200814002475	6
20200814002619	4
20200814002637	2
20200814002666	1
20200814002873	2
20200821000555	4
20200828000536	1
20200914000195	3
20201023000282	2
20201112000162	1
20201113000267	1
20201113000432	2
20201113000487	5
20201113000526	2
20201113000887	1
20201113000954	2
20201113001023	2
20201113001056	1
20201113001123	2
20201113001194	1
20201116000004	1
20201116000163	1
20201116000215	1
20201116000273	4
20201116000539	4
20201116000842	4
20201116001119	1
20201116001578	1
20201116001650	6
20201116001855	3
20201116001907	2
20201116001920	2
20201116001975	1
20201116002006	2
20201201000068	1
20210310000864	15
20210310000867	2
20210315000950	1
20210316000430	1
20210316000584	1
20210316000852	1
20210316000956	1
20210316001031	9
20210317000002	1
20210317000244	1
20210317000340	1
20210317000563	2
20210317000892	10
20210317001080	3
20210317001150	16
20210318000256	1
20210318000228	1
20210318000286	1
20210318000367	10
20210318000400	5
20210318000536	6
20210318000893	1
20210318000894	1
20210318001205	3
20210318001242	10
20210318001396	1
20210318001442	1
20210319000001	4
20210319000460	1
20210319000662	1
20210319001040	1
20210319001153	1
20210319001163	1
20210319001242	1
20210319001235	2
20210322000283	1
20210322000484	1
20210322000539	3
20210322001122	6
20210323000054	1
20210323000287	3
20210323000506	6
20210323001081	1
20210323001161	1
20210329000981	1
20210331001840	1
20210331002449	1
20210331002921	1
20210331003077	1
20210416000369	3
20210419000320	1
20210504000179	1
20210513000750	1
20210514000500	7
20210514001053	7
20210514001184	9
20210514001634	1
20210517000095	10
20210517000587	1
20210517000671	5
20210517000706	10
20210517000815	1
20210517001174	1
20210517001251	1
20210517001454	9
20210517001470	7
20210517001852	10
20210517001955	2
20210518000001	3
20210524000444	1
20210524000502	1
20210602000352	1
20210608000341	3
20210610000161	1
20210813000025	1
20210813000588	5
20210813000687	1
20210813000963	1
20210813001069	1
20210813001336	7
20210817000300	5
20210817000361	1
20210817000459	8
20210817000689	3
20210817000702	2
20210817001155	7
20210817001281	2
20210817001327	10
20210817001476	1
20210817001746	1
20210817001779	2
20210817001823	2
20210817001859	1
20210817001916	6
20210818000238	1
20210827000632	1
20211111000044	1
20211111000205	1
20211112000474	4
20211112000662	2
20211112000829	1
20211112001097	3
20211112001104	2
20211115000186	10
20211115000294	2
20211115000420	1
20211115000787	1
20211115000870	1
20211115000907	2
20211115001163	5
20211115001443	10
20211115001924	1
20211115002196	6
20211115002279	1
20211115002447	1
20211115002482	1
20211124000387	1
20211125000130	3
20220303000397	3
20220310001209	2
20220311000952	5
20220314000905	1
20220315001210	14
20220317000628	1
20220317001091	3
20220317001271	5
20220317001290	1
20220317001300	4
20220318000421	1
20220318000699	1
20220318000868	1
20220318001084	8
20220318001112	1
20220318001135	16
20220321000587	1
20220321000770	1
20220321001020	1
20220321001311	2
20220321001425	1
20220322000460	1
20220322000468	1
20220322001049	1
20220323000385	7
20220323001073	24
20220323001371	1
20220325001334	5
20220328000767	1
20220329000005	4
20220329001016	1
20220331000062	2
20220331000338	1
20220331001687	1
20220425000533	2
20220509000079	1
20220513000580	2
20220513001189	8
20220513001245	3
20220513001314	6
20220513001317	6
20220513001346	9
20220516000387	1
20220516000440	1
20220516000510	5
20220516000682	2
20220516000751	3
20220516000766	3
20220516000902	3
20220516000920	1
20220516001174	3
20220516001714	1
20220516001833	2
20220516001996	1
20220712000592	1
20220729000570	1
20220808000154	1
20220812000555	10
20220812000942	1
20220812001022	2
20220816000266	1
20220816000270	1
20220816000392	2
20220816000412	3
20220816000426	1
20220816000472	1
20220816000981	2
20220816000988	10
20220816001039	2
20220816001096	2
20220816001184	1
20220816001251	6
20220816001335	3
20220816001444	2
20220816001544	4
20220816002188	6
20220816002484	10
20220816002490	1
20220816002529	2
20220816002558	3
20220829000692	4
20220902000193	4
20221012000315	11
20221108000291	2
20221111000113	2
20221111000127	4
20221111000719	1
20221114000024	52
20221114000173	2
20221114000192	2
20221114000269	5
20221114000368	1
20221114000387	1
20221114000389	4
20221114000416	3
20221114000454	10
20221114000525	1
20221114000923	2
20221114000961	7
20221114000992	6
20221114001185	1
20221114001296	1
20221114001390	10
20221114001793	2
20221114001848	145
20221114001942	1
20221114002155	7
20221114002173	1
20221114002423	3
20221114002442	11
20221114002463	2
20221114002467	1
20221114002533	1
20221114002619	3
20221114002638	4
20221114002770	1
20221124000394	2
20230214000971	5
20230217001593	1
20230228006870	7
20230228006872	5
20230308000595	1
20230314000697	1
20230314000980	1
20230314001059	1
20230314001301	7
20230315000563	12
20230315001351	11
20230316001414	1
20230316001527	15
20230317000676	1
20230317000899	6
20230320000077	1
20230320000154	1
20230320000199	4
20230320000612	8
20230320001072	15
20230321001052	4
20230321001080	3
20230321001119	2
20230321001247	1
20230321001293	2
20230321001305	2
20230321001464	144
20230321001505	4
20230321001521	1
20230322000709	1
20230322001280	1
20230322001306	1
20230322001317	3
20230322001331	3
20230323000007	2
20230323000543	3
20230323001462	13
20230323001453	2
20230323001460	1
20230330000322	4
20230331003410	3
20230331004445	1
20230407002564	167
20230510000897	1
20230512000677	1
20230512001358	1
20230515000448	5
20230515000495	2
20230515000879	1
20230515000888	5
20230515001141	4
20230515001294	1
20230515001326	2
20230515001343	4
20230515001356	6
20230515001786	11
20230515001880	2
20230515001891	2
20230515002032	4
20230515002063	5
20230515002171	5
20230515002596	5
20230515002940	2
20230630000658	2
20230714000276	167
20230714000372	1
20230810000954	2
20230811001469	9
20230811001649	5
20230811001819	2
20230811001979	10
20230811002031	6
20230811002106	2
20230814000259	4
20230814000736	2
20230814001226	3
20230814001285	4
20230814001408	7
20230814001785	2
20230814001795	1
20230814002135	1
20230814002221	15
20230814002306	8
20230814002610	2
20230814002953	2
20230814003011	5
20230816000309	2
20230817000246	5
20230824000001	2
20230831001403	1
20230926000613	2
20231110000086	2
20231113000199	4
20231113000301	4
20231113000460	10
20231113000522	1
20231114000138	36
20231114000119	2
20231114000418	2
20231114000467	1
20231114001071	1
20231114001110	1
20231114001106	4
20231114001140	1
20231114001397	10
20231114001467	2
20231114001563	11
20231114001628	3
20231114001724	2
20231114001920	2
20231114001954	1
20231114002110	2
20231114002482	1
20231114002514	1
20231114002618	2
20231114002863	4
20231114002857	1
20231114002969	4
20231212000324	2
20231227000624	1
20231228000091	4
20231228000581	1
20231229000358	4
20240213000584	1
20240221002032	1
20240307000512	4
20240312000306	4
20240312000765	1
20240312000752	1
20240313000236	4
20240313001650	5
20240314001415	5
20240314001513	1
20240314001607	12
20240314001769	2
20240315000026	1
20240315000212	4
20240315000519	4
20240318000001	8
20240318000191	2
20240318000386	1
20240318000513	1
20240318000728	2
20240318000760	1
20240318000813	1
20240319000093	2
20240319000096	4
20240319000491	2
20240319000499	1
20240319000545	1
20240319000652	3
20240320000522	1
20240320000719	10
20240320000808	23
20240320000959	1
20240320001495	13
20240320001504	3
20240320001691	6
20240320001811	1
20240320001947	1
20240320001946	1
20240320001993	8
20240320002049	12
20240321000058	2
20240321000393	1
20240321000587	1
20240321000838	1
20240321000940	1
20240321000994	17
20240321001045	2
20240321001056	1
20240321001149	3
20240321001241	1
20240321001243	1
20240321001438	1
20240321001633	1
20240321002014	1
20240321002034	1
20240322000583	3
20240322000905	1
20240325000739	1
20240328001860	1
20240401003490	8
20240408002597	1
20240409003394	1
20240430000587	1
20240502000551	1
20240510000032	10
20240513000069	1
20240514000148	2
20240514000557	1
20240514000799	1
20240514001041	10
20240514001262	2
20240514001524	1
20240514001536	8
20240514001645	2
20240514001674	5
20240514001708	5
20240516000076	2
20240516001063	2
20240516001122	1
20240516001183	1
20240516001297	1
20240516001299	2
20240516001631	2
20240516001683	1
20240516001757	2
20240516001924	1
20240516002254	3
20240516002278	2
20240516002343	2
20240517000074	2
20240517000099	1
20240517000315	2
20240628000237	2
20240718000081	1
20240802000089	1
20240809000508	13
20240812000861	10
20240813000566	2
20240813001452	3
20240813001630	1
20240814000446	2
20240814000797	4
20240814001081	10
20240814001100	1
20240814001499	1
20240814001746	1
20240814001747	1
20240814001780	6
20240814001812	1
20240814001875	1
20240814002187	4
20240814002550	2
20240814002573	2
20240814002910	1
20240814002924	1
20240814002977	1
20240814003051	1
20240814003134	2
20240814003234	1
20240814003280	1
20240814003347	1
20240814003813	2
20240814004099	1
20240814004119	1
20240814004158	1
20240814004324	2
20240814004524	1
20240814004612	2
20240826000032	2
20240927000329	2
20241112000052	4
20241112000182	5
20241113000173	1
20241113000349	1
20241113000323	2
20241113000442	10
20241114000007	1
20241114000027	1
20241114000281	1
20241114000320	1
20241114000430	1
20241114000495	11
20241114000848	1
20241114000950	1
20241114001104	1
20241114001309	1
20241114001414	2
20241114001443	1
20241114001612	1
20241114001617	1
20241114001764	1
20241114001786	2
20241114002052	2
20241114002119	1
20241114002162	4
20241114002384	2
20241210000128	1
20241230000449	2
20250109000166	1
20250306000588	5
20250310000865	4
20250311000782	1
20250311001197	1
20250311001310	2
20250311001216	2
20250312001137	1
20250312001153	1
20250313000809	2
20250313001194	1
20250314000949	9
20250314001143	2
20250314001773	1
20250317000787	4
20250317000860	10
20250317000982	2
20250317000989	13
20250317001021	1
20250318000272	1
20250318000283	1
20250318000544	6
20250318000688	2
20250318000722	4
20250318000905	1
20250318001004	1
20250318001015	1
20250318001020	1
20250318001203	3
20250318001233	3
20250318001291	13
20250318001293	3
20250318001323	3
20250318001375	19
20250318001411	4
20250318001433	1
20250319000964	4
20250319000993	2
20250319001002	1
20250319001050	1
20250319001095	1
20250320000385	4
20250320000683	2
20250320000764	2
20250320000809	4
20250320000945	1
20250320001036	1
20250320001153	2
20250320001186	1
20250320001200	4
20250320001386	1
20250320001610	7
20250321000291	5
20250321000555	1
20250321001077	4
20250321001149	13
20250321001159	1
20250321001677	16
20250321001821	5
20250321001983	3
20250326001009	1
20250327001009	1
20250328001704	5
20250331003267	2
20250331004128	1
20250407004392	1
20250424000289	2
20250513000550	4
20250514000674	1
20250514000903	2
20250514000956	1
20250514001229	8
20250515000227	2
20250515000291	3
20250515000312	4
20250515000327	1
20250515000422	2
20250515000555	2
20250515000614	2
20250515000670	1
20250515001164	12
20250515001183	2
20250515001247	3
20250515001280	2
20250515001300	1
20250515001357	1
20250515001464	2
20250515001760	2
20250515002164	1
20250515002165	1
20250515002559	2
20250522000161	3
20250710000573	4
20250811000522	1
20250812000560	1
20250813000806	2
20250813001004	1
20250813001174	2
20250813001401	4
20250813001501	8
20250814000428	2
20250814001659	4
20250814001735	18
20250814001746	2
20250814001869	3
20250814002087	1
20250814002148	1
20250814002412	1
20250814002580	2
20250814002627	2
20250814002682	1
20250814002901	1
20250814003165	2
20250814003166	2
20250814003312	1
20250814003345	1
20250814003508	5
20250814004038	1
20250814004183	1
20250814004197	2
20250814004364	1
20250814004429	1
20250829000943	2
20251111000062	4
20251112000217	1
20251112000516	5
20251113000069	4
20251113000303	2
20251113000301	4
20251113000856	1
20251113000971	3
20251114000106	4
20251114000191	1
20251114000345	10
20251114000426	1
20251114000458	6
20251114000635	1
20251114000910	2
20251114001353	1
20251114001387	3
20251114001434	6
20251114001448	8
20251114001516	4
20251114001515	2
20251114001529	2
20251114001524	8
20251114001581	1
20251114001664	1
20251114001947	1
20251114001978	2
20251114002067	9
20251114002083	2
20251114002377	2
20251114002428	6
20251114002492	1
20251114002627	1
20251201000456	6
20260213002449	4
20260219002133	2
20260219002462	4
20260223000377	4
20260223000824	4
20260310002974	1
20260312000604	1
20260312000803	3
20260312001200	1
20260312001359	1
20260316000916	2
20260316001380	1
20260316001412	1
20260316001628	2
20260317000873	1
20260318000278	1
20260318000474	2
20260318000621	1
20260318000631	1
20260318000724	2
20260318000734	2
20260318000738	1
20260318000820	2
20260318000964	1
20260318000998	1
20260318000988	10
20260318001027	3
20260318001024	5
20260318001038	1
20260318001200	2
20260318001210	1
20260318001219	1
20260318001363	8
20260318001384	2
20260318001566	1
20260318001590	2
20260318001626	4
20260318001625	1
20260318001633	3
20260318001678	9
20260318001677	2
20260319000002	4
20260319000041	1
20260319000141	1
20260319000264	1
20260319000512	1
20260319000530	1
20260319000542	1
20260319000650	3
20260319000660	1
20260319000752	1
20260319000806	1
20260319000796	1
20260319000837	12
20260319000847	2
20260319000905	1
20260319001011	5
20260319001022	1
20260319001383	2
20260320000233	12
20260320000730	1
20260320001058	2
20260320001410	6
20260323001143	1
20260323001175	2
20260323001247	1
20260323001475	2
20260323001528	1
20260323001556	5
20260323001701	1
20260323001718	1
20260324000008	8
20260331002196	1
20260402003712	4
20260506000261	2
20260513000010	2
20260513000654	8
20260513000837	2
20260514000137	2
20260514000731	1
20260514000782	2
20260514000789	2
20260514000817	2
20260514001336	1
20260515000571	1
20260515000599	1
20260515000598	2
20260515000857	1
20260515001061	1
20260515001203	2
20260515001648	2
20260515001823	1
20260515001921	1
20260515001927	2
20260515001954	1
20260515001971	1
20260515002041	1
20260515002144	2
20260515002190	2
20260515002300	1
20260515002476	2
20260515002547	1
20260515002579	1
20260515002571	1
20260515002654	1
20260515002975	2
20260617000470	1
20260616000254	1
20260727000316	1
20260811000456	4
20260812000237	2
20260812000295	1
20260812000672	1
20260812000875	1
20260813000976	6
20260813001044	1
20260813001141	1
20260813001185	1
20260813001312	5
20260813001414	7
20260814000310	5
20260814000558	3
20260814000588	1
20260814000666	1
20260814000744	2
20260814000829	1
20260814000843	1
20260814000851	2
20260814000865	1
20260814000953	1
20260814000978	1
20260814001014	13
20260814001685	2
20260814001743	2
20260814002077	2
20260814002143	1
20260814002151	5
20260814002171	2
20260814002238	1
20260814002302	2
20260814002335	4
20260814002362	1
20260814002413	1
20260814002452	4
20260814002465	2
20260814002616	1
20260814002683	1
20260814002781	2
20260814002968	3
20260814003056	2
20260814003068	6
20260814003109	2
20260814003148	1
20260814003187	1
20260814003241	1
20260814003299	1
20260814003352	2
20260814003398	1
20260814003407	2
20260814003676	4
20260814003744	3
20260814003875	2
20260814003922	2
20260814004008	1
20260814004043	1
20260814004074	2
20260814004082	6
20260814004101	1
20260814004171	4
20260814004236	1
20260814004285	1
20260820000425	1
20260826000595	3
20260826000127	1
