company,corp_code,combo,metric,period,classification,detail,timestamp
코미팜,00187415,분기x별도,revenue,2005 CQ3,data_gap,"UI blank, DB=None",2026-07-07T20:34:01
코미팜,00187415,분기x별도,revenue,2006 CQ1,data_gap,"UI blank, DB=None",2026-07-07T20:34:01
코미팜,00187415,분기x별도,revenue,2006 CQ2,data_gap,"UI blank, DB=None",2026-07-07T20:34:01
코미팜,00187415,분기x별도,operating_income,2005 CQ3,data_gap,"UI blank, DB=None",2026-07-07T20:34:01
코미팜,00187415,분기x별도,operating_income,2006 CQ1,data_gap,"UI blank, DB=None",2026-07-07T20:34:01
코미팜,00187415,분기x별도,operating_income,2006 CQ2,data_gap,"UI blank, DB=None",2026-07-07T20:34:01
코세스,00365934,연간x별도,revenue,2005,data_gap,"UI blank, DB=None",2026-07-07T20:34:19
코세스,00365934,연간x별도,operating_income,2005,data_gap,"UI blank, DB=None",2026-07-07T20:34:19
코스나인,00442455,연간x연결,revenue,2009,data_gap,"UI blank, DB=None",2026-07-07T20:35:17
코스나인,00442455,연간x연결,operating_income,2009,data_gap,"UI blank, DB=None",2026-07-07T20:35:17
코스리거글로벌,00305570,연간x별도,revenue,2005,data_gap,"UI blank, DB=None",2026-07-07T20:35:52
코스리거글로벌,00305570,연간x별도,operating_income,2005,data_gap,"UI blank, DB=None",2026-07-07T20:35:52
코스맥스엔비티,00656289,분기x연결,revenue,2014 CQ2,data_gap,"UI blank, DB=None",2026-07-07T20:36:31
코스맥스엔비티,00656289,분기x연결,revenue,2014 CQ3,data_gap,"UI blank, DB=None",2026-07-07T20:36:31
코스맥스엔비티,00656289,분기x연결,revenue,2014 CQ4,data_gap,"UI blank, DB=None",2026-07-07T20:36:31
코스맥스엔비티,00656289,분기x연결,operating_income,2014 CQ2,data_gap,"UI blank, DB=None",2026-07-07T20:36:31
코스맥스엔비티,00656289,분기x연결,operating_income,2014 CQ3,data_gap,"UI blank, DB=None",2026-07-07T20:36:31
코스맥스엔비티,00656289,분기x연결,operating_income,2014 CQ4,data_gap,"UI blank, DB=None",2026-07-07T20:36:31
코스맥스엔비티,00656289,분기x별도,revenue,2014 CQ2,data_gap,"UI blank, DB=None",2026-07-07T20:36:39
코스맥스엔비티,00656289,분기x별도,revenue,2014 CQ3,data_gap,"UI blank, DB=None",2026-07-07T20:36:39
코스맥스엔비티,00656289,분기x별도,revenue,2014 CQ4,data_gap,"UI blank, DB=None",2026-07-07T20:36:39
코스맥스엔비티,00656289,분기x별도,operating_income,2014 CQ2,data_gap,"UI blank, DB=None",2026-07-07T20:36:39
코스맥스엔비티,00656289,분기x별도,operating_income,2014 CQ3,data_gap,"UI blank, DB=None",2026-07-07T20:36:39
코스맥스엔비티,00656289,분기x별도,operating_income,2014 CQ4,data_gap,"UI blank, DB=None",2026-07-07T20:36:39
코스텍시스,01476219,분기x연결,revenue,2021 CQ2,data_gap,"UI blank, DB=None",2026-07-07T20:37:30
코스텍시스,01476219,분기x연결,revenue,2021 CQ3,data_gap,"UI blank, DB=None",2026-07-07T20:37:30
코스텍시스,01476219,분기x연결,revenue,2021 CQ4,data_gap,"UI blank, DB=None",2026-07-07T20:37:30
코스텍시스,01476219,분기x연결,revenue,2022 CQ1,data_gap,"UI blank, DB=None",2026-07-07T20:37:30
코스텍시스,01476219,분기x연결,revenue,2022 CQ2,data_gap,"UI blank, DB=None",2026-07-07T20:37:30
코스텍시스,01476219,분기x연결,revenue,2022 CQ3,data_gap,"UI blank, DB=None",2026-07-07T20:37:30
코스텍시스,01476219,분기x연결,revenue,2022 CQ4,data_gap,"UI blank, DB=None",2026-07-07T20:37:30
코스텍시스,01476219,분기x별도,revenue,2021 CQ2,data_gap,"UI blank, DB=None",2026-07-07T20:37:38
코스텍시스,01476219,분기x별도,revenue,2021 CQ3,data_gap,"UI blank, DB=None",2026-07-07T20:37:38
코스텍시스,01476219,분기x별도,revenue,2021 CQ4,data_gap,"UI blank, DB=None",2026-07-07T20:37:38
코스텍시스,01476219,분기x별도,revenue,2022 CQ1,data_gap,"UI blank, DB=None",2026-07-07T20:37:38
코스텍시스,01476219,분기x별도,revenue,2022 CQ2,data_gap,"UI blank, DB=None",2026-07-07T20:37:38
코스텍시스,01476219,분기x별도,revenue,2022 CQ3,data_gap,"UI blank, DB=None",2026-07-07T20:37:38
코스텍시스,01476219,분기x별도,revenue,2022 CQ4,data_gap,"UI blank, DB=None",2026-07-07T20:37:38
코아시아,00271501,연간x별도,operating_income,2002,data_gap,"UI blank, DB=None",2026-07-07T20:38:28
코아시아,00271501,연간x별도,operating_income,2003,data_gap,"UI blank, DB=None",2026-07-07T20:38:28
코아시아,00271501,연간x별도,operating_income,2004,data_gap,"UI blank, DB=None",2026-07-07T20:38:28
코아시아,00271501,연간x별도,operating_income,2005,data_gap,"UI blank, DB=None",2026-07-07T20:38:28
코아시아,00271501,분기x연결,revenue,2011 CQ2,data_gap,"UI blank, DB=None",2026-07-07T20:38:34
코아시아,00271501,분기x연결,revenue,2011 CQ3,data_gap,"UI blank, DB=None",2026-07-07T20:38:34
코아시아,00271501,분기x연결,revenue,2011 CQ4,data_gap,"UI blank, DB=None",2026-07-07T20:38:34
코아시아,00271501,분기x연결,operating_income,2011 CQ2,data_gap,"UI blank, DB=None",2026-07-07T20:38:34
코아시아,00271501,분기x연결,operating_income,2011 CQ3,data_gap,"UI blank, DB=None",2026-07-07T20:38:34
코아시아,00271501,분기x연결,operating_income,2011 CQ4,data_gap,"UI blank, DB=None",2026-07-07T20:38:34
코아시아,00271501,분기x별도,revenue,2011 CQ1,data_gap,"UI blank, DB=None",2026-07-07T20:38:41
코아시아,00271501,분기x별도,revenue,2011 CQ2,data_gap,"UI blank, DB=None",2026-07-07T20:38:41
코아시아,00271501,분기x별도,revenue,2011 CQ3,data_gap,"UI blank, DB=None",2026-07-07T20:38:41
코아시아,00271501,분기x별도,revenue,2011 CQ4,data_gap,"UI blank, DB=None",2026-07-07T20:38:41
코아시아,00271501,분기x별도,operating_income,2005 CQ2,data_gap,"UI blank, DB=None",2026-07-07T20:38:41
코아시아,00271501,분기x별도,operating_income,2005 CQ3,data_gap,"UI blank, DB=None",2026-07-07T20:38:41
코아시아,00271501,분기x별도,operating_income,2005 CQ4,data_gap,"UI blank, DB=None",2026-07-07T20:38:41
코텍,00305297,연간x별도,revenue,2002,data_gap,"UI blank, DB=None",2026-07-07T20:44:13
코텍,00305297,연간x별도,operating_income,2002,data_gap,"UI blank, DB=None",2026-07-07T20:44:13
콜마비앤에이치,01032404,분기x연결,revenue,2014 CQ4,data_gap,"UI blank, DB=None",2026-07-07T20:45:21
콜마비앤에이치,01032404,분기x별도,revenue,2014 CQ3,data_gap,"UI blank, DB=None",2026-07-07T20:45:29
콜마비앤에이치,01032404,분기x별도,revenue,2014 CQ4,data_gap,"UI blank, DB=None",2026-07-07T20:45:29
쿠콘,01311055,분기x연결,revenue,2018 CQ3,data_gap,"UI blank, DB=None",2026-07-07T20:45:53
쿠콘,01311055,분기x연결,revenue,2018 CQ4,data_gap,"UI blank, DB=None",2026-07-07T20:45:53
쿠콘,01311055,분기x연결,operating_income,2018 CQ3,data_gap,"UI blank, DB=None",2026-07-07T20:45:53
쿠콘,01311055,분기x연결,operating_income,2018 CQ4,data_gap,"UI blank, DB=None",2026-07-07T20:45:53
쿠콘,01311055,분기x별도,revenue,2018 CQ3,data_gap,"UI blank, DB=None",2026-07-07T20:46:00
쿠콘,01311055,분기x별도,revenue,2018 CQ4,data_gap,"UI blank, DB=None",2026-07-07T20:46:00
쿠콘,01311055,분기x별도,operating_income,2018 CQ3,data_gap,"UI blank, DB=None",2026-07-07T20:46:00
쿠콘,01311055,분기x별도,operating_income,2018 CQ4,data_gap,"UI blank, DB=None",2026-07-07T20:46:00
쿼드메디슨,01671285,분기x별도,revenue,2023 CQ4,data_gap,"UI blank, DB=None",2026-07-07T20:46:31
쿼드메디슨,01671285,분기x별도,revenue,2024 CQ1,data_gap,"UI blank, DB=None",2026-07-07T20:46:31
쿼드메디슨,01671285,분기x별도,revenue,2024 CQ2,data_gap,"UI blank, DB=None",2026-07-07T20:46:31
큐라클,01397772,분기x연결,revenue,2021 CQ2,data_gap,"UI blank, DB=None",2026-07-07T20:47:59
큐라클,01397772,분기x연결,revenue,2021 CQ3,data_gap,"UI blank, DB=None",2026-07-07T20:47:59
큐라클,01397772,분기x연결,revenue,2025 CQ1,data_gap,"UI blank, DB=None",2026-07-07T20:47:59
큐라클,01397772,분기x연결,revenue,2025 CQ2,data_gap,"UI blank, DB=None",2026-07-07T20:47:59
큐라클,01397772,분기x연결,revenue,2025 CQ3,data_gap,"UI blank, DB=None",2026-07-07T20:47:59
큐라클,01397772,분기x별도,revenue,2021 CQ2,data_gap,"UI blank, DB=None",2026-07-07T20:48:06
큐라클,01397772,분기x별도,revenue,2021 CQ3,data_gap,"UI blank, DB=None",2026-07-07T20:48:06
큐라클,01397772,분기x별도,revenue,2025 CQ1,data_gap,"UI blank, DB=None",2026-07-07T20:48:06
큐라클,01397772,분기x별도,revenue,2025 CQ2,data_gap,"UI blank, DB=None",2026-07-07T20:48:06
큐라클,01397772,분기x별도,revenue,2025 CQ3,data_gap,"UI blank, DB=None",2026-07-07T20:48:06
큐렉소,00356802,연간x별도,operating_income,2006,data_gap,"UI blank, DB=None",2026-07-07T20:48:55
큐렉소,00356802,분기x연결,revenue,2011 CQ2,data_gap,"UI blank, DB=None",2026-07-07T20:49:01
큐렉소,00356802,분기x연결,revenue,2011 CQ3,data_gap,"UI blank, DB=None",2026-07-07T20:49:01
큐렉소,00356802,분기x연결,revenue,2011 CQ4,data_gap,"UI blank, DB=None",2026-07-07T20:49:01
큐렉소,00356802,분기x연결,operating_income,2011 CQ2,data_gap,"UI blank, DB=None",2026-07-07T20:49:01
큐렉소,00356802,분기x연결,operating_income,2011 CQ3,data_gap,"UI blank, DB=None",2026-07-07T20:49:01
큐렉소,00356802,분기x연결,operating_income,2011 CQ4,data_gap,"UI blank, DB=None",2026-07-07T20:49:01
큐렉소,00356802,분기x별도,operating_income,2007 CQ2,data_gap,"UI blank, DB=None",2026-07-07T20:49:08
큐렉소,00356802,분기x별도,operating_income,2007 CQ3,data_gap,"UI blank, DB=None",2026-07-07T20:49:08
큐로홀딩스,00296324,분기x별도,revenue,2009 CQ3,data_gap,"UI blank, DB=None",2026-07-07T20:50:13
큐로홀딩스,00296324,분기x별도,revenue,2009 CQ4,data_gap,"UI blank, DB=None",2026-07-07T20:50:13
큐로홀딩스,00296324,분기x별도,operating_income,2009 CQ3,data_gap,"UI blank, DB=None",2026-07-07T20:50:13
큐로홀딩스,00296324,분기x별도,operating_income,2009 CQ4,data_gap,"UI blank, DB=None",2026-07-07T20:50:13
큐리언트,01042650,연간x별도,revenue,2017,data_gap,"UI blank, DB=None",2026-07-07T20:50:31
큐리언트,01042650,연간x별도,revenue,2018,data_gap,"UI blank, DB=None",2026-07-07T20:50:31
큐리언트,01042650,연간x별도,revenue,2019,data_gap,"UI blank, DB=None",2026-07-07T20:50:31
큐리언트,01042650,연간x별도,revenue,2020,data_gap,"UI blank, DB=None",2026-07-07T20:50:31
큐리언트,01042650,분기x별도,revenue,2017 CQ1,data_gap,"UI blank, DB=None",2026-07-07T20:50:44
큐리언트,01042650,분기x별도,revenue,2017 CQ2,data_gap,"UI blank, DB=None",2026-07-07T20:50:44
큐리언트,01042650,분기x별도,revenue,2017 CQ3,data_gap,"UI blank, DB=None",2026-07-07T20:50:44
큐리언트,01042650,분기x별도,revenue,2017 CQ4,data_gap,"UI blank, DB=None",2026-07-07T20:50:44
큐리언트,01042650,분기x별도,revenue,2018 CQ1,data_gap,"UI blank, DB=None",2026-07-07T20:50:44
큐리언트,01042650,분기x별도,revenue,2018 CQ2,data_gap,"UI blank, DB=None",2026-07-07T20:50:44
큐리언트,01042650,분기x별도,revenue,2018 CQ3,data_gap,"UI blank, DB=None",2026-07-07T20:50:44
큐리언트,01042650,분기x별도,revenue,2018 CQ4,data_gap,"UI blank, DB=None",2026-07-07T20:50:44
큐리언트,01042650,분기x별도,revenue,2019 CQ1,data_gap,"UI blank, DB=None",2026-07-07T20:50:44
큐리언트,01042650,분기x별도,revenue,2019 CQ2,data_gap,"UI blank, DB=None",2026-07-07T20:50:44
큐리언트,01042650,분기x별도,revenue,2019 CQ3,data_gap,"UI blank, DB=None",2026-07-07T20:50:44
큐리언트,01042650,분기x별도,revenue,2019 CQ4,data_gap,"UI blank, DB=None",2026-07-07T20:50:44
큐리언트,01042650,분기x별도,revenue,2020 CQ1,data_gap,"UI blank, DB=None",2026-07-07T20:50:44
큐리언트,01042650,분기x별도,revenue,2020 CQ2,data_gap,"UI blank, DB=None",2026-07-07T20:50:44
큐리언트,01042650,분기x별도,revenue,2020 CQ3,data_gap,"UI blank, DB=None",2026-07-07T20:50:44
큐리언트,01042650,분기x별도,revenue,2020 CQ4,data_gap,"UI blank, DB=None",2026-07-07T20:50:44
큐리언트,01042650,분기x별도,revenue,2021 CQ1,data_gap,"UI blank, DB=None",2026-07-07T20:50:44
큐리언트,01042650,분기x별도,revenue,2021 CQ2,data_gap,"UI blank, DB=None",2026-07-07T20:50:44
큐리언트,01042650,분기x별도,revenue,2021 CQ3,data_gap,"UI blank, DB=None",2026-07-07T20:50:44
큐리언트,01042650,분기x별도,operating_income,2014 CQ2,data_gap,"UI blank, DB=None",2026-07-07T20:50:44
큐리언트,01042650,분기x별도,operating_income,2014 CQ3,data_gap,"UI blank, DB=None",2026-07-07T20:50:44
큐리언트,01042650,분기x별도,operating_income,2014 CQ4,data_gap,"UI blank, DB=None",2026-07-07T20:50:44
큐브엔터,00985686,분기x연결,revenue,2014 CQ2,data_gap,"UI blank, DB=None",2026-07-07T20:52:10
큐브엔터,00985686,분기x연결,revenue,2014 CQ3,data_gap,"UI blank, DB=None",2026-07-07T20:52:10
큐브엔터,00985686,분기x연결,revenue,2014 CQ4,data_gap,"UI blank, DB=None",2026-07-07T20:52:10
큐브엔터,00985686,분기x연결,operating_income,2014 CQ2,data_gap,"UI blank, DB=None",2026-07-07T20:52:10
큐브엔터,00985686,분기x연결,operating_income,2014 CQ3,data_gap,"UI blank, DB=None",2026-07-07T20:52:10
큐브엔터,00985686,분기x연결,operating_income,2014 CQ4,data_gap,"UI blank, DB=None",2026-07-07T20:52:10
큐브엔터,00985686,분기x별도,revenue,2013 CQ4,data_gap,"UI blank, DB=None",2026-07-07T20:52:17
큐브엔터,00985686,분기x별도,revenue,2014 CQ1,data_gap,"UI blank, DB=None",2026-07-07T20:52:17
큐브엔터,00985686,분기x별도,revenue,2014 CQ2,data_gap,"UI blank, DB=None",2026-07-07T20:52:17
큐브엔터,00985686,분기x별도,revenue,2014 CQ3,data_gap,"UI blank, DB=None",2026-07-07T20:52:17
큐브엔터,00985686,분기x별도,revenue,2014 CQ4,data_gap,"UI blank, DB=None",2026-07-07T20:52:17
큐브엔터,00985686,분기x별도,operating_income,2013 CQ4,data_gap,"UI blank, DB=None",2026-07-07T20:52:17
큐캐피탈,00267942,연간x연결,revenue,2024,data_gap,"UI blank, DB=None",2026-07-07T20:54:06
큐캐피탈,00267942,연간x별도,revenue,2024,data_gap,"UI blank, DB=None",2026-07-07T20:54:11
큐캐피탈,00267942,분기x연결,revenue,2004 CQ2,data_gap,"UI blank, DB=None",2026-07-07T20:54:18
큐캐피탈,00267942,분기x연결,revenue,2004 CQ3,data_gap,"UI blank, DB=None",2026-07-07T20:54:18
큐캐피탈,00267942,분기x연결,revenue,2005 CQ2,data_gap,"UI blank, DB=None",2026-07-07T20:54:18
큐캐피탈,00267942,분기x연결,revenue,2005 CQ3,data_gap,"UI blank, DB=None",2026-07-07T20:54:18
큐캐피탈,00267942,분기x연결,revenue,2006 CQ2,data_gap,"UI blank, DB=None",2026-07-07T20:54:18
큐캐피탈,00267942,분기x연결,operating_income,2004 CQ2,data_gap,"UI blank, DB=None",2026-07-07T20:54:18
큐캐피탈,00267942,분기x연결,operating_income,2004 CQ3,data_gap,"UI blank, DB=None",2026-07-07T20:54:18
큐캐피탈,00267942,분기x연결,operating_income,2005 CQ2,data_gap,"UI blank, DB=None",2026-07-07T20:54:18
큐캐피탈,00267942,분기x연결,operating_income,2005 CQ3,data_gap,"UI blank, DB=None",2026-07-07T20:54:18
큐캐피탈,00267942,분기x별도,revenue,2004 CQ2,data_gap,"UI blank, DB=None",2026-07-07T20:54:25
큐캐피탈,00267942,분기x별도,revenue,2004 CQ3,data_gap,"UI blank, DB=None",2026-07-07T20:54:25
큐캐피탈,00267942,분기x별도,revenue,2005 CQ2,data_gap,"UI blank, DB=None",2026-07-07T20:54:25
큐캐피탈,00267942,분기x별도,revenue,2005 CQ3,data_gap,"UI blank, DB=None",2026-07-07T20:54:25
큐캐피탈,00267942,분기x별도,revenue,2006 CQ2,data_gap,"UI blank, DB=None",2026-07-07T20:54:25
큐캐피탈,00267942,분기x별도,operating_income,2004 CQ2,data_gap,"UI blank, DB=None",2026-07-07T20:54:25
큐캐피탈,00267942,분기x별도,operating_income,2004 CQ3,data_gap,"UI blank, DB=None",2026-07-07T20:54:25
큐캐피탈,00267942,분기x별도,operating_income,2005 CQ2,data_gap,"UI blank, DB=None",2026-07-07T20:54:25
큐캐피탈,00267942,분기x별도,operating_income,2005 CQ3,data_gap,"UI blank, DB=None",2026-07-07T20:54:25
크리스탈신소재,01107665,분기x연결,revenue,2014 CQ2,data_gap,"UI blank, DB=None",2026-07-07T20:56:24
크리스탈신소재,01107665,분기x연결,revenue,2014 CQ3,data_gap,"UI blank, DB=None",2026-07-07T20:56:24
크리스탈신소재,01107665,분기x연결,revenue,2014 CQ4,data_gap,"UI blank, DB=None",2026-07-07T20:56:24
크리스탈신소재,01107665,분기x연결,operating_income,2014 CQ2,data_gap,"UI blank, DB=None",2026-07-07T20:56:24
크리스탈신소재,01107665,분기x연결,operating_income,2014 CQ3,data_gap,"UI blank, DB=None",2026-07-07T20:56:24
크리스탈신소재,01107665,분기x연결,operating_income,2014 CQ4,data_gap,"UI blank, DB=None",2026-07-07T20:56:24
크리스탈신소재,01107665,분기x별도,revenue,2014 CQ2,data_gap,"UI blank, DB=None",2026-07-07T20:56:31
크리스탈신소재,01107665,분기x별도,revenue,2014 CQ3,data_gap,"UI blank, DB=None",2026-07-07T20:56:31
크리스탈신소재,01107665,분기x별도,revenue,2014 CQ4,data_gap,"UI blank, DB=None",2026-07-07T20:56:31
크리스탈신소재,01107665,분기x별도,operating_income,2014 CQ2,data_gap,"UI blank, DB=None",2026-07-07T20:56:31
크리스탈신소재,01107665,분기x별도,operating_income,2014 CQ3,data_gap,"UI blank, DB=None",2026-07-07T20:56:31
크리스탈신소재,01107665,분기x별도,operating_income,2014 CQ4,data_gap,"UI blank, DB=None",2026-07-07T20:56:31
클래시스,01061327,연간x별도,revenue,2016,data_gap,"UI blank, DB=None",2026-07-07T20:57:22
클래시스,01061327,분기x별도,revenue,2016 CQ1,data_gap,"UI blank, DB=None",2026-07-07T20:57:35
클래시스,01061327,분기x별도,revenue,2016 CQ2,data_gap,"UI blank, DB=None",2026-07-07T20:57:35
클래시스,01061327,분기x별도,revenue,2016 CQ3,data_gap,"UI blank, DB=None",2026-07-07T20:57:35
클래시스,01061327,분기x별도,revenue,2016 CQ4,data_gap,"UI blank, DB=None",2026-07-07T20:57:35
클래시스,01061327,분기x별도,revenue,2017 CQ1,data_gap,"UI blank, DB=None",2026-07-07T20:57:35
클래시스,01061327,분기x별도,revenue,2017 CQ2,data_gap,"UI blank, DB=None",2026-07-07T20:57:35
클래시스,01061327,분기x별도,revenue,2017 CQ3,data_gap,"UI blank, DB=None",2026-07-07T20:57:35
클래시스,01061327,분기x별도,revenue,2017 CQ4,data_gap,"UI blank, DB=None",2026-07-07T20:57:35
키이스트,00353762,분기x연결,revenue,2011 CQ2,data_gap,"UI blank, DB=None",2026-07-07T21:00:09
키이스트,00353762,분기x연결,revenue,2011 CQ3,data_gap,"UI blank, DB=None",2026-07-07T21:00:09
키이스트,00353762,분기x연결,operating_income,2011 CQ2,data_gap,"UI blank, DB=None",2026-07-07T21:00:09
키이스트,00353762,분기x연결,operating_income,2011 CQ3,data_gap,"UI blank, DB=None",2026-07-07T21:00:09
키이스트,00353762,분기x별도,revenue,2011 CQ1,data_gap,"UI blank, DB=None",2026-07-07T21:00:16
키이스트,00353762,분기x별도,revenue,2011 CQ2,data_gap,"UI blank, DB=None",2026-07-07T21:00:16
키이스트,00353762,분기x별도,revenue,2011 CQ3,data_gap,"UI blank, DB=None",2026-07-07T21:00:16
키이스트,00353762,분기x별도,revenue,2011 CQ4,data_gap,"UI blank, DB=None",2026-07-07T21:00:16
타이거일렉,00617314,분기x별도,revenue,2014 CQ2,data_gap,"UI blank, DB=None",2026-07-07T21:01:20
타이거일렉,00617314,분기x별도,revenue,2014 CQ3,data_gap,"UI blank, DB=None",2026-07-07T21:01:20
타이거일렉,00617314,분기x별도,operating_income,2014 CQ2,data_gap,"UI blank, DB=None",2026-07-07T21:01:20
타이거일렉,00617314,분기x별도,operating_income,2014 CQ3,data_gap,"UI blank, DB=None",2026-07-07T21:01:20
태성,01366000,분기x별도,revenue,2020 CQ2,data_gap,"UI blank, DB=None",2026-07-07T21:04:32
태성,01366000,분기x별도,revenue,2020 CQ3,data_gap,"UI blank, DB=None",2026-07-07T21:04:32
태성,01366000,분기x별도,revenue,2020 CQ4,data_gap,"UI blank, DB=None",2026-07-07T21:04:32
태성,01366000,분기x별도,revenue,2021 CQ1,data_gap,"UI blank, DB=None",2026-07-07T21:04:32
태성,01366000,분기x별도,revenue,2021 CQ2,data_gap,"UI blank, DB=None",2026-07-07T21:04:32
태성,01366000,분기x별도,revenue,2021 CQ3,data_gap,"UI blank, DB=None",2026-07-07T21:04:32
태성,01366000,분기x별도,revenue,2021 CQ4,data_gap,"UI blank, DB=None",2026-07-07T21:04:32
태성,01366000,분기x별도,revenue,2022 CQ1,data_gap,"UI blank, DB=None",2026-07-07T21:04:32
태성,01366000,분기x별도,revenue,2022 CQ2,data_gap,"UI blank, DB=None",2026-07-07T21:04:32
태양,00186717,연간x별도,revenue,2002,data_gap,"UI blank, DB=None",2026-07-07T21:04:51
태양,00186717,연간x별도,operating_income,2002,data_gap,"UI blank, DB=None",2026-07-07T21:04:51
태웅,00186799,연간x연결,revenue,2002,data_gap,"UI blank, DB=None",2026-07-07T21:05:18
태웅,00186799,연간x연결,revenue,2003,data_gap,"UI blank, DB=None",2026-07-07T21:05:18
태웅,00186799,연간x연결,operating_income,2002,data_gap,"UI blank, DB=None",2026-07-07T21:05:18
태웅,00186799,연간x연결,operating_income,2003,data_gap,"UI blank, DB=None",2026-07-07T21:05:18
태웅,00186799,연간x별도,revenue,2002,data_gap,"UI blank, DB=None",2026-07-07T21:05:23
태웅,00186799,연간x별도,revenue,2003,data_gap,"UI blank, DB=None",2026-07-07T21:05:23
태웅,00186799,연간x별도,operating_income,2002,data_gap,"UI blank, DB=None",2026-07-07T21:05:23
태웅,00186799,연간x별도,operating_income,2003,data_gap,"UI blank, DB=None",2026-07-07T21:05:23
테라사이언스,00373021,분기x연결,revenue,2011 CQ2,data_gap,"UI blank, DB=None",2026-07-07T21:07:26
테라사이언스,00373021,분기x연결,revenue,2011 CQ3,data_gap,"UI blank, DB=None",2026-07-07T21:07:26
테라사이언스,00373021,분기x연결,revenue,2011 CQ4,data_gap,"UI blank, DB=None",2026-07-07T21:07:26
테라사이언스,00373021,분기x연결,operating_income,2011 CQ2,data_gap,"UI blank, DB=None",2026-07-07T21:07:26
테라사이언스,00373021,분기x연결,operating_income,2011 CQ3,data_gap,"UI blank, DB=None",2026-07-07T21:07:26
테라사이언스,00373021,분기x연결,operating_income,2011 CQ4,data_gap,"UI blank, DB=None",2026-07-07T21:07:26
테라젠이텍스,00249894,분기x별도,operating_income,2007 CQ1,data_gap,"UI blank, DB=None",2026-07-07T21:08:06
테라젠이텍스,00249894,분기x별도,operating_income,2007 CQ2,data_gap,"UI blank, DB=None",2026-07-07T21:08:06
테크엘,00370255,연간x별도,revenue,2002,data_gap,"UI blank, DB=None",2026-07-07T21:08:58
테크엘,00370255,연간x별도,operating_income,2005,data_gap,"UI blank, DB=None",2026-07-07T21:08:58
테크엘,00370255,연간x별도,operating_income,2011,data_gap,"UI blank, DB=None",2026-07-07T21:08:58
테크엘,00370255,분기x별도,operating_income,2011 CQ4,data_gap,"UI blank, DB=None",2026-07-07T21:09:12
텔레칩스,00423177,연간x별도,revenue,2006,data_gap,"UI blank, DB=None",2026-07-07T21:10:03
텔레칩스,00423177,연간x별도,operating_income,2006,data_gap,"UI blank, DB=None",2026-07-07T21:10:03
토박스코리아,01064069,분기x별도,revenue,2016 CQ2,data_gap,"UI blank, DB=None",2026-07-07T21:11:52
토박스코리아,01064069,분기x별도,revenue,2016 CQ3,data_gap,"UI blank, DB=None",2026-07-07T21:11:52
토박스코리아,01064069,분기x별도,revenue,2016 CQ4,data_gap,"UI blank, DB=None",2026-07-07T21:11:52
토박스코리아,01064069,분기x별도,revenue,2017 CQ1,data_gap,"UI blank, DB=None",2026-07-07T21:11:52
토박스코리아,01064069,분기x별도,revenue,2017 CQ2,data_gap,"UI blank, DB=None",2026-07-07T21:11:52
토박스코리아,01064069,분기x별도,operating_income,2014 CQ3,data_gap,"UI blank, DB=None",2026-07-07T21:11:52
토박스코리아,01064069,분기x별도,operating_income,2014 CQ4,data_gap,"UI blank, DB=None",2026-07-07T21:11:52
톱텍,00531917,분기x별도,revenue,2010 CQ2,data_gap,"UI blank, DB=None",2026-07-07T21:13:28
톱텍,00531917,분기x별도,revenue,2010 CQ3,data_gap,"UI blank, DB=None",2026-07-07T21:13:28
톱텍,00531917,분기x별도,operating_income,2010 CQ2,data_gap,"UI blank, DB=None",2026-07-07T21:13:28
톱텍,00531917,분기x별도,operating_income,2010 CQ3,data_gap,"UI blank, DB=None",2026-07-07T21:13:28
티사이언티픽,00372688,연간x별도,operating_income,2005,data_gap,"UI blank, DB=None",2026-07-07T21:17:31
티사이언티픽,00372688,분기x연결,revenue,2014 CQ2,data_gap,"UI blank, DB=None",2026-07-07T21:17:37
티사이언티픽,00372688,분기x연결,revenue,2014 CQ3,data_gap,"UI blank, DB=None",2026-07-07T21:17:37
티사이언티픽,00372688,분기x연결,revenue,2014 CQ4,data_gap,"UI blank, DB=None",2026-07-07T21:17:37
티사이언티픽,00372688,분기x연결,operating_income,2014 CQ2,data_gap,"UI blank, DB=None",2026-07-07T21:17:37
티사이언티픽,00372688,분기x연결,operating_income,2014 CQ3,data_gap,"UI blank, DB=None",2026-07-07T21:17:37
티사이언티픽,00372688,분기x연결,operating_income,2014 CQ4,data_gap,"UI blank, DB=None",2026-07-07T21:17:37
티사이언티픽,00372688,분기x별도,revenue,2006 CQ1,data_gap,"UI blank, DB=None",2026-07-07T21:17:44
티사이언티픽,00372688,분기x별도,revenue,2006 CQ2,data_gap,"UI blank, DB=None",2026-07-07T21:17:44
티씨케이,00245472,연간x연결,revenue,2002,data_gap,"UI blank, DB=None",2026-07-07T21:19:01
티씨케이,00245472,연간x연결,operating_income,2002,data_gap,"UI blank, DB=None",2026-07-07T21:19:01
티씨케이,00245472,연간x별도,revenue,2002,data_gap,"UI blank, DB=None",2026-07-07T21:19:06
티씨케이,00245472,연간x별도,operating_income,2002,data_gap,"UI blank, DB=None",2026-07-07T21:19:06
티에스넥스젠,00317487,연간x별도,operating_income,2002,data_gap,"UI blank, DB=None",2026-07-07T21:20:40
티에스넥스젠,00317487,분기x별도,operating_income,2007 CQ1,data_gap,"UI blank, DB=None",2026-07-07T21:20:53
티에스넥스젠,00317487,분기x별도,operating_income,2007 CQ2,data_gap,"UI blank, DB=None",2026-07-07T21:20:53
티에스넥스젠,00317487,분기x별도,operating_income,2007 CQ3,data_gap,"UI blank, DB=None",2026-07-07T21:20:53
티에스아이,01139035,연간x별도,revenue,2018,data_gap,"UI blank, DB=None",2026-07-07T21:21:12
티에스아이,01139035,연간x별도,operating_income,2018,data_gap,"UI blank, DB=None",2026-07-07T21:21:12
티엔엔터테인먼트,00814786,분기x연결,revenue,2011 CQ2,data_gap,"UI blank, DB=None",2026-07-07T21:23:24
티엔엔터테인먼트,00814786,분기x연결,revenue,2011 CQ3,data_gap,"UI blank, DB=None",2026-07-07T21:23:24
티엔엔터테인먼트,00814786,분기x연결,revenue,2011 CQ4,data_gap,"UI blank, DB=None",2026-07-07T21:23:24
티엔엔터테인먼트,00814786,분기x연결,operating_income,2011 CQ2,data_gap,"UI blank, DB=None",2026-07-07T21:23:24
티엔엔터테인먼트,00814786,분기x연결,operating_income,2011 CQ3,data_gap,"UI blank, DB=None",2026-07-07T21:23:24
티엔엔터테인먼트,00814786,분기x연결,operating_income,2011 CQ4,data_gap,"UI blank, DB=None",2026-07-07T21:23:24
티움바이오,01335930,연간x연결,revenue,2024,data_gap,"UI blank, DB=None",2026-07-07T21:24:17
티움바이오,01335930,연간x별도,revenue,2024,data_gap,"UI blank, DB=None",2026-07-07T21:24:22
티움바이오,01335930,분기x연결,revenue,2019 CQ2,data_gap,"UI blank, DB=None",2026-07-07T21:24:28
티움바이오,01335930,분기x연결,revenue,2019 CQ3,data_gap,"UI blank, DB=None",2026-07-07T21:24:28
티움바이오,01335930,분기x연결,revenue,2019 CQ4,data_gap,"UI blank, DB=None",2026-07-07T21:24:28
티움바이오,01335930,분기x연결,revenue,2024 CQ4,data_gap,"UI blank, DB=None",2026-07-07T21:24:28
티움바이오,01335930,분기x별도,revenue,2019 CQ2,data_gap,"UI blank, DB=None",2026-07-07T21:24:35
티움바이오,01335930,분기x별도,revenue,2019 CQ3,data_gap,"UI blank, DB=None",2026-07-07T21:24:35
티움바이오,01335930,분기x별도,revenue,2019 CQ4,data_gap,"UI blank, DB=None",2026-07-07T21:24:35
티움바이오,01335930,분기x별도,revenue,2021 CQ2,data_gap,"UI blank, DB=None",2026-07-07T21:24:35
티움바이오,01335930,분기x별도,revenue,2021 CQ3,data_gap,"UI blank, DB=None",2026-07-07T21:24:35
티움바이오,01335930,분기x별도,revenue,2021 CQ4,data_gap,"UI blank, DB=None",2026-07-07T21:24:35
티움바이오,01335930,분기x별도,revenue,2024 CQ4,data_gap,"UI blank, DB=None",2026-07-07T21:24:35
티케이지애강,00140061,분기x연결,revenue,2011 CQ2,data_gap,"UI blank, DB=None",2026-07-07T21:26:01
티케이지애강,00140061,분기x연결,revenue,2011 CQ3,data_gap,"UI blank, DB=None",2026-07-07T21:26:01
티케이지애강,00140061,분기x연결,revenue,2011 CQ4,data_gap,"UI blank, DB=None",2026-07-07T21:26:01
티케이지애강,00140061,분기x연결,operating_income,2011 CQ2,data_gap,"UI blank, DB=None",2026-07-07T21:26:01
티케이지애강,00140061,분기x연결,operating_income,2011 CQ3,data_gap,"UI blank, DB=None",2026-07-07T21:26:01
티케이지애강,00140061,분기x연결,operating_income,2011 CQ4,data_gap,"UI blank, DB=None",2026-07-07T21:26:01
티케이지애강,00140061,분기x별도,revenue,2005 CQ4,data_gap,"UI blank, DB=None",2026-07-07T21:26:08
티케이지애강,00140061,분기x별도,revenue,2006 CQ1,data_gap,"UI blank, DB=None",2026-07-07T21:26:08
티케이지애강,00140061,분기x별도,revenue,2006 CQ2,data_gap,"UI blank, DB=None",2026-07-07T21:26:08
티케이지애강,00140061,분기x별도,operating_income,2005 CQ4,data_gap,"UI blank, DB=None",2026-07-07T21:26:08
티케이지애강,00140061,분기x별도,operating_income,2006 CQ1,data_gap,"UI blank, DB=None",2026-07-07T21:26:08
티케이지애강,00140061,분기x별도,operating_income,2006 CQ2,data_gap,"UI blank, DB=None",2026-07-07T21:26:08
티플랙스,00497631,분기x연결,revenue,2011 CQ2,data_gap,"UI blank, DB=None",2026-07-07T21:27:04
티플랙스,00497631,분기x연결,revenue,2011 CQ3,data_gap,"UI blank, DB=None",2026-07-07T21:27:04
티플랙스,00497631,분기x연결,revenue,2011 CQ4,data_gap,"UI blank, DB=None",2026-07-07T21:27:04
티플랙스,00497631,분기x연결,operating_income,2011 CQ2,data_gap,"UI blank, DB=None",2026-07-07T21:27:04
티플랙스,00497631,분기x연결,operating_income,2011 CQ3,data_gap,"UI blank, DB=None",2026-07-07T21:27:04
티플랙스,00497631,분기x연결,operating_income,2011 CQ4,data_gap,"UI blank, DB=None",2026-07-07T21:27:04
팅크웨어,00438036,연간x별도,revenue,2005,data_gap,"UI blank, DB=None",2026-07-07T21:28:02
팅크웨어,00438036,연간x별도,operating_income,2005,data_gap,"UI blank, DB=None",2026-07-07T21:28:02
파라택시스코리아,01227039,분기x연결,revenue,2019 CQ2,data_gap,"UI blank, DB=None",2026-07-07T21:29:44
파라택시스코리아,01227039,분기x연결,revenue,2019 CQ3,data_gap,"UI blank, DB=None",2026-07-07T21:29:44
파라택시스코리아,01227039,분기x연결,revenue,2024 CQ1,data_gap,"UI blank, DB=None",2026-07-07T21:29:44
파라택시스코리아,01227039,분기x연결,revenue,2024 CQ2,data_gap,"UI blank, DB=None",2026-07-07T21:29:44
파라택시스코리아,01227039,분기x별도,revenue,2019 CQ2,data_gap,"UI blank, DB=None",2026-07-07T21:29:51
파라택시스코리아,01227039,분기x별도,revenue,2019 CQ3,data_gap,"UI blank, DB=None",2026-07-07T21:29:51
파로스아이바이오,01495180,분기x연결,revenue,2024 CQ1,data_gap,"UI blank, DB=None",2026-07-07T21:30:48
파로스아이바이오,01495180,분기x연결,revenue,2024 CQ2,data_gap,"UI blank, DB=None",2026-07-07T21:30:48
파로스아이바이오,01495180,분기x연결,revenue,2024 CQ3,data_gap,"UI blank, DB=None",2026-07-07T21:30:48
파로스아이바이오,01495180,분기x연결,revenue,2024 CQ4,data_gap,"UI blank, DB=None",2026-07-07T21:30:48
파로스아이바이오,01495180,분기x별도,revenue,2024 CQ1,data_gap,"UI blank, DB=None",2026-07-07T21:30:55
파로스아이바이오,01495180,분기x별도,revenue,2024 CQ2,data_gap,"UI blank, DB=None",2026-07-07T21:30:55
파로스아이바이오,01495180,분기x별도,revenue,2024 CQ3,data_gap,"UI blank, DB=None",2026-07-07T21:30:55
파로스아이바이오,01495180,분기x별도,revenue,2024 CQ4,data_gap,"UI blank, DB=None",2026-07-07T21:30:55
파마리서치,00970453,분기x별도,revenue,2014 CQ2,data_gap,"UI blank, DB=None",2026-07-07T21:31:59
파마리서치,00970453,분기x별도,revenue,2014 CQ3,data_gap,"UI blank, DB=None",2026-07-07T21:31:59
파마리서치,00970453,분기x별도,operating_income,2014 CQ2,data_gap,"UI blank, DB=None",2026-07-07T21:31:59
파마리서치,00970453,분기x별도,operating_income,2014 CQ3,data_gap,"UI blank, DB=None",2026-07-07T21:31:59
파버나인,00429694,분기x연결,revenue,2014 CQ2,data_gap,"UI blank, DB=None",2026-07-07T21:32:24
파버나인,00429694,분기x연결,revenue,2014 CQ3,data_gap,"UI blank, DB=None",2026-07-07T21:32:24
파버나인,00429694,분기x연결,revenue,2014 CQ4,data_gap,"UI blank, DB=None",2026-07-07T21:32:24
파버나인,00429694,분기x연결,operating_income,2014 CQ2,data_gap,"UI blank, DB=None",2026-07-07T21:32:24
파버나인,00429694,분기x연결,operating_income,2014 CQ3,data_gap,"UI blank, DB=None",2026-07-07T21:32:24
파버나인,00429694,분기x연결,operating_income,2014 CQ4,data_gap,"UI blank, DB=None",2026-07-07T21:32:24
파세코,00238153,분기x연결,revenue,2005 CQ4,data_gap,"UI blank, DB=None",2026-07-07T21:32:57
파세코,00238153,분기x연결,operating_income,2004 CQ2,data_gap,"UI blank, DB=None",2026-07-07T21:32:57
파세코,00238153,분기x연결,operating_income,2005 CQ4,data_gap,"UI blank, DB=None",2026-07-07T21:32:57
파세코,00238153,분기x연결,operating_income,2006 CQ2,data_gap,"UI blank, DB=None",2026-07-07T21:32:57
파세코,00238153,분기x연결,operating_income,2006 CQ3,data_gap,"UI blank, DB=None",2026-07-07T21:32:57
파세코,00238153,분기x별도,revenue,2005 CQ4,data_gap,"UI blank, DB=None",2026-07-07T21:33:04
파세코,00238153,분기x별도,operating_income,2004 CQ2,data_gap,"UI blank, DB=None",2026-07-07T21:33:04
파세코,00238153,분기x별도,operating_income,2005 CQ4,data_gap,"UI blank, DB=None",2026-07-07T21:33:04
파세코,00238153,분기x별도,operating_income,2006 CQ2,data_gap,"UI blank, DB=None",2026-07-07T21:33:04
파세코,00238153,분기x별도,operating_income,2006 CQ3,data_gap,"UI blank, DB=None",2026-07-07T21:33:04
파워넷,00231354,분기x연결,revenue,2015 CQ3,data_gap,"UI blank, DB=None",2026-07-07T21:33:29
파워넷,00231354,분기x연결,operating_income,2015 CQ3,data_gap,"UI blank, DB=None",2026-07-07T21:33:29
파워넷,00231354,분기x별도,operating_income,2010 CQ3,data_gap,"UI blank, DB=None",2026-07-07T21:33:36
파워넷,00231354,분기x별도,operating_income,2010 CQ4,data_gap,"UI blank, DB=None",2026-07-07T21:33:36
파이버프로,01513440,분기x별도,revenue,2021 CQ1,data_gap,"UI blank, DB=None",2026-07-07T21:34:40
파이버프로,01513440,분기x별도,revenue,2021 CQ2,data_gap,"UI blank, DB=None",2026-07-07T21:34:40
파이버프로,01513440,분기x별도,revenue,2021 CQ3,data_gap,"UI blank, DB=None",2026-07-07T21:34:40
파이버프로,01513440,분기x별도,revenue,2021 CQ4,data_gap,"UI blank, DB=None",2026-07-07T21:34:40
파인디지털,00264732,연간x연결,revenue,2007,data_gap,"UI blank, DB=None",2026-07-07T21:36:31
파인디지털,00264732,연간x연결,revenue,2009,data_gap,"UI blank, DB=None",2026-07-07T21:36:31
파인디지털,00264732,연간x별도,operating_income,2006,data_gap,"UI blank, DB=None",2026-07-07T21:36:36
파인디지털,00264732,분기x연결,revenue,2011 CQ2,data_gap,"UI blank, DB=None",2026-07-07T21:36:43
파인디지털,00264732,분기x연결,revenue,2011 CQ3,data_gap,"UI blank, DB=None",2026-07-07T21:36:43
파인디지털,00264732,분기x연결,revenue,2011 CQ4,data_gap,"UI blank, DB=None",2026-07-07T21:36:43
파인디지털,00264732,분기x연결,operating_income,2006 CQ4,data_gap,"UI blank, DB=None",2026-07-07T21:36:43
파인디지털,00264732,분기x연결,operating_income,2008 CQ4,data_gap,"UI blank, DB=None",2026-07-07T21:36:43
파인디지털,00264732,분기x연결,operating_income,2011 CQ2,data_gap,"UI blank, DB=None",2026-07-07T21:36:43
파인디지털,00264732,분기x연결,operating_income,2011 CQ3,data_gap,"UI blank, DB=None",2026-07-07T21:36:43
파인디지털,00264732,분기x연결,operating_income,2011 CQ4,data_gap,"UI blank, DB=None",2026-07-07T21:36:43
파인디지털,00264732,분기x별도,revenue,2005 CQ1,data_gap,"UI blank, DB=None",2026-07-07T21:36:50
파인디지털,00264732,분기x별도,revenue,2005 CQ2,data_gap,"UI blank, DB=None",2026-07-07T21:36:50
파인디지털,00264732,분기x별도,operating_income,2004 CQ3,data_gap,"UI blank, DB=None",2026-07-07T21:36:50
파인디지털,00264732,분기x별도,operating_income,2004 CQ4,data_gap,"UI blank, DB=None",2026-07-07T21:36:50
파인디지털,00264732,분기x별도,operating_income,2005 CQ1,data_gap,"UI blank, DB=None",2026-07-07T21:36:50
파인디지털,00264732,분기x별도,operating_income,2005 CQ2,data_gap,"UI blank, DB=None",2026-07-07T21:36:50
파인디지털,00264732,분기x별도,operating_income,2006 CQ4,data_gap,"UI blank, DB=None",2026-07-07T21:36:50
파인텍,00820352,분기x연결,revenue,2014 CQ2,data_gap,"UI blank, DB=None",2026-07-07T21:38:53
파인텍,00820352,분기x연결,revenue,2014 CQ3,data_gap,"UI blank, DB=None",2026-07-07T21:38:53
파인텍,00820352,분기x연결,operating_income,2014 CQ2,data_gap,"UI blank, DB=None",2026-07-07T21:38:53
파인텍,00820352,분기x연결,operating_income,2014 CQ3,data_gap,"UI blank, DB=None",2026-07-07T21:38:53
파인텍,00820352,분기x별도,revenue,2014 CQ2,data_gap,"UI blank, DB=None",2026-07-07T21:39:00
파인텍,00820352,분기x별도,revenue,2014 CQ3,data_gap,"UI blank, DB=None",2026-07-07T21:39:00
파인텍,00820352,분기x별도,operating_income,2014 CQ2,data_gap,"UI blank, DB=None",2026-07-07T21:39:00
파인텍,00820352,분기x별도,operating_income,2014 CQ3,data_gap,"UI blank, DB=None",2026-07-07T21:39:00
파커스,00384762,연간x별도,revenue,2005,data_gap,"UI blank, DB=None",2026-07-07T21:39:19
파커스,00384762,연간x별도,operating_income,2005,data_gap,"UI blank, DB=None",2026-07-07T21:39:19
파커스,00384762,분기x별도,revenue,2005 CQ4,data_gap,"UI blank, DB=None",2026-07-07T21:39:33
파커스,00384762,분기x별도,operating_income,2005 CQ4,data_gap,"UI blank, DB=None",2026-07-07T21:39:33
파크시스템스,00244747,분기x연결,revenue,2014 CQ2,data_gap,"UI blank, DB=None",2026-07-07T21:39:58
파크시스템스,00244747,분기x연결,revenue,2014 CQ3,data_gap,"UI blank, DB=None",2026-07-07T21:39:58
파크시스템스,00244747,분기x연결,revenue,2014 CQ4,data_gap,"UI blank, DB=None",2026-07-07T21:39:58
파크시스템스,00244747,분기x연결,operating_income,2014 CQ2,data_gap,"UI blank, DB=None",2026-07-07T21:39:58
파크시스템스,00244747,분기x연결,operating_income,2014 CQ3,data_gap,"UI blank, DB=None",2026-07-07T21:39:58
파크시스템스,00244747,분기x연결,operating_income,2014 CQ4,data_gap,"UI blank, DB=None",2026-07-07T21:39:58
파크시스템스,00244747,분기x별도,revenue,2014 CQ2,data_gap,"UI blank, DB=None",2026-07-07T21:40:05
파크시스템스,00244747,분기x별도,revenue,2014 CQ3,data_gap,"UI blank, DB=None",2026-07-07T21:40:05
파크시스템스,00244747,분기x별도,revenue,2014 CQ4,data_gap,"UI blank, DB=None",2026-07-07T21:40:05
파크시스템스,00244747,분기x별도,operating_income,2014 CQ2,data_gap,"UI blank, DB=None",2026-07-07T21:40:05
파크시스템스,00244747,분기x별도,operating_income,2014 CQ3,data_gap,"UI blank, DB=None",2026-07-07T21:40:05
파크시스템스,00244747,분기x별도,operating_income,2014 CQ4,data_gap,"UI blank, DB=None",2026-07-07T21:40:05
파트론,00490151,연간x별도,revenue,2005,data_gap,"UI blank, DB=None",2026-07-07T21:40:25
파트론,00490151,연간x별도,operating_income,2005,data_gap,"UI blank, DB=None",2026-07-07T21:40:25
판타지오,00231691,분기x별도,operating_income,2006 CQ3,data_gap,"UI blank, DB=None",2026-07-07T21:41:11
팜스토리,00192499,분기x연결,revenue,2011 CQ2,data_gap,"UI blank, DB=None",2026-07-07T21:42:09
팜스토리,00192499,분기x연결,revenue,2011 CQ3,data_gap,"UI blank, DB=None",2026-07-07T21:42:09
팜스토리,00192499,분기x연결,revenue,2011 CQ4,data_gap,"UI blank, DB=None",2026-07-07T21:42:09
팜스토리,00192499,분기x연결,operating_income,2007 CQ1,data_gap,"UI blank, DB=None",2026-07-07T21:42:09
팜스토리,00192499,분기x연결,operating_income,2007 CQ2,data_gap,"UI blank, DB=None",2026-07-07T21:42:09
팜스토리,00192499,분기x연결,operating_income,2007 CQ3,data_gap,"UI blank, DB=None",2026-07-07T21:42:09
팜스토리,00192499,분기x연결,operating_income,2011 CQ2,data_gap,"UI blank, DB=None",2026-07-07T21:42:09
팜스토리,00192499,분기x연결,operating_income,2011 CQ3,data_gap,"UI blank, DB=None",2026-07-07T21:42:09
팜스토리,00192499,분기x연결,operating_income,2011 CQ4,data_gap,"UI blank, DB=None",2026-07-07T21:42:09
팬젠,00962922,분기x연결,revenue,2014 CQ2,data_gap,"UI blank, DB=None",2026-07-07T21:44:16
팬젠,00962922,분기x연결,revenue,2014 CQ3,data_gap,"UI blank, DB=None",2026-07-07T21:44:16
팬젠,00962922,분기x연결,revenue,2014 CQ4,data_gap,"UI blank, DB=None",2026-07-07T21:44:16
팬젠,00962922,분기x연결,operating_income,2014 CQ2,data_gap,"UI blank, DB=None",2026-07-07T21:44:16
팬젠,00962922,분기x연결,operating_income,2014 CQ3,data_gap,"UI blank, DB=None",2026-07-07T21:44:16
팬젠,00962922,분기x연결,operating_income,2014 CQ4,data_gap,"UI blank, DB=None",2026-07-07T21:44:16
팬젠,00962922,분기x별도,revenue,2014 CQ2,data_gap,"UI blank, DB=None",2026-07-07T21:44:24
팬젠,00962922,분기x별도,revenue,2014 CQ3,data_gap,"UI blank, DB=None",2026-07-07T21:44:24
팬젠,00962922,분기x별도,revenue,2014 CQ4,data_gap,"UI blank, DB=None",2026-07-07T21:44:24
팬젠,00962922,분기x별도,operating_income,2014 CQ2,data_gap,"UI blank, DB=None",2026-07-07T21:44:24
팬젠,00962922,분기x별도,operating_income,2014 CQ3,data_gap,"UI blank, DB=None",2026-07-07T21:44:24
팬젠,00962922,분기x별도,operating_income,2014 CQ4,data_gap,"UI blank, DB=None",2026-07-07T21:44:24
팸텍,01146220,연간x별도,revenue,2018,data_gap,"UI blank, DB=None",2026-07-07T21:44:41
팸텍,01146220,연간x별도,revenue,2020,data_gap,"UI blank, DB=None",2026-07-07T21:44:41
팸텍,01146220,연간x별도,operating_income,2018,data_gap,"UI blank, DB=None",2026-07-07T21:44:41
팸텍,01146220,연간x별도,operating_income,2020,data_gap,"UI blank, DB=None",2026-07-07T21:44:41
팸텍,01146220,분기x별도,revenue,2018 CQ4,data_gap,"UI blank, DB=None",2026-07-07T21:44:55
팸텍,01146220,분기x별도,operating_income,2018 CQ4,data_gap,"UI blank, DB=None",2026-07-07T21:44:55
포니링크,00392691,분기x별도,revenue,2005 CQ4,data_gap,"UI blank, DB=None",2026-07-07T21:48:36
포니링크,00392691,분기x별도,revenue,2006 CQ1,data_gap,"UI blank, DB=None",2026-07-07T21:48:36
포니링크,00392691,분기x별도,revenue,2006 CQ2,data_gap,"UI blank, DB=None",2026-07-07T21:48:36
포니링크,00392691,분기x별도,revenue,2006 CQ3,data_gap,"UI blank, DB=None",2026-07-07T21:48:36
포니링크,00392691,분기x별도,operating_income,2005 CQ4,data_gap,"UI blank, DB=None",2026-07-07T21:48:36
포니링크,00392691,분기x별도,operating_income,2006 CQ1,data_gap,"UI blank, DB=None",2026-07-07T21:48:36
포니링크,00392691,분기x별도,operating_income,2006 CQ2,data_gap,"UI blank, DB=None",2026-07-07T21:48:36
포니링크,00392691,분기x별도,operating_income,2006 CQ3,data_gap,"UI blank, DB=None",2026-07-07T21:48:36
포스코엠텍,00128111,연간x연결,revenue,2009,data_gap,"UI blank, DB=None",2026-07-07T21:50:25
포스코엠텍,00128111,연간x연결,operating_income,2009,data_gap,"UI blank, DB=None",2026-07-07T21:50:25
포스코엠텍,00128111,분기x연결,revenue,2011 CQ2,data_gap,"UI blank, DB=None",2026-07-07T21:50:36
포스코엠텍,00128111,분기x연결,revenue,2011 CQ3,data_gap,"UI blank, DB=None",2026-07-07T21:50:36
포스코엠텍,00128111,분기x연결,revenue,2011 CQ4,data_gap,"UI blank, DB=None",2026-07-07T21:50:36
포스코엠텍,00128111,분기x연결,operating_income,2011 CQ2,data_gap,"UI blank, DB=None",2026-07-07T21:50:36
포스코엠텍,00128111,분기x연결,operating_income,2011 CQ3,data_gap,"UI blank, DB=None",2026-07-07T21:50:36
포스코엠텍,00128111,분기x연결,operating_income,2011 CQ4,data_gap,"UI blank, DB=None",2026-07-07T21:50:36
포스코엠텍,00128111,분기x별도,operating_income,2011 CQ1,data_gap,"UI blank, DB=None",2026-07-07T21:50:44
포스코엠텍,00128111,분기x별도,operating_income,2011 CQ2,data_gap,"UI blank, DB=None",2026-07-07T21:50:44
포스코엠텍,00128111,분기x별도,operating_income,2011 CQ3,data_gap,"UI blank, DB=None",2026-07-07T21:50:44
포스코엠텍,00128111,분기x별도,operating_income,2011 CQ4,data_gap,"UI blank, DB=None",2026-07-07T21:50:44
포시에스,00939942,분기x연결,revenue,2014 CQ3,data_gap,"UI blank, DB=None",2026-07-07T21:51:06
포시에스,00939942,분기x연결,operating_income,2014 CQ3,data_gap,"UI blank, DB=None",2026-07-07T21:51:06
포시에스,00939942,분기x별도,revenue,2014 CQ3,data_gap,"UI blank, DB=None",2026-07-07T21:51:13
포시에스,00939942,분기x별도,operating_income,2014 CQ3,data_gap,"UI blank, DB=None",2026-07-07T21:51:13
포톤,01047707,분기x연결,revenue,2014 CQ2,data_gap,"UI blank, DB=None",2026-07-07T21:53:11
포톤,01047707,분기x연결,revenue,2014 CQ3,data_gap,"UI blank, DB=None",2026-07-07T21:53:11
포톤,01047707,분기x연결,revenue,2014 CQ4,data_gap,"UI blank, DB=None",2026-07-07T21:53:11
포톤,01047707,분기x연결,operating_income,2014 CQ2,data_gap,"UI blank, DB=None",2026-07-07T21:53:11
포톤,01047707,분기x연결,operating_income,2014 CQ3,data_gap,"UI blank, DB=None",2026-07-07T21:53:11
포톤,01047707,분기x연결,operating_income,2014 CQ4,data_gap,"UI blank, DB=None",2026-07-07T21:53:11
포톤,01047707,분기x별도,operating_income,2014 CQ2,data_gap,"UI blank, DB=None",2026-07-07T21:53:18
포톤,01047707,분기x별도,operating_income,2014 CQ3,data_gap,"UI blank, DB=None",2026-07-07T21:53:18
푸른로보틱스,00537832,분기x연결,revenue,2011 CQ2,data_gap,"UI blank, DB=None",2026-07-07T21:57:25
푸른로보틱스,00537832,분기x연결,revenue,2011 CQ3,data_gap,"UI blank, DB=None",2026-07-07T21:57:25
푸른로보틱스,00537832,분기x연결,revenue,2011 CQ4,data_gap,"UI blank, DB=None",2026-07-07T21:57:25
푸른로보틱스,00537832,분기x연결,operating_income,2011 CQ2,data_gap,"UI blank, DB=None",2026-07-07T21:57:25
푸른로보틱스,00537832,분기x연결,operating_income,2011 CQ3,data_gap,"UI blank, DB=None",2026-07-07T21:57:25
푸른로보틱스,00537832,분기x연결,operating_income,2011 CQ4,data_gap,"UI blank, DB=None",2026-07-07T21:57:25
푸른저축은행,00124805,연간x연결,revenue,2015,data_gap,"UI blank, DB=None",2026-07-07T21:57:46
푸른저축은행,00124805,연간x연결,operating_income,2015,data_gap,"UI blank, DB=None",2026-07-07T21:57:46
푸른저축은행,00124805,분기x연결,revenue,2014 CQ2,data_gap,"UI blank, DB=None",2026-07-07T21:57:57
푸른저축은행,00124805,분기x연결,revenue,2015 CQ1,data_gap,"UI blank, DB=None",2026-07-07T21:57:57
푸른저축은행,00124805,분기x연결,revenue,2015 CQ2,data_gap,"UI blank, DB=None",2026-07-07T21:57:57
푸른저축은행,00124805,분기x연결,revenue,2015 CQ4,data_gap,"UI blank, DB=None",2026-07-07T21:57:57
푸른저축은행,00124805,분기x연결,operating_income,2014 CQ2,data_gap,"UI blank, DB=None",2026-07-07T21:57:57
푸른저축은행,00124805,분기x연결,operating_income,2015 CQ1,data_gap,"UI blank, DB=None",2026-07-07T21:57:57
푸른저축은행,00124805,분기x연결,operating_income,2015 CQ2,data_gap,"UI blank, DB=None",2026-07-07T21:57:57
푸른저축은행,00124805,분기x연결,operating_income,2015 CQ4,data_gap,"UI blank, DB=None",2026-07-07T21:57:57
풍강,00155373,분기x연결,revenue,2013 CQ2,data_gap,"UI blank, DB=None",2026-07-07T21:58:30
풍강,00155373,분기x연결,revenue,2013 CQ3,data_gap,"UI blank, DB=None",2026-07-07T21:58:30
풍강,00155373,분기x연결,operating_income,2013 CQ2,data_gap,"UI blank, DB=None",2026-07-07T21:58:30
풍강,00155373,분기x연결,operating_income,2013 CQ3,data_gap,"UI blank, DB=None",2026-07-07T21:58:30
플레이위드,00138367,분기x연결,revenue,2011 CQ2,data_gap,"UI blank, DB=None",2026-07-07T22:09:43
플레이위드,00138367,분기x연결,revenue,2011 CQ3,data_gap,"UI blank, DB=None",2026-07-07T22:09:43
플레이위드,00138367,분기x연결,revenue,2011 CQ4,data_gap,"UI blank, DB=None",2026-07-07T22:09:43
플레이위드,00138367,분기x연결,operating_income,2011 CQ2,data_gap,"UI blank, DB=None",2026-07-07T22:09:43
플레이위드,00138367,분기x연결,operating_income,2011 CQ3,data_gap,"UI blank, DB=None",2026-07-07T22:09:43
플레이위드,00138367,분기x연결,operating_income,2011 CQ4,data_gap,"UI blank, DB=None",2026-07-07T22:09:43
플루토스,00110750,연간x별도,revenue,2006,data_gap,"UI blank, DB=None",2026-07-07T22:10:09
플루토스,00110750,연간x별도,operating_income,2003,data_gap,"UI blank, DB=None",2026-07-07T22:10:09
플루토스,00110750,연간x별도,operating_income,2006,data_gap,"UI blank, DB=None",2026-07-07T22:10:09
플루토스,00110750,연간x별도,operating_income,2007,data_gap,"UI blank, DB=None",2026-07-07T22:10:09
플루토스,00110750,분기x연결,revenue,2014 CQ3,data_gap,"UI blank, DB=None",2026-07-07T22:10:15
플루토스,00110750,분기x별도,revenue,2006 CQ1,data_gap,"UI blank, DB=None",2026-07-07T22:10:22
피델릭스,00189538,분기x연결,revenue,2011 CQ2,data_gap,"UI blank, DB=None",2026-07-07T22:11:50
피델릭스,00189538,분기x연결,revenue,2011 CQ3,data_gap,"UI blank, DB=None",2026-07-07T22:11:50
피델릭스,00189538,분기x연결,revenue,2011 CQ4,data_gap,"UI blank, DB=None",2026-07-07T22:11:50
피델릭스,00189538,분기x연결,operating_income,2011 CQ2,data_gap,"UI blank, DB=None",2026-07-07T22:11:50
피델릭스,00189538,분기x연결,operating_income,2011 CQ3,data_gap,"UI blank, DB=None",2026-07-07T22:11:50
피델릭스,00189538,분기x연결,operating_income,2011 CQ4,data_gap,"UI blank, DB=None",2026-07-07T22:11:50
피에스텍,00155638,분기x별도,revenue,2005 CQ3,data_gap,"UI blank, DB=None",2026-07-07T22:16:10
피에스텍,00155638,분기x별도,revenue,2005 CQ4,data_gap,"UI blank, DB=None",2026-07-07T22:16:10
피에스텍,00155638,분기x별도,revenue,2006 CQ1,data_gap,"UI blank, DB=None",2026-07-07T22:16:10
피에스텍,00155638,분기x별도,revenue,2006 CQ2,data_gap,"UI blank, DB=None",2026-07-07T22:16:10
피에스텍,00155638,분기x별도,operating_income,2005 CQ3,data_gap,"UI blank, DB=None",2026-07-07T22:16:10
피에스텍,00155638,분기x별도,operating_income,2005 CQ4,data_gap,"UI blank, DB=None",2026-07-07T22:16:10
피에스텍,00155638,분기x별도,operating_income,2006 CQ1,data_gap,"UI blank, DB=None",2026-07-07T22:16:10
피에스텍,00155638,분기x별도,operating_income,2006 CQ2,data_gap,"UI blank, DB=None",2026-07-07T22:16:10
피에이치에이,00155151,분기x연결,revenue,2011 CQ2,data_gap,"UI blank, DB=None",2026-07-07T22:16:35
피에이치에이,00155151,분기x연결,revenue,2011 CQ3,data_gap,"UI blank, DB=None",2026-07-07T22:16:35
피에이치에이,00155151,분기x연결,revenue,2011 CQ4,data_gap,"UI blank, DB=None",2026-07-07T22:16:35
피에이치에이,00155151,분기x연결,operating_income,2011 CQ2,data_gap,"UI blank, DB=None",2026-07-07T22:16:35
피에이치에이,00155151,분기x연결,operating_income,2011 CQ3,data_gap,"UI blank, DB=None",2026-07-07T22:16:35
피에이치에이,00155151,분기x연결,operating_income,2011 CQ4,data_gap,"UI blank, DB=None",2026-07-07T22:16:35
피엔에이치테크,01112889,연간x연결,revenue,2016,data_gap,"UI blank, DB=None",2026-07-07T22:16:55
피엔에이치테크,01112889,연간x연결,operating_income,2016,data_gap,"UI blank, DB=None",2026-07-07T22:16:55
피엔에이치테크,01112889,연간x연결,operating_income,2017,data_gap,"UI blank, DB=None",2026-07-07T22:16:55
피엔에이치테크,01112889,연간x별도,revenue,2016,data_gap,"UI blank, DB=None",2026-07-07T22:17:00
피엔에이치테크,01112889,연간x별도,operating_income,2016,data_gap,"UI blank, DB=None",2026-07-07T22:17:00
피엔에이치테크,01112889,연간x별도,operating_income,2017,data_gap,"UI blank, DB=None",2026-07-07T22:17:00
핀텔,01524507,연간x연결,revenue,2019,data_gap,"UI blank, DB=None",2026-07-07T22:22:11
핀텔,01524507,연간x연결,operating_income,2019,data_gap,"UI blank, DB=None",2026-07-07T22:22:11
핀텔,01524507,연간x별도,revenue,2019,data_gap,"UI blank, DB=None",2026-07-07T22:22:16
핀텔,01524507,연간x별도,operating_income,2019,data_gap,"UI blank, DB=None",2026-07-07T22:22:16
핀텔,01524507,분기x연결,revenue,2019 CQ4,data_gap,"UI blank, DB=None",2026-07-07T22:22:22
핀텔,01524507,분기x연결,operating_income,2019 CQ4,data_gap,"UI blank, DB=None",2026-07-07T22:22:22
핀텔,01524507,분기x별도,revenue,2019 CQ4,data_gap,"UI blank, DB=None",2026-07-07T22:22:29
핀텔,01524507,분기x별도,operating_income,2019 CQ4,data_gap,"UI blank, DB=None",2026-07-07T22:22:29
하이즈항공,00688358,분기x별도,revenue,2014 CQ2,data_gap,"UI blank, DB=None",2026-07-07T22:31:54
하이즈항공,00688358,분기x별도,revenue,2014 CQ3,data_gap,"UI blank, DB=None",2026-07-07T22:31:54
하이즈항공,00688358,분기x별도,revenue,2014 CQ4,data_gap,"UI blank, DB=None",2026-07-07T22:31:54
하이즈항공,00688358,분기x별도,operating_income,2014 CQ2,data_gap,"UI blank, DB=None",2026-07-07T22:31:54
하이즈항공,00688358,분기x별도,operating_income,2014 CQ3,data_gap,"UI blank, DB=None",2026-07-07T22:31:54
하이즈항공,00688358,분기x별도,operating_income,2014 CQ4,data_gap,"UI blank, DB=None",2026-07-07T22:31:54
하츠,00221728,연간x연결,revenue,2009,data_gap,"UI blank, DB=None",2026-07-07T22:33:11
하츠,00221728,연간x연결,operating_income,2009,data_gap,"UI blank, DB=None",2026-07-07T22:33:11
하츠,00221728,연간x별도,revenue,2009,data_gap,"UI blank, DB=None",2026-07-07T22:33:17
하츠,00221728,연간x별도,operating_income,2009,data_gap,"UI blank, DB=None",2026-07-07T22:33:17
한국가구,00156442,연간x별도,revenue,2000,data_gap,"UI blank, DB=None",2026-07-07T22:33:48
한국가구,00156442,연간x별도,operating_income,2000,data_gap,"UI blank, DB=None",2026-07-07T22:33:48
한국기업평가,00156956,분기x연결,revenue,2012 CQ2,data_gap,"UI blank, DB=None",2026-07-07T22:34:26
한국기업평가,00156956,분기x연결,revenue,2012 CQ3,data_gap,"UI blank, DB=None",2026-07-07T22:34:26
한국기업평가,00156956,분기x연결,operating_income,2012 CQ2,data_gap,"UI blank, DB=None",2026-07-07T22:34:26
한국기업평가,00156956,분기x연결,operating_income,2012 CQ3,data_gap,"UI blank, DB=None",2026-07-07T22:34:26
한국기업평가,00156956,분기x별도,revenue,2011 CQ4,data_gap,"UI blank, DB=None",2026-07-07T22:34:34
한국기업평가,00156956,분기x별도,revenue,2012 CQ1,data_gap,"UI blank, DB=None",2026-07-07T22:34:34
한국맥널티,00579139,분기x별도,revenue,2014 CQ2,data_gap,"UI blank, DB=None",2026-07-07T22:35:05
한국맥널티,00579139,분기x별도,revenue,2014 CQ3,data_gap,"UI blank, DB=None",2026-07-07T22:35:05
한국맥널티,00579139,분기x별도,revenue,2014 CQ4,data_gap,"UI blank, DB=None",2026-07-07T22:35:05
한국맥널티,00579139,분기x별도,operating_income,2014 CQ2,data_gap,"UI blank, DB=None",2026-07-07T22:35:05
한국맥널티,00579139,분기x별도,operating_income,2014 CQ3,data_gap,"UI blank, DB=None",2026-07-07T22:35:05
한국맥널티,00579139,분기x별도,operating_income,2014 CQ4,data_gap,"UI blank, DB=None",2026-07-07T22:35:05
한국선재,00158015,분기x별도,revenue,2005 CQ2,data_gap,"UI blank, DB=None",2026-07-07T22:36:40
한국선재,00158015,분기x별도,revenue,2005 CQ3,data_gap,"UI blank, DB=None",2026-07-07T22:36:40
한국선재,00158015,분기x별도,operating_income,2005 CQ2,data_gap,"UI blank, DB=None",2026-07-07T22:36:40
한국선재,00158015,분기x별도,operating_income,2005 CQ3,data_gap,"UI blank, DB=None",2026-07-07T22:36:40
한국알콜,00158565,분기x연결,revenue,2011 CQ2,data_gap,"UI blank, DB=None",2026-07-07T22:37:04
한국알콜,00158565,분기x연결,revenue,2011 CQ3,data_gap,"UI blank, DB=None",2026-07-07T22:37:04
한국알콜,00158565,분기x연결,revenue,2011 CQ4,data_gap,"UI blank, DB=None",2026-07-07T22:37:04
한국알콜,00158565,분기x연결,operating_income,2011 CQ2,data_gap,"UI blank, DB=None",2026-07-07T22:37:04
한국알콜,00158565,분기x연결,operating_income,2011 CQ3,data_gap,"UI blank, DB=None",2026-07-07T22:37:04
한국알콜,00158565,분기x연결,operating_income,2011 CQ4,data_gap,"UI blank, DB=None",2026-07-07T22:37:04
한국알콜,00158565,분기x별도,revenue,2006 CQ3,data_gap,"UI blank, DB=None",2026-07-07T22:37:11
한국알콜,00158565,분기x별도,revenue,2006 CQ4,data_gap,"UI blank, DB=None",2026-07-07T22:37:11
한국알콜,00158565,분기x별도,operating_income,2006 CQ3,data_gap,"UI blank, DB=None",2026-07-07T22:37:11
한국알콜,00158565,분기x별도,operating_income,2006 CQ4,data_gap,"UI blank, DB=None",2026-07-07T22:37:11
한국정보공학,00261957,연간x별도,revenue,2009,data_gap,"UI blank, DB=None",2026-07-07T22:39:04
한국정보공학,00261957,연간x별도,operating_income,2009,data_gap,"UI blank, DB=None",2026-07-07T22:39:04
한국정보통신,00159342,분기x연결,revenue,2004 CQ1,data_gap,"UI blank, DB=None",2026-07-07T22:40:13
한국정보통신,00159342,분기x연결,revenue,2011 CQ2,data_gap,"UI blank, DB=None",2026-07-07T22:40:13
한국정보통신,00159342,분기x연결,revenue,2011 CQ3,data_gap,"UI blank, DB=None",2026-07-07T22:40:13
한국정보통신,00159342,분기x연결,revenue,2011 CQ4,data_gap,"UI blank, DB=None",2026-07-07T22:40:13
한국정보통신,00159342,분기x연결,operating_income,2011 CQ2,data_gap,"UI blank, DB=None",2026-07-07T22:40:13
한국정보통신,00159342,분기x연결,operating_income,2011 CQ3,data_gap,"UI blank, DB=None",2026-07-07T22:40:13
한국정보통신,00159342,분기x연결,operating_income,2011 CQ4,data_gap,"UI blank, DB=None",2026-07-07T22:40:13
한국첨단소재,00403766,분기x연결,revenue,2017 CQ3,data_gap,"UI blank, DB=None",2026-07-07T22:40:45
한국첨단소재,00403766,분기x연결,operating_income,2017 CQ3,data_gap,"UI blank, DB=None",2026-07-07T22:40:45
한국첨단소재,00403766,분기x별도,revenue,2017 CQ3,data_gap,"UI blank, DB=None",2026-07-07T22:40:53
한국첨단소재,00403766,분기x별도,operating_income,2017 CQ3,data_gap,"UI blank, DB=None",2026-07-07T22:40:53
한국캐피탈,00149594,연간x별도,revenue,2004,data_gap,"UI blank, DB=None",2026-07-07T22:41:10
한국캐피탈,00149594,연간x별도,operating_income,2004,data_gap,"UI blank, DB=None",2026-07-07T22:41:10
한국컴퓨터,00303396,분기x별도,revenue,2006 CQ1,data_gap,"UI blank, DB=None",2026-07-07T22:41:56
한국컴퓨터,00303396,분기x별도,revenue,2006 CQ2,data_gap,"UI blank, DB=None",2026-07-07T22:41:56
한국컴퓨터,00303396,분기x별도,operating_income,2006 CQ1,data_gap,"UI blank, DB=None",2026-07-07T22:41:56
한국컴퓨터,00303396,분기x별도,operating_income,2006 CQ2,data_gap,"UI blank, DB=None",2026-07-07T22:41:56
한국피아이엠,00765897,연간x별도,revenue,2021,data_gap,"UI blank, DB=None",2026-07-07T22:43:49
한국피아이엠,00765897,연간x별도,operating_income,2021,data_gap,"UI blank, DB=None",2026-07-07T22:43:49
한빛소프트,00348292,연간x별도,revenue,2003,data_gap,"UI blank, DB=None",2026-07-07T22:46:59
한빛소프트,00348292,연간x별도,operating_income,2003,data_gap,"UI blank, DB=None",2026-07-07T22:46:59
한성크린텍,00389998,연간x별도,revenue,2002,data_gap,"UI blank, DB=None",2026-07-07T22:48:02
한성크린텍,00389998,연간x별도,operating_income,2002,data_gap,"UI blank, DB=None",2026-07-07T22:48:02
한양이엔지,00216762,연간x별도,revenue,2006,data_gap,"UI blank, DB=None",2026-07-07T22:50:41
한양이엔지,00216762,연간x별도,operating_income,2006,data_gap,"UI blank, DB=None",2026-07-07T22:50:41
한양이엔지,00216762,분기x별도,revenue,2005 CQ2,data_gap,"UI blank, DB=None",2026-07-07T22:50:54
한양이엔지,00216762,분기x별도,revenue,2005 CQ3,data_gap,"UI blank, DB=None",2026-07-07T22:50:54
한양이엔지,00216762,분기x별도,operating_income,2005 CQ2,data_gap,"UI blank, DB=None",2026-07-07T22:50:54
한양이엔지,00216762,분기x별도,operating_income,2005 CQ3,data_gap,"UI blank, DB=None",2026-07-07T22:50:54
한주라이트메탈,00156600,연간x별도,revenue,2020,data_gap,"UI blank, DB=None",2026-07-07T22:54:24
한주라이트메탈,00156600,연간x별도,operating_income,2020,data_gap,"UI blank, DB=None",2026-07-07T22:54:24
한주에이알티,00146427,연간x별도,revenue,2002,data_gap,"UI blank, DB=None",2026-07-07T22:54:55
한주에이알티,00146427,연간x별도,revenue,2003,data_gap,"UI blank, DB=None",2026-07-07T22:54:55
한주에이알티,00146427,분기x연결,revenue,2011 CQ2,data_gap,"UI blank, DB=None",2026-07-07T22:55:02
한주에이알티,00146427,분기x연결,revenue,2011 CQ3,data_gap,"UI blank, DB=None",2026-07-07T22:55:02
한주에이알티,00146427,분기x연결,revenue,2011 CQ4,data_gap,"UI blank, DB=None",2026-07-07T22:55:02
한주에이알티,00146427,분기x연결,operating_income,2011 CQ2,data_gap,"UI blank, DB=None",2026-07-07T22:55:02
한주에이알티,00146427,분기x연결,operating_income,2011 CQ3,data_gap,"UI blank, DB=None",2026-07-07T22:55:02
한주에이알티,00146427,분기x연결,operating_income,2011 CQ4,data_gap,"UI blank, DB=None",2026-07-07T22:55:02
한컴위드,00363592,연간x별도,revenue,2005,data_gap,"UI blank, DB=None",2026-07-07T22:56:31
한컴위드,00363592,연간x별도,operating_income,2005,data_gap,"UI blank, DB=None",2026-07-07T22:56:31
한컴위드,00363592,분기x연결,revenue,2011 CQ2,data_gap,"UI blank, DB=None",2026-07-07T22:56:37
한컴위드,00363592,분기x연결,revenue,2011 CQ3,data_gap,"UI blank, DB=None",2026-07-07T22:56:37
한컴위드,00363592,분기x연결,revenue,2011 CQ4,data_gap,"UI blank, DB=None",2026-07-07T22:56:37
한컴위드,00363592,분기x연결,operating_income,2011 CQ2,data_gap,"UI blank, DB=None",2026-07-07T22:56:37
한컴위드,00363592,분기x연결,operating_income,2011 CQ3,data_gap,"UI blank, DB=None",2026-07-07T22:56:37
한컴위드,00363592,분기x연결,operating_income,2011 CQ4,data_gap,"UI blank, DB=None",2026-07-07T22:56:37
해성산업,00219361,분기x별도,revenue,2007 CQ1,data_gap,"UI blank, DB=None",2026-07-07T22:59:22
해성산업,00219361,분기x별도,revenue,2007 CQ2,data_gap,"UI blank, DB=None",2026-07-07T22:59:22
해성산업,00219361,분기x별도,revenue,2011 CQ1,data_gap,"UI blank, DB=None",2026-07-07T22:59:22
해성산업,00219361,분기x별도,revenue,2011 CQ2,data_gap,"UI blank, DB=None",2026-07-07T22:59:22
핸디소프트,00793155,연간x별도,revenue,2013,data_gap,"UI blank, DB=None",2026-07-07T23:00:44
핸디소프트,00793155,연간x별도,operating_income,2013,data_gap,"UI blank, DB=None",2026-07-07T23:00:44
현대바이오,00313649,분기x연결,revenue,2011 CQ2,data_gap,"UI blank, DB=None",2026-07-07T23:04:33
현대바이오,00313649,분기x연결,revenue,2011 CQ3,data_gap,"UI blank, DB=None",2026-07-07T23:04:33
현대바이오,00313649,분기x연결,revenue,2011 CQ4,data_gap,"UI blank, DB=None",2026-07-07T23:04:33
현대바이오,00313649,분기x연결,operating_income,2011 CQ2,data_gap,"UI blank, DB=None",2026-07-07T23:04:33
현대바이오,00313649,분기x연결,operating_income,2011 CQ3,data_gap,"UI blank, DB=None",2026-07-07T23:04:33
현대바이오,00313649,분기x연결,operating_income,2011 CQ4,data_gap,"UI blank, DB=None",2026-07-07T23:04:33
현대바이오랜드,00347062,연간x별도,revenue,2005,data_gap,"UI blank, DB=None",2026-07-07T23:05:00
현대바이오랜드,00347062,연간x별도,operating_income,2005,data_gap,"UI blank, DB=None",2026-07-07T23:05:00
현대에이치티,00255044,분기x연결,revenue,2011 CQ2,data_gap,"UI blank, DB=None",2026-07-07T23:06:40
현대에이치티,00255044,분기x연결,revenue,2011 CQ3,data_gap,"UI blank, DB=None",2026-07-07T23:06:40
현대에이치티,00255044,분기x연결,revenue,2011 CQ4,data_gap,"UI blank, DB=None",2026-07-07T23:06:40
현대에이치티,00255044,분기x연결,operating_income,2011 CQ2,data_gap,"UI blank, DB=None",2026-07-07T23:06:40
현대에이치티,00255044,분기x연결,operating_income,2011 CQ3,data_gap,"UI blank, DB=None",2026-07-07T23:06:40
현대에이치티,00255044,분기x연결,operating_income,2011 CQ4,data_gap,"UI blank, DB=None",2026-07-07T23:06:40
현대에이치티,00255044,분기x별도,revenue,2003 CQ2,data_gap,"UI blank, DB=None",2026-07-07T23:06:47
현대에이치티,00255044,분기x별도,revenue,2003 CQ3,data_gap,"UI blank, DB=None",2026-07-07T23:06:47
현대에이치티,00255044,분기x별도,operating_income,2003 CQ2,data_gap,"UI blank, DB=None",2026-07-07T23:06:47
현대에이치티,00255044,분기x별도,operating_income,2003 CQ3,data_gap,"UI blank, DB=None",2026-07-07T23:06:47
홈캐스트,00385336,분기x연결,revenue,2011 CQ2,data_gap,"UI blank, DB=None",2026-07-07T23:09:20
홈캐스트,00385336,분기x연결,revenue,2011 CQ3,data_gap,"UI blank, DB=None",2026-07-07T23:09:20
홈캐스트,00385336,분기x연결,revenue,2011 CQ4,data_gap,"UI blank, DB=None",2026-07-07T23:09:20
홈캐스트,00385336,분기x연결,operating_income,2011 CQ2,data_gap,"UI blank, DB=None",2026-07-07T23:09:20
홈캐스트,00385336,분기x연결,operating_income,2011 CQ3,data_gap,"UI blank, DB=None",2026-07-07T23:09:20
홈캐스트,00385336,분기x연결,operating_income,2011 CQ4,data_gap,"UI blank, DB=None",2026-07-07T23:09:20
화일약품,00188973,분기x연결,revenue,2011 CQ2,data_gap,"UI blank, DB=None",2026-07-07T23:11:28
화일약품,00188973,분기x연결,revenue,2011 CQ3,data_gap,"UI blank, DB=None",2026-07-07T23:11:28
화일약품,00188973,분기x연결,revenue,2011 CQ4,data_gap,"UI blank, DB=None",2026-07-07T23:11:28
화일약품,00188973,분기x연결,operating_income,2011 CQ2,data_gap,"UI blank, DB=None",2026-07-07T23:11:28
화일약품,00188973,분기x연결,operating_income,2011 CQ3,data_gap,"UI blank, DB=None",2026-07-07T23:11:28
화일약품,00188973,분기x연결,operating_income,2011 CQ4,data_gap,"UI blank, DB=None",2026-07-07T23:11:28
휴림에이텍,00230814,연간x별도,revenue,2004,data_gap,"UI blank, DB=None",2026-07-07T23:14:03
휴림에이텍,00230814,연간x별도,revenue,2006,data_gap,"UI blank, DB=None",2026-07-07T23:14:03
휴림에이텍,00230814,연간x별도,operating_income,2004,data_gap,"UI blank, DB=None",2026-07-07T23:14:03
휴림에이텍,00230814,연간x별도,operating_income,2006,data_gap,"UI blank, DB=None",2026-07-07T23:14:03
휴맥스홀딩스,00219440,연간x연결,revenue,2009,data_gap,"UI blank, DB=None",2026-07-07T23:15:36
휴맥스홀딩스,00219440,연간x연결,operating_income,2009,data_gap,"UI blank, DB=None",2026-07-07T23:15:36
휴맥스홀딩스,00219440,연간x별도,revenue,2009,data_gap,"UI blank, DB=None",2026-07-07T23:15:41
휴맥스홀딩스,00219440,연간x별도,operating_income,2009,data_gap,"UI blank, DB=None",2026-07-07T23:15:41
휴맥스홀딩스,00219440,분기x연결,revenue,2011 CQ2,data_gap,"UI blank, DB=None",2026-07-07T23:15:48
휴맥스홀딩스,00219440,분기x연결,revenue,2011 CQ3,data_gap,"UI blank, DB=None",2026-07-07T23:15:48
휴맥스홀딩스,00219440,분기x연결,revenue,2011 CQ4,data_gap,"UI blank, DB=None",2026-07-07T23:15:48
휴맥스홀딩스,00219440,분기x연결,operating_income,2011 CQ2,data_gap,"UI blank, DB=None",2026-07-07T23:15:48
휴맥스홀딩스,00219440,분기x연결,operating_income,2011 CQ3,data_gap,"UI blank, DB=None",2026-07-07T23:15:48
휴맥스홀딩스,00219440,분기x연결,operating_income,2011 CQ4,data_gap,"UI blank, DB=None",2026-07-07T23:15:48
휴맥스홀딩스,00219440,분기x별도,revenue,2006 CQ3,data_gap,"UI blank, DB=None",2026-07-07T23:15:55
휴맥스홀딩스,00219440,분기x별도,revenue,2009 CQ4,data_gap,"UI blank, DB=None",2026-07-07T23:15:55
휴맥스홀딩스,00219440,분기x별도,operating_income,2006 CQ3,data_gap,"UI blank, DB=None",2026-07-07T23:15:55
휴맥스홀딩스,00219440,분기x별도,operating_income,2009 CQ4,data_gap,"UI blank, DB=None",2026-07-07T23:15:55
휴먼테크놀로지,00861997,분기x별도,revenue,2014 CQ2,data_gap,"UI blank, DB=None",2026-07-07T23:16:28
휴먼테크놀로지,00861997,분기x별도,revenue,2014 CQ3,data_gap,"UI blank, DB=None",2026-07-07T23:16:28
휴먼테크놀로지,00861997,분기x별도,operating_income,2014 CQ2,data_gap,"UI blank, DB=None",2026-07-07T23:16:28
휴먼테크놀로지,00861997,분기x별도,operating_income,2014 CQ3,data_gap,"UI blank, DB=None",2026-07-07T23:16:28
휴비츠,00398668,연간x별도,revenue,2006,data_gap,"UI blank, DB=None",2026-07-07T23:17:20
휴비츠,00398668,연간x별도,operating_income,2006,data_gap,"UI blank, DB=None",2026-07-07T23:17:20
휴젤,00888347,분기x연결,revenue,2014 CQ2,data_gap,"UI blank, DB=None",2026-07-07T23:19:37
휴젤,00888347,분기x연결,revenue,2014 CQ3,data_gap,"UI blank, DB=None",2026-07-07T23:19:37
휴젤,00888347,분기x연결,revenue,2014 CQ4,data_gap,"UI blank, DB=None",2026-07-07T23:19:37
휴젤,00888347,분기x연결,operating_income,2014 CQ2,data_gap,"UI blank, DB=None",2026-07-07T23:19:37
휴젤,00888347,분기x연결,operating_income,2014 CQ3,data_gap,"UI blank, DB=None",2026-07-07T23:19:37
휴젤,00888347,분기x연결,operating_income,2014 CQ4,data_gap,"UI blank, DB=None",2026-07-07T23:19:37
휴젤,00888347,분기x별도,revenue,2014 CQ2,data_gap,"UI blank, DB=None",2026-07-07T23:19:44
휴젤,00888347,분기x별도,revenue,2014 CQ3,data_gap,"UI blank, DB=None",2026-07-07T23:19:44
휴젤,00888347,분기x별도,revenue,2014 CQ4,data_gap,"UI blank, DB=None",2026-07-07T23:19:44
휴젤,00888347,분기x별도,operating_income,2014 CQ2,data_gap,"UI blank, DB=None",2026-07-07T23:19:44
휴젤,00888347,분기x별도,operating_income,2014 CQ3,data_gap,"UI blank, DB=None",2026-07-07T23:19:44
휴젤,00888347,분기x별도,operating_income,2014 CQ4,data_gap,"UI blank, DB=None",2026-07-07T23:19:44
흥국에프엔비,00916516,분기x연결,revenue,2014 CQ2,data_gap,"UI blank, DB=None",2026-07-07T23:21:15
흥국에프엔비,00916516,분기x연결,revenue,2014 CQ3,data_gap,"UI blank, DB=None",2026-07-07T23:21:15
흥국에프엔비,00916516,분기x연결,operating_income,2014 CQ2,data_gap,"UI blank, DB=None",2026-07-07T23:21:15
흥국에프엔비,00916516,분기x연결,operating_income,2014 CQ3,data_gap,"UI blank, DB=None",2026-07-07T23:21:15
흥국에프엔비,00916516,분기x별도,revenue,2014 CQ2,data_gap,"UI blank, DB=None",2026-07-07T23:21:22
흥국에프엔비,00916516,분기x별도,revenue,2014 CQ3,data_gap,"UI blank, DB=None",2026-07-07T23:21:22
흥국에프엔비,00916516,분기x별도,operating_income,2014 CQ2,data_gap,"UI blank, DB=None",2026-07-07T23:21:22
흥국에프엔비,00916516,분기x별도,operating_income,2014 CQ3,data_gap,"UI blank, DB=None",2026-07-07T23:21:22
희림,00236863,연간x별도,revenue,2004,data_gap,"UI blank, DB=None",2026-07-07T23:21:42
희림,00236863,연간x별도,operating_income,2004,data_gap,"UI blank, DB=None",2026-07-07T23:21:42
희림,00236863,분기x별도,revenue,2004 CQ4,data_gap,"UI blank, DB=None",2026-07-07T23:21:55
희림,00236863,분기x별도,operating_income,2004 CQ4,data_gap,"UI blank, DB=None",2026-07-07T23:21:55
와이지-원,00139719,분기x연결,revenue,2011 CQ2,data_gap,"UI blank, DB=None",2026-07-07T23:23:56
와이지-원,00139719,분기x연결,revenue,2011 CQ3,data_gap,"UI blank, DB=None",2026-07-07T23:23:56
와이지-원,00139719,분기x연결,revenue,2011 CQ4,data_gap,"UI blank, DB=None",2026-07-07T23:23:56
와이지-원,00139719,분기x연결,operating_income,2011 CQ2,data_gap,"UI blank, DB=None",2026-07-07T23:23:56
와이지-원,00139719,분기x연결,operating_income,2011 CQ3,data_gap,"UI blank, DB=None",2026-07-07T23:23:56
와이지-원,00139719,분기x연결,operating_income,2011 CQ4,data_gap,"UI blank, DB=None",2026-07-07T23:23:56
와이지-원,00139719,분기x별도,revenue,2005 CQ1,data_gap,"UI blank, DB=None",2026-07-07T23:24:03
와이지-원,00139719,분기x별도,revenue,2007 CQ1,data_gap,"UI blank, DB=None",2026-07-07T23:24:03
와이지-원,00139719,분기x별도,revenue,2007 CQ2,data_gap,"UI blank, DB=None",2026-07-07T23:24:03
와이지-원,00139719,분기x별도,revenue,2011 CQ1,data_gap,"UI blank, DB=None",2026-07-07T23:24:03
와이지-원,00139719,분기x별도,revenue,2011 CQ2,data_gap,"UI blank, DB=None",2026-07-07T23:24:03
와이지-원,00139719,분기x별도,operating_income,2005 CQ1,data_gap,"UI blank, DB=None",2026-07-07T23:24:03
와이지-원,00139719,분기x별도,operating_income,2007 CQ1,data_gap,"UI blank, DB=None",2026-07-07T23:24:03
와이지-원,00139719,분기x별도,operating_income,2007 CQ2,data_gap,"UI blank, DB=None",2026-07-07T23:24:03
카페24,00260879,연간x별도,operating_income,2002,data_gap,"UI blank, DB=None",2026-07-07T23:24:56
카페24,00260879,연간x별도,operating_income,2014,data_gap,"UI blank, DB=None",2026-07-07T23:24:56
카페24,00260879,분기x별도,operating_income,2014 CQ4,data_gap,"UI blank, DB=None",2026-07-07T23:25:09
비큐AI,00980043,연간x연결,operating_income,2019,data_gap,"UI blank, DB=None",2026-07-07T23:26:59
비큐AI,00980043,연간x별도,revenue,2018,data_gap,"UI blank, DB=None",2026-07-07T23:27:04
비큐AI,00980043,연간x별도,revenue,2019,data_gap,"UI blank, DB=None",2026-07-07T23:27:04
비큐AI,00980043,연간x별도,revenue,2020,data_gap,"UI blank, DB=None",2026-07-07T23:27:04
비큐AI,00980043,연간x별도,operating_income,2018,data_gap,"UI blank, DB=None",2026-07-07T23:27:04
비큐AI,00980043,연간x별도,operating_income,2019,data_gap,"UI blank, DB=None",2026-07-07T23:27:04
비큐AI,00980043,연간x별도,operating_income,2020,data_gap,"UI blank, DB=None",2026-07-07T23:27:04
알파AI,00220109,연간x별도,operating_income,2006,data_gap,"UI blank, DB=None",2026-07-07T23:28:36
알파AI,00220109,분기x별도,operating_income,2006 CQ4,data_gap,"UI blank, DB=None",2026-07-07T23:28:50
에이전트AI,00367695,연간x별도,operating_income,2006,data_gap,"UI blank, DB=None",2026-07-07T23:29:09
에이전트AI,00367695,분기x별도,operating_income,2005 CQ4,data_gap,"UI blank, DB=None",2026-07-07T23:29:22
에이전트AI,00367695,분기x별도,operating_income,2006 CQ1,data_gap,"UI blank, DB=None",2026-07-07T23:29:22
에이전트AI,00367695,분기x별도,operating_income,2006 CQ2,data_gap,"UI blank, DB=None",2026-07-07T23:29:22
에이전트AI,00367695,분기x별도,operating_income,2006 CQ3,data_gap,"UI blank, DB=None",2026-07-07T23:29:22
에이전트AI,00367695,분기x별도,operating_income,2006 CQ4,data_gap,"UI blank, DB=None",2026-07-07T23:29:22
에이전트AI,00367695,분기x별도,operating_income,2007 CQ1,data_gap,"UI blank, DB=None",2026-07-07T23:29:22
에이전트AI,00367695,분기x별도,operating_income,2007 CQ2,data_gap,"UI blank, DB=None",2026-07-07T23:29:22
에이전트AI,00367695,분기x별도,operating_income,2007 CQ3,data_gap,"UI blank, DB=None",2026-07-07T23:29:22
폴라리스AI,00369213,연간x별도,revenue,2010,data_gap,"UI blank, DB=None",2026-07-07T23:30:11
폴라리스AI,00369213,연간x별도,operating_income,2010,data_gap,"UI blank, DB=None",2026-07-07T23:30:11
폴라리스AI파마,00463342,분기x연결,revenue,2012 CQ2,data_gap,"UI blank, DB=None",2026-07-07T23:30:47
폴라리스AI파마,00463342,분기x연결,revenue,2012 CQ3,data_gap,"UI blank, DB=None",2026-07-07T23:30:47
폴라리스AI파마,00463342,분기x연결,revenue,2012 CQ4,data_gap,"UI blank, DB=None",2026-07-07T23:30:47
폴라리스AI파마,00463342,분기x연결,operating_income,2012 CQ2,data_gap,"UI blank, DB=None",2026-07-07T23:30:47
폴라리스AI파마,00463342,분기x연결,operating_income,2012 CQ3,data_gap,"UI blank, DB=None",2026-07-07T23:30:47
폴라리스AI파마,00463342,분기x연결,operating_income,2012 CQ4,data_gap,"UI blank, DB=None",2026-07-07T23:30:47
폴라리스AI파마,00463342,분기x별도,revenue,2006 CQ2,data_gap,"UI blank, DB=None",2026-07-07T23:30:55
폴라리스AI파마,00463342,분기x별도,revenue,2006 CQ3,data_gap,"UI blank, DB=None",2026-07-07T23:30:55
폴라리스AI파마,00463342,분기x별도,operating_income,2006 CQ2,data_gap,"UI blank, DB=None",2026-07-07T23:30:55
폴라리스AI파마,00463342,분기x별도,operating_income,2006 CQ3,data_gap,"UI blank, DB=None",2026-07-07T23:30:55
AP위성,00874803,분기x연결,revenue,2014 CQ2,data_gap,"UI blank, DB=None",2026-07-07T23:31:50
AP위성,00874803,분기x연결,revenue,2014 CQ3,data_gap,"UI blank, DB=None",2026-07-07T23:31:50
AP위성,00874803,분기x연결,revenue,2014 CQ4,data_gap,"UI blank, DB=None",2026-07-07T23:31:50
AP위성,00874803,분기x연결,operating_income,2014 CQ2,data_gap,"UI blank, DB=None",2026-07-07T23:31:50
AP위성,00874803,분기x연결,operating_income,2014 CQ3,data_gap,"UI blank, DB=None",2026-07-07T23:31:50
AP위성,00874803,분기x연결,operating_income,2014 CQ4,data_gap,"UI blank, DB=None",2026-07-07T23:31:50
AP위성,00874803,분기x별도,revenue,2014 CQ2,data_gap,"UI blank, DB=None",2026-07-07T23:31:57
AP위성,00874803,분기x별도,revenue,2014 CQ3,data_gap,"UI blank, DB=None",2026-07-07T23:31:57
AP위성,00874803,분기x별도,revenue,2014 CQ4,data_gap,"UI blank, DB=None",2026-07-07T23:31:57
AP위성,00874803,분기x별도,operating_income,2014 CQ2,data_gap,"UI blank, DB=None",2026-07-07T23:31:57
AP위성,00874803,분기x별도,operating_income,2014 CQ3,data_gap,"UI blank, DB=None",2026-07-07T23:31:57
AP위성,00874803,분기x별도,operating_income,2014 CQ4,data_gap,"UI blank, DB=None",2026-07-07T23:31:57
CJ ENM,00265324,분기x별도,revenue,2005 CQ4,data_gap,"UI blank, DB=None",2026-07-07T23:36:10
CJ ENM,00265324,분기x별도,operating_income,2005 CQ4,data_gap,"UI blank, DB=None",2026-07-07T23:36:10
CMG제약,00380429,연간x별도,operating_income,2002,data_gap,"UI blank, DB=None",2026-07-07T23:36:29
CNT85,00318662,분기x연결,revenue,2011 CQ2,data_gap,"UI blank, DB=None",2026-07-07T23:37:05
CNT85,00318662,분기x연결,revenue,2011 CQ3,data_gap,"UI blank, DB=None",2026-07-07T23:37:05
CNT85,00318662,분기x연결,revenue,2011 CQ4,data_gap,"UI blank, DB=None",2026-07-07T23:37:05
CNT85,00318662,분기x연결,operating_income,2011 CQ2,data_gap,"UI blank, DB=None",2026-07-07T23:37:05
CNT85,00318662,분기x연결,operating_income,2011 CQ3,data_gap,"UI blank, DB=None",2026-07-07T23:37:05
CNT85,00318662,분기x연결,operating_income,2011 CQ4,data_gap,"UI blank, DB=None",2026-07-07T23:37:05
CS,00303703,연간x별도,revenue,2006,data_gap,"UI blank, DB=None",2026-07-07T23:37:32
CS,00303703,연간x별도,operating_income,2006,data_gap,"UI blank, DB=None",2026-07-07T23:37:32
CS,00303703,분기x연결,revenue,2011 CQ2,data_gap,"UI blank, DB=None",2026-07-07T23:37:39
CS,00303703,분기x연결,revenue,2011 CQ3,data_gap,"UI blank, DB=None",2026-07-07T23:37:39
CS,00303703,분기x연결,revenue,2011 CQ4,data_gap,"UI blank, DB=None",2026-07-07T23:37:39
CS,00303703,분기x연결,operating_income,2011 CQ2,data_gap,"UI blank, DB=None",2026-07-07T23:37:39
CS,00303703,분기x연결,operating_income,2011 CQ3,data_gap,"UI blank, DB=None",2026-07-07T23:37:39
CS,00303703,분기x연결,operating_income,2011 CQ4,data_gap,"UI blank, DB=None",2026-07-07T23:37:39
DH오토웨어,00110583,연간x연결,revenue,2009,data_gap,"UI blank, DB=None",2026-07-07T23:39:34
DH오토웨어,00110583,연간x연결,operating_income,2009,data_gap,"UI blank, DB=None",2026-07-07T23:39:34
DH오토웨어,00110583,분기x별도,revenue,2005 CQ4,data_gap,"UI blank, DB=None",2026-07-07T23:39:53
DH오토웨어,00110583,분기x별도,revenue,2006 CQ1,data_gap,"UI blank, DB=None",2026-07-07T23:39:53
DH오토웨어,00110583,분기x별도,revenue,2006 CQ2,data_gap,"UI blank, DB=None",2026-07-07T23:39:53
DH오토웨어,00110583,분기x별도,revenue,2006 CQ3,data_gap,"UI blank, DB=None",2026-07-07T23:39:53
DH오토웨어,00110583,분기x별도,operating_income,2005 CQ4,data_gap,"UI blank, DB=None",2026-07-07T23:39:53
DH오토웨어,00110583,분기x별도,operating_income,2006 CQ1,data_gap,"UI blank, DB=None",2026-07-07T23:39:53
DH오토웨어,00110583,분기x별도,operating_income,2006 CQ2,data_gap,"UI blank, DB=None",2026-07-07T23:39:53
DH오토웨어,00110583,분기x별도,operating_income,2006 CQ3,data_gap,"UI blank, DB=None",2026-07-07T23:39:53
DMS,00361594,분기x별도,revenue,2011 CQ2,data_gap,"UI blank, DB=None",2026-07-07T23:40:24
DMS,00361594,분기x별도,revenue,2011 CQ3,data_gap,"UI blank, DB=None",2026-07-07T23:40:24
DMS,00361594,분기x별도,operating_income,2011 CQ2,data_gap,"UI blank, DB=None",2026-07-07T23:40:24
DMS,00361594,분기x별도,operating_income,2011 CQ3,data_gap,"UI blank, DB=None",2026-07-07T23:40:24
DSC인베스트먼트,01109715,분기x별도,revenue,2015 CQ3,data_gap,"UI blank, DB=None",2026-07-07T23:40:57
DSC인베스트먼트,01109715,분기x별도,revenue,2015 CQ4,data_gap,"UI blank, DB=None",2026-07-07T23:40:57
DSC인베스트먼트,01109715,분기x별도,operating_income,2015 CQ3,data_gap,"UI blank, DB=None",2026-07-07T23:40:57
DSC인베스트먼트,01109715,분기x별도,operating_income,2015 CQ4,data_gap,"UI blank, DB=None",2026-07-07T23:40:57
DXVX,00995993,분기x별도,revenue,2014 CQ2,data_gap,"UI blank, DB=None",2026-07-07T23:41:27
DXVX,00995993,분기x별도,revenue,2014 CQ3,data_gap,"UI blank, DB=None",2026-07-07T23:41:27
DXVX,00995993,분기x별도,revenue,2014 CQ4,data_gap,"UI blank, DB=None",2026-07-07T23:41:27
DXVX,00995993,분기x별도,operating_income,2014 CQ2,data_gap,"UI blank, DB=None",2026-07-07T23:41:27
DXVX,00995993,분기x별도,operating_income,2014 CQ3,data_gap,"UI blank, DB=None",2026-07-07T23:41:27
DXVX,00995993,분기x별도,operating_income,2014 CQ4,data_gap,"UI blank, DB=None",2026-07-07T23:41:27
ES큐브,00175623,연간x별도,revenue,2005,data_gap,"UI blank, DB=None",2026-07-07T23:43:18
ES큐브,00175623,연간x별도,operating_income,2005,data_gap,"UI blank, DB=None",2026-07-07T23:43:18
ES큐브,00175623,연간x별도,operating_income,2006,data_gap,"UI blank, DB=None",2026-07-07T23:43:18
ES큐브,00175623,분기x별도,operating_income,2006 CQ2,data_gap,"UI blank, DB=None",2026-07-07T23:43:31
ES큐브,00175623,분기x별도,operating_income,2007 CQ2,data_gap,"UI blank, DB=None",2026-07-07T23:43:31
ES큐브,00175623,분기x별도,operating_income,2007 CQ3,data_gap,"UI blank, DB=None",2026-07-07T23:43:31
대산F&B,00390860,연간x별도,revenue,2009,data_gap,"UI blank, DB=None",2026-07-07T23:43:50
대산F&B,00390860,연간x별도,operating_income,2009,data_gap,"UI blank, DB=None",2026-07-07T23:43:50
FSN,01061497,분기x별도,revenue,2015 CQ2,data_gap,"UI blank, DB=None",2026-07-07T23:44:34
FSN,01061497,분기x별도,revenue,2015 CQ3,data_gap,"UI blank, DB=None",2026-07-07T23:44:34
FSN,01061497,분기x별도,revenue,2015 CQ4,data_gap,"UI blank, DB=None",2026-07-07T23:44:34
FSN,01061497,분기x별도,revenue,2016 CQ1,data_gap,"UI blank, DB=None",2026-07-07T23:44:34
FSN,01061497,분기x별도,revenue,2016 CQ2,data_gap,"UI blank, DB=None",2026-07-07T23:44:34
FSN,01061497,분기x별도,revenue,2016 CQ3,data_gap,"UI blank, DB=None",2026-07-07T23:44:34
GRT,01170962,분기x연결,revenue,2015 CQ2,data_gap,"UI blank, DB=None",2026-07-07T23:46:05
GRT,01170962,분기x연결,revenue,2015 CQ3,data_gap,"UI blank, DB=None",2026-07-07T23:46:05
GRT,01170962,분기x연결,operating_income,2015 CQ2,data_gap,"UI blank, DB=None",2026-07-07T23:46:05
GRT,01170962,분기x연결,operating_income,2015 CQ3,data_gap,"UI blank, DB=None",2026-07-07T23:46:05
GRT,01170962,분기x별도,revenue,2015 CQ2,data_gap,"UI blank, DB=None",2026-07-07T23:46:13
GRT,01170962,분기x별도,revenue,2015 CQ3,data_gap,"UI blank, DB=None",2026-07-07T23:46:13
GRT,01170962,분기x별도,operating_income,2015 CQ2,data_gap,"UI blank, DB=None",2026-07-07T23:46:13
GRT,01170962,분기x별도,operating_income,2015 CQ3,data_gap,"UI blank, DB=None",2026-07-07T23:46:13
GST,00540863,연간x별도,operating_income,2006,data_gap,"UI blank, DB=None",2026-07-07T23:46:31
HB테크놀러지,00255275,분기x별도,revenue,2010 CQ1,data_gap,"UI blank, DB=None",2026-07-07T23:48:21
HB테크놀러지,00255275,분기x별도,revenue,2010 CQ2,data_gap,"UI blank, DB=None",2026-07-07T23:48:21
HB테크놀러지,00255275,분기x별도,operating_income,2010 CQ1,data_gap,"UI blank, DB=None",2026-07-07T23:48:21
HB테크놀러지,00255275,분기x별도,operating_income,2010 CQ2,data_gap,"UI blank, DB=None",2026-07-07T23:48:21
HC보광산업,00568461,분기x별도,revenue,2014 CQ2,data_gap,"UI blank, DB=None",2026-07-07T23:48:53
HC보광산업,00568461,분기x별도,revenue,2014 CQ3,data_gap,"UI blank, DB=None",2026-07-07T23:48:53
HC보광산업,00568461,분기x별도,revenue,2014 CQ4,data_gap,"UI blank, DB=None",2026-07-07T23:48:53
HC보광산업,00568461,분기x별도,operating_income,2014 CQ2,data_gap,"UI blank, DB=None",2026-07-07T23:48:53
HC보광산업,00568461,분기x별도,operating_income,2014 CQ3,data_gap,"UI blank, DB=None",2026-07-07T23:48:53
HC보광산업,00568461,분기x별도,operating_income,2014 CQ4,data_gap,"UI blank, DB=None",2026-07-07T23:48:53
HC홈센타,00288495,연간x별도,revenue,2004,data_gap,"UI blank, DB=None",2026-07-07T23:49:12
HC홈센타,00288495,연간x별도,operating_income,2004,data_gap,"UI blank, DB=None",2026-07-07T23:49:12
HLB,00199252,연간x별도,operating_income,2006,data_gap,"UI blank, DB=None",2026-07-07T23:50:48
HLB,00199252,분기x연결,revenue,2011 CQ2,data_gap,"UI blank, DB=None",2026-07-07T23:50:55
HLB,00199252,분기x연결,revenue,2011 CQ3,data_gap,"UI blank, DB=None",2026-07-07T23:50:55
HLB,00199252,분기x연결,revenue,2011 CQ4,data_gap,"UI blank, DB=None",2026-07-07T23:50:55
HLB,00199252,분기x연결,operating_income,2011 CQ2,data_gap,"UI blank, DB=None",2026-07-07T23:50:55
HLB,00199252,분기x연결,operating_income,2011 CQ3,data_gap,"UI blank, DB=None",2026-07-07T23:50:55
HLB,00199252,분기x연결,operating_income,2011 CQ4,data_gap,"UI blank, DB=None",2026-07-07T23:50:55
HLB,00199252,분기x별도,operating_income,2005 CQ4,data_gap,"UI blank, DB=None",2026-07-07T23:51:02
HLB,00199252,분기x별도,operating_income,2006 CQ1,data_gap,"UI blank, DB=None",2026-07-07T23:51:02
HLB,00199252,분기x별도,operating_income,2006 CQ2,data_gap,"UI blank, DB=None",2026-07-07T23:51:02
HLB,00199252,분기x별도,operating_income,2006 CQ3,data_gap,"UI blank, DB=None",2026-07-07T23:51:02
HLB,00199252,분기x별도,operating_income,2006 CQ4,data_gap,"UI blank, DB=None",2026-07-07T23:51:02
HLB,00199252,분기x별도,operating_income,2007 CQ1,data_gap,"UI blank, DB=None",2026-07-07T23:51:02
HLB,00199252,분기x별도,operating_income,2007 CQ2,data_gap,"UI blank, DB=None",2026-07-07T23:51:02
HLB,00199252,분기x별도,operating_income,2007 CQ3,data_gap,"UI blank, DB=None",2026-07-07T23:51:02
HLB생명과학,00365590,분기x연결,operating_income,2012 CQ2,data_gap,"UI blank, DB=None",2026-07-07T23:52:00
HLB생명과학,00365590,분기x연결,operating_income,2012 CQ3,data_gap,"UI blank, DB=None",2026-07-07T23:52:00
HLB이노베이션,00155586,연간x별도,revenue,2002,data_gap,"UI blank, DB=None",2026-07-07T23:52:26
HLB이노베이션,00155586,연간x별도,operating_income,2002,data_gap,"UI blank, DB=None",2026-07-07T23:52:26
HLB제약,00336817,분기x별도,revenue,2012 CQ3,data_gap,"UI blank, DB=None",2026-07-07T23:53:44
HLB제약,00336817,분기x별도,operating_income,2012 CQ3,data_gap,"UI blank, DB=None",2026-07-07T23:53:44
HLB파나진,00172079,연간x연결,revenue,2009,data_gap,"UI blank, DB=None",2026-07-07T23:54:30
HLB파나진,00172079,연간x연결,operating_income,2009,data_gap,"UI blank, DB=None",2026-07-07T23:54:30
HLB파나진,00172079,분기x별도,revenue,2006 CQ1,data_gap,"UI blank, DB=None",2026-07-07T23:54:49
HLB파나진,00172079,분기x별도,revenue,2006 CQ2,data_gap,"UI blank, DB=None",2026-07-07T23:54:49
HLB파나진,00172079,분기x별도,revenue,2007 CQ1,data_gap,"UI blank, DB=None",2026-07-07T23:54:49
HLB파나진,00172079,분기x별도,revenue,2007 CQ2,data_gap,"UI blank, DB=None",2026-07-07T23:54:49
HLB파나진,00172079,분기x별도,operating_income,2006 CQ1,data_gap,"UI blank, DB=None",2026-07-07T23:54:49
HLB파나진,00172079,분기x별도,operating_income,2006 CQ2,data_gap,"UI blank, DB=None",2026-07-07T23:54:49
HLB파나진,00172079,분기x별도,operating_income,2007 CQ1,data_gap,"UI blank, DB=None",2026-07-07T23:54:49
HLB파나진,00172079,분기x별도,operating_income,2007 CQ2,data_gap,"UI blank, DB=None",2026-07-07T23:54:49
HPSP,01288827,연간x연결,revenue,2024,data_gap,"UI blank, DB=None",2026-07-07T23:55:34
HPSP,01288827,연간x별도,revenue,2024,data_gap,"UI blank, DB=None",2026-07-07T23:55:40
HPSP,01288827,분기x연결,revenue,2024 CQ4,data_gap,"UI blank, DB=None",2026-07-07T23:55:46
HPSP,01288827,분기x별도,revenue,2024 CQ4,data_gap,"UI blank, DB=None",2026-07-07T23:55:53
형지I&C,00142713,연간x연결,revenue,2023,data_gap,"UI blank, DB=None",2026-07-07T23:56:39
형지I&C,00142713,연간x연결,operating_income,2023,data_gap,"UI blank, DB=None",2026-07-07T23:56:39
형지I&C,00142713,분기x연결,revenue,2014 CQ1,data_gap,"UI blank, DB=None",2026-07-07T23:56:51
형지I&C,00142713,분기x연결,revenue,2014 CQ2,data_gap,"UI blank, DB=None",2026-07-07T23:56:51
형지I&C,00142713,분기x연결,operating_income,2014 CQ1,data_gap,"UI blank, DB=None",2026-07-07T23:56:51
형지I&C,00142713,분기x연결,operating_income,2014 CQ2,data_gap,"UI blank, DB=None",2026-07-07T23:56:51
나우IB,00651017,분기x별도,revenue,2017 CQ2,data_gap,"UI blank, DB=None",2026-07-07T23:57:31
나우IB,00651017,분기x별도,revenue,2017 CQ3,data_gap,"UI blank, DB=None",2026-07-07T23:57:31
나우IB,00651017,분기x별도,operating_income,2017 CQ2,data_gap,"UI blank, DB=None",2026-07-07T23:57:31
나우IB,00651017,분기x별도,operating_income,2017 CQ3,data_gap,"UI blank, DB=None",2026-07-07T23:57:31
아주IB투자,00156895,연간x별도,revenue,2010,data_gap,"UI blank, DB=None",2026-07-07T23:57:49
아주IB투자,00156895,연간x별도,operating_income,2010,data_gap,"UI blank, DB=None",2026-07-07T23:57:49
아주IB투자,00156895,분기x별도,revenue,2008 CQ3,data_gap,"UI blank, DB=None",2026-07-07T23:58:03
아주IB투자,00156895,분기x별도,operating_income,2008 CQ3,data_gap,"UI blank, DB=None",2026-07-07T23:58:03
JYP Ent.,00258689,분기x별도,revenue,2006 CQ1,data_gap,"UI blank, DB=None",2026-07-08T00:01:47
JYP Ent.,00258689,분기x별도,revenue,2006 CQ2,data_gap,"UI blank, DB=None",2026-07-08T00:01:47
JYP Ent.,00258689,분기x별도,operating_income,2005 CQ1,data_gap,"UI blank, DB=None",2026-07-08T00:01:47
JYP Ent.,00258689,분기x별도,operating_income,2005 CQ2,data_gap,"UI blank, DB=None",2026-07-08T00:01:47
JYP Ent.,00258689,분기x별도,operating_income,2005 CQ3,data_gap,"UI blank, DB=None",2026-07-08T00:01:47
JYP Ent.,00258689,분기x별도,operating_income,2005 CQ4,data_gap,"UI blank, DB=None",2026-07-08T00:01:47
JYP Ent.,00258689,분기x별도,operating_income,2006 CQ1,data_gap,"UI blank, DB=None",2026-07-08T00:01:47
JYP Ent.,00258689,분기x별도,operating_income,2006 CQ2,data_gap,"UI blank, DB=None",2026-07-08T00:01:47
KCC건설,00105466,분기x연결,revenue,2011 CQ2,data_gap,"UI blank, DB=None",2026-07-08T00:04:18
KCC건설,00105466,분기x연결,revenue,2011 CQ3,data_gap,"UI blank, DB=None",2026-07-08T00:04:18
KCC건설,00105466,분기x연결,revenue,2011 CQ4,data_gap,"UI blank, DB=None",2026-07-08T00:04:18
KCC건설,00105466,분기x연결,operating_income,2011 CQ2,data_gap,"UI blank, DB=None",2026-07-08T00:04:18
KCC건설,00105466,분기x연결,operating_income,2011 CQ3,data_gap,"UI blank, DB=None",2026-07-08T00:04:18
KCC건설,00105466,분기x연결,operating_income,2011 CQ4,data_gap,"UI blank, DB=None",2026-07-08T00:04:18
KD,00111218,연간x별도,revenue,2003,data_gap,"UI blank, DB=None",2026-07-08T00:04:45
KG에코솔루션,00366137,분기x연결,revenue,2012 CQ2,data_gap,"UI blank, DB=None",2026-07-08T00:05:22
KG에코솔루션,00366137,분기x연결,revenue,2012 CQ3,data_gap,"UI blank, DB=None",2026-07-08T00:05:22
KG에코솔루션,00366137,분기x연결,operating_income,2012 CQ2,data_gap,"UI blank, DB=None",2026-07-08T00:05:22
KG에코솔루션,00366137,분기x연결,operating_income,2012 CQ3,data_gap,"UI blank, DB=None",2026-07-08T00:05:22
KG이니시스,00264547,연간x연결,revenue,2009,data_gap,"UI blank, DB=None",2026-07-08T00:05:43
KG이니시스,00264547,연간x연결,operating_income,2009,data_gap,"UI blank, DB=None",2026-07-08T00:05:43
KG이니시스,00264547,분기x연결,revenue,2011 CQ2,data_gap,"UI blank, DB=None",2026-07-08T00:05:55
KG이니시스,00264547,분기x연결,revenue,2011 CQ3,data_gap,"UI blank, DB=None",2026-07-08T00:05:55
KG이니시스,00264547,분기x연결,revenue,2011 CQ4,data_gap,"UI blank, DB=None",2026-07-08T00:05:55
KG이니시스,00264547,분기x연결,operating_income,2005 CQ4,data_gap,"UI blank, DB=None",2026-07-08T00:05:55
KG이니시스,00264547,분기x연결,operating_income,2011 CQ2,data_gap,"UI blank, DB=None",2026-07-08T00:05:55
KG이니시스,00264547,분기x연결,operating_income,2011 CQ3,data_gap,"UI blank, DB=None",2026-07-08T00:05:55
KG이니시스,00264547,분기x연결,operating_income,2011 CQ4,data_gap,"UI blank, DB=None",2026-07-08T00:05:55
KG이니시스,00264547,분기x별도,revenue,2005 CQ2,data_gap,"UI blank, DB=None",2026-07-08T00:06:02
KG이니시스,00264547,분기x별도,revenue,2005 CQ3,data_gap,"UI blank, DB=None",2026-07-08T00:06:02
KG이니시스,00264547,분기x별도,operating_income,2005 CQ2,data_gap,"UI blank, DB=None",2026-07-08T00:06:02
KG이니시스,00264547,분기x별도,operating_income,2005 CQ3,data_gap,"UI blank, DB=None",2026-07-08T00:06:02
KG파이낸셜,00405278,연간x연결,revenue,2014,data_gap,"UI blank, DB=None",2026-07-08T00:06:15
KG파이낸셜,00405278,연간x연결,operating_income,2014,data_gap,"UI blank, DB=None",2026-07-08T00:06:15
KG파이낸셜,00405278,분기x연결,revenue,2014 CQ3,data_gap,"UI blank, DB=None",2026-07-08T00:06:26
KG파이낸셜,00405278,분기x연결,revenue,2014 CQ4,data_gap,"UI blank, DB=None",2026-07-08T00:06:26
KG파이낸셜,00405278,분기x연결,revenue,2015 CQ1,data_gap,"UI blank, DB=None",2026-07-08T00:06:26
KG파이낸셜,00405278,분기x연결,revenue,2015 CQ2,data_gap,"UI blank, DB=None",2026-07-08T00:06:26
KG파이낸셜,00405278,분기x연결,operating_income,2014 CQ3,data_gap,"UI blank, DB=None",2026-07-08T00:06:26
KG파이낸셜,00405278,분기x연결,operating_income,2014 CQ4,data_gap,"UI blank, DB=None",2026-07-08T00:06:26
KG파이낸셜,00405278,분기x연결,operating_income,2015 CQ1,data_gap,"UI blank, DB=None",2026-07-08T00:06:26
KG파이낸셜,00405278,분기x연결,operating_income,2015 CQ2,data_gap,"UI blank, DB=None",2026-07-08T00:06:26
KH바텍,00378628,연간x연결,revenue,2010,data_gap,"UI blank, DB=None",2026-07-08T00:06:47
KH바텍,00378628,연간x연결,operating_income,2010,data_gap,"UI blank, DB=None",2026-07-08T00:06:47
아리바이오LAB,01141599,분기x연결,revenue,2025 CQ1,data_gap,"UI blank, DB=None",2026-07-08T00:11:39
아리바이오LAB,01141599,분기x연결,revenue,2025 CQ2,data_gap,"UI blank, DB=None",2026-07-08T00:11:39
아리바이오LAB,01141599,분기x별도,revenue,2025 CQ1,data_gap,"UI blank, DB=None",2026-07-08T00:11:47
아리바이오LAB,01141599,분기x별도,revenue,2025 CQ2,data_gap,"UI blank, DB=None",2026-07-08T00:11:47
LB인베스트먼트,00231901,분기x연결,revenue,2021 CQ2,data_gap,"UI blank, DB=None",2026-07-08T00:12:44
LB인베스트먼트,00231901,분기x연결,operating_income,2021 CQ2,data_gap,"UI blank, DB=None",2026-07-08T00:12:44
LB인베스트먼트,00231901,분기x별도,revenue,2021 CQ2,data_gap,"UI blank, DB=None",2026-07-08T00:12:52
LB인베스트먼트,00231901,분기x별도,revenue,2022 CQ4,data_gap,"UI blank, DB=None",2026-07-08T00:12:52
LB인베스트먼트,00231901,분기x별도,operating_income,2021 CQ2,data_gap,"UI blank, DB=None",2026-07-08T00:12:52
LB인베스트먼트,00231901,분기x별도,operating_income,2022 CQ4,data_gap,"UI blank, DB=None",2026-07-08T00:12:52
