corp_code,combo,phase,seconds,timestamp
00918222,연간x연결,combo_total,5.21,2026-07-07T20:33:41
00918222,연간x별도,combo_total,6.22,2026-07-07T20:33:47
00918222,분기x연결,combo_total,7.24,2026-07-07T20:33:55
00918222,분기x별도,combo_total,6.31,2026-07-07T20:34:01
00494218,연간x연결,combo_total,5.13,2026-07-07T20:34:14
00494218,연간x별도,combo_total,6.29,2026-07-07T20:34:20
00494218,분기x연결,combo_total,7.35,2026-07-07T20:34:27
00494218,분기x별도,combo_total,6.53,2026-07-07T20:34:34
00484682,연간x연결,combo_total,5.14,2026-07-07T20:34:44
00484682,연간x별도,combo_total,6.18,2026-07-07T20:34:50
00484682,분기x연결,combo_total,7.34,2026-07-07T20:34:58
00484682,분기x별도,combo_total,6.28,2026-07-07T20:35:04
00242712,연간x연결,combo_total,5.14,2026-07-07T20:35:17
00242712,연간x별도,combo_total,6.23,2026-07-07T20:35:23
00242712,분기x연결,combo_total,7.31,2026-07-07T20:35:30
00242712,분기x별도,combo_total,6.25,2026-07-07T20:35:37
01747977,연간x연결,combo_total,5.18,2026-07-07T20:35:49
01747977,연간x별도,combo_total,6.15,2026-07-07T20:35:55
01747977,분기x연결,combo_total,7.15,2026-07-07T20:36:02
01747977,분기x별도,combo_total,6.14,2026-07-07T20:36:09
00866062,연간x연결,combo_total,5.10,2026-07-07T20:36:21
00866062,연간x별도,combo_total,6.13,2026-07-07T20:36:27
00866062,분기x연결,combo_total,7.36,2026-07-07T20:36:35
00866062,분기x별도,combo_total,6.19,2026-07-07T20:36:41
00397058,연간x연결,combo_total,5.22,2026-07-07T20:36:54
00397058,연간x별도,combo_total,6.25,2026-07-07T20:37:00
00397058,분기x연결,combo_total,7.13,2026-07-07T20:37:07
00397058,분기x별도,combo_total,6.28,2026-07-07T20:37:13
01022142,연간x연결,combo_total,5.10,2026-07-07T20:37:26
01022142,연간x별도,combo_total,6.16,2026-07-07T20:37:32
01022142,분기x연결,combo_total,7.13,2026-07-07T20:37:39
01022142,분기x별도,combo_total,7.54,2026-07-07T20:37:47
00396925,연간x연결,combo_total,5.09,2026-07-07T20:37:59
00396925,연간x별도,combo_total,6.19,2026-07-07T20:38:06
00396925,분기x연결,combo_total,7.18,2026-07-07T20:38:13
00396925,분기x별도,combo_total,6.22,2026-07-07T20:38:19
00877174,연간x연결,combo_total,5.09,2026-07-07T20:38:32
00877174,연간x별도,combo_total,6.16,2026-07-07T20:38:38
00877174,분기x연결,combo_total,7.18,2026-07-07T20:38:45
00877174,분기x별도,combo_total,6.29,2026-07-07T20:38:51
01497142,연간x연결,combo_total,5.08,2026-07-07T20:39:04
01497142,연간x별도,combo_total,6.09,2026-07-07T20:39:10
01497142,분기x연결,combo_total,7.27,2026-07-07T20:39:17
01497142,분기x별도,combo_total,6.18,2026-07-07T20:39:24
00531829,연간x연결,combo_total,5.10,2026-07-07T20:39:36
00531829,연간x별도,combo_total,6.14,2026-07-07T20:39:42
00531829,분기x연결,combo_total,7.30,2026-07-07T20:39:50
00531829,분기x별도,combo_total,6.16,2026-07-07T20:39:56
00121154,연간x연결,combo_total,5.12,2026-07-07T20:40:09
00121154,연간x별도,combo_total,6.23,2026-07-07T20:40:15
00121154,분기x연결,combo_total,7.33,2026-07-07T20:40:22
00121154,분기x별도,combo_total,6.30,2026-07-07T20:40:29
00259545,연간x연결,combo_total,5.24,2026-07-07T20:40:41
00259545,연간x별도,combo_total,6.22,2026-07-07T20:40:47
00259545,분기x연결,combo_total,7.18,2026-07-07T20:40:55
00259545,분기x별도,combo_total,6.29,2026-07-07T20:41:01
01217795,연간x연결,combo_total,5.08,2026-07-07T20:41:13
01217795,연간x별도,combo_total,6.24,2026-07-07T20:41:20
01217795,분기x연결,combo_total,7.21,2026-07-07T20:41:27
01217795,분기x별도,combo_total,6.11,2026-07-07T20:41:33
00137915,연간x연결,combo_total,5.12,2026-07-07T20:41:45
00137915,연간x별도,combo_total,6.10,2026-07-07T20:41:51
00137915,분기x연결,combo_total,7.37,2026-07-07T20:41:59
00137915,분기x별도,combo_total,6.24,2026-07-07T20:42:05
00670766,연간x연결,combo_total,5.06,2026-07-07T20:42:17
00670766,연간x별도,combo_total,6.08,2026-07-07T20:42:23
00670766,분기x연결,combo_total,7.14,2026-07-07T20:42:30
00670766,분기x별도,combo_total,6.27,2026-07-07T20:42:37
01563922,연간x연결,combo_total,5.09,2026-07-07T20:42:49
01563922,연간x별도,combo_total,6.12,2026-07-07T20:42:55
01563922,분기x연결,combo_total,7.11,2026-07-07T20:43:02
01563922,분기x별도,combo_total,6.08,2026-07-07T20:43:08
00110884,연간x연결,combo_total,5.15,2026-07-07T20:43:21
00110884,연간x별도,combo_total,6.11,2026-07-07T20:43:27
00110884,분기x연결,combo_total,7.24,2026-07-07T20:43:34
00110884,분기x별도,combo_total,6.22,2026-07-07T20:43:40
00121686,연간x연결,combo_total,5.09,2026-07-07T20:43:53
00121686,연간x별도,combo_total,6.12,2026-07-07T20:43:59
00121686,분기x연결,combo_total,7.32,2026-07-07T20:44:06
00121686,분기x별도,combo_total,6.42,2026-07-07T20:44:13
00143226,연간x연결,combo_total,5.15,2026-07-07T20:44:25
00143226,연간x별도,combo_total,6.22,2026-07-07T20:44:31
00143226,분기x연결,combo_total,7.29,2026-07-07T20:44:39
00143226,분기x별도,combo_total,6.24,2026-07-07T20:44:45
00833064,연간x연결,combo_total,5.10,2026-07-07T20:44:57
00833064,연간x별도,combo_total,6.12,2026-07-07T20:45:03
00833064,분기x연결,combo_total,7.15,2026-07-07T20:45:11
00833064,분기x별도,combo_total,6.28,2026-07-07T20:45:17
00766106,연간x연결,combo_total,5.06,2026-07-07T20:45:29
00766106,연간x별도,combo_total,6.15,2026-07-07T20:45:35
00766106,분기x연결,combo_total,7.22,2026-07-07T20:45:43
00766106,분기x별도,combo_total,6.19,2026-07-07T20:45:49
00532129,연간x연결,combo_total,5.10,2026-07-07T20:46:01
00532129,연간x별도,combo_total,6.13,2026-07-07T20:46:07
00532129,분기x연결,combo_total,7.34,2026-07-07T20:46:15
00532129,분기x별도,combo_total,6.27,2026-07-07T20:46:21
00569646,연간x연결,combo_total,5.12,2026-07-07T20:46:33
00569646,연간x별도,combo_total,6.12,2026-07-07T20:46:39
00569646,분기x연결,combo_total,7.24,2026-07-07T20:46:47
00569646,분기x별도,combo_total,6.21,2026-07-07T20:46:53
00659976,연간x연결,combo_total,5.11,2026-07-07T20:47:05
00659976,연간x별도,combo_total,6.27,2026-07-07T20:47:12
00659976,분기x연결,combo_total,7.26,2026-07-07T20:47:19
00659976,분기x별도,combo_total,6.21,2026-07-07T20:47:25
00259934,연간x연결,combo_total,5.12,2026-07-07T20:47:38
00259934,연간x별도,combo_total,6.23,2026-07-07T20:47:44
00259934,분기x연결,combo_total,7.23,2026-07-07T20:47:51
00259934,분기x별도,combo_total,6.25,2026-07-07T20:47:57
01166109,연간x연결,combo_total,5.11,2026-07-07T20:48:10
01166109,연간x별도,combo_total,6.14,2026-07-07T20:48:16
01166109,분기x연결,combo_total,7.21,2026-07-07T20:48:23
01166109,분기x별도,combo_total,6.15,2026-07-07T20:48:29
01626391,연간x연결,combo_total,5.05,2026-07-07T20:48:41
01626391,연간x별도,combo_total,6.09,2026-07-07T20:48:48
01626391,분기x연결,combo_total,7.13,2026-07-07T20:48:55
01626391,분기x별도,combo_total,6.11,2026-07-07T20:49:01
01169434,연간x연결,combo_total,5.30,2026-07-07T20:49:14
01169434,연간x별도,combo_total,6.13,2026-07-07T20:49:20
01169434,분기x연결,combo_total,7.22,2026-07-07T20:49:27
01169434,분기x별도,combo_total,6.20,2026-07-07T20:49:33
00220969,연간x연결,combo_total,5.20,2026-07-07T20:49:46
00220969,연간x별도,combo_total,6.19,2026-07-07T20:49:52
00220969,분기x연결,combo_total,7.25,2026-07-07T20:49:59
00220969,분기x별도,combo_total,6.36,2026-07-07T20:50:05
00623184,연간x연결,combo_total,5.14,2026-07-07T20:50:18
00623184,연간x별도,combo_total,6.35,2026-07-07T20:50:24
00623184,분기x연결,combo_total,7.26,2026-07-07T20:50:31
00623184,분기x별도,combo_total,6.20,2026-07-07T20:50:38
00529815,연간x연결,combo_total,5.08,2026-07-07T20:50:50
00529815,연간x별도,combo_total,6.24,2026-07-07T20:50:56
00529815,분기x연결,combo_total,7.33,2026-07-07T20:51:03
00529815,분기x별도,combo_total,6.37,2026-07-07T20:51:10
00141556,연간x연결,combo_total,5.16,2026-07-07T20:51:22
00141556,연간x별도,combo_total,6.21,2026-07-07T20:51:28
00141556,분기x연결,combo_total,7.27,2026-07-07T20:51:36
00141556,분기x별도,combo_total,6.31,2026-07-07T20:51:42
01016479,연간x연결,combo_total,5.06,2026-07-07T20:51:54
01016479,연간x별도,combo_total,6.09,2026-07-07T20:52:00
01016479,분기x연결,combo_total,7.18,2026-07-07T20:52:08
01016479,분기x별도,combo_total,6.17,2026-07-07T20:52:14
00297989,연간x연결,combo_total,5.19,2026-07-07T20:52:26
00297989,연간x별도,combo_total,6.17,2026-07-07T20:52:33
00297989,분기x연결,combo_total,7.16,2026-07-07T20:52:40
00297989,분기x별도,combo_total,6.26,2026-07-07T20:52:46
01658831,연간x연결,combo_total,5.12,2026-07-07T20:52:58
01658831,연간x별도,combo_total,6.09,2026-07-07T20:53:04
01658831,분기x연결,combo_total,7.12,2026-07-07T20:53:12
01658831,분기x별도,combo_total,6.12,2026-07-07T20:53:18
00141608,연간x연결,combo_total,5.12,2026-07-07T20:53:30
00141608,연간x별도,combo_total,6.28,2026-07-07T20:53:36
00141608,분기x연결,combo_total,7.22,2026-07-07T20:53:43
00141608,분기x별도,combo_total,6.26,2026-07-07T20:53:50
00300405,연간x연결,combo_total,5.12,2026-07-07T20:54:02
00300405,연간x별도,combo_total,6.20,2026-07-07T20:54:08
00300405,분기x연결,combo_total,7.31,2026-07-07T20:54:16
00300405,분기x별도,combo_total,6.32,2026-07-07T20:54:22
00141671,연간x연결,combo_total,6.30,2026-07-07T20:54:33
00141671,연간x별도,combo_total,6.24,2026-07-07T20:54:39
00141671,분기x연결,combo_total,7.23,2026-07-07T20:54:46
00141671,분기x별도,combo_total,6.29,2026-07-07T20:54:53
01472930,연간x연결,combo_total,5.09,2026-07-07T20:55:05
01472930,연간x별도,combo_total,6.11,2026-07-07T20:55:11
01472930,분기x연결,combo_total,7.13,2026-07-07T20:55:18
01472930,분기x별도,combo_total,6.33,2026-07-07T20:55:25
00494546,연간x연결,combo_total,5.14,2026-07-07T20:55:35
00494546,연간x별도,combo_total,6.22,2026-07-07T20:55:41
00494546,분기x연결,combo_total,7.28,2026-07-07T20:55:48
00494546,분기x별도,combo_total,6.13,2026-07-07T20:55:54
00226547,연간x연결,combo_total,5.19,2026-07-07T20:56:07
00226547,연간x별도,combo_total,6.34,2026-07-07T20:56:13
00226547,분기x연결,combo_total,7.36,2026-07-07T20:56:20
00226547,분기x별도,combo_total,6.29,2026-07-07T20:56:27
00260657,연간x연결,combo_total,5.10,2026-07-07T20:56:37
00260657,연간x별도,combo_total,6.20,2026-07-07T20:56:43
00260657,분기x연결,combo_total,7.21,2026-07-07T20:56:50
00260657,분기x별도,combo_total,6.26,2026-07-07T20:56:56
00350048,연간x연결,combo_total,5.13,2026-07-07T20:57:09
00350048,연간x별도,combo_total,6.20,2026-07-07T20:57:15
00350048,분기x연결,combo_total,7.28,2026-07-07T20:57:22
00350048,분기x별도,combo_total,6.25,2026-07-07T20:57:28
00349811,연간x연결,combo_total,5.10,2026-07-07T20:57:38
00349811,연간x별도,combo_total,6.22,2026-07-07T20:57:44
00349811,분기x연결,combo_total,7.27,2026-07-07T20:57:52
00349811,분기x별도,combo_total,6.30,2026-07-07T20:57:58
00263654,연간x연결,combo_total,5.22,2026-07-07T20:58:11
00263654,연간x별도,combo_total,6.31,2026-07-07T20:58:17
00263654,분기x연결,combo_total,7.27,2026-07-07T20:58:24
00263654,분기x별도,combo_total,6.36,2026-07-07T20:58:31
01082348,연간x연결,combo_total,5.06,2026-07-07T20:58:40
01082348,연간x별도,combo_total,6.14,2026-07-07T20:58:46
01082348,분기x연결,combo_total,7.18,2026-07-07T20:58:54
01082348,분기x별도,combo_total,6.19,2026-07-07T20:59:00
00175173,연간x연결,combo_total,5.12,2026-07-07T20:59:12
00175173,연간x별도,combo_total,6.26,2026-07-07T20:59:18
00175173,분기x연결,combo_total,7.31,2026-07-07T20:59:26
00175173,분기x별도,combo_total,6.28,2026-07-07T20:59:32
01428948,연간x연결,combo_total,5.07,2026-07-07T20:59:44
01428948,연간x별도,combo_total,6.12,2026-07-07T20:59:50
01428948,분기x연결,combo_total,7.13,2026-07-07T20:59:57
01428948,분기x별도,combo_total,6.10,2026-07-07T21:00:03
01491607,연간x연결,combo_total,5.10,2026-07-07T21:00:16
01491607,연간x별도,combo_total,6.12,2026-07-07T21:00:22
01491607,분기x연결,combo_total,7.13,2026-07-07T21:00:29
01491607,분기x별도,combo_total,6.12,2026-07-07T21:00:35
00571483,연간x연결,combo_total,5.13,2026-07-07T21:00:45
00571483,연간x별도,combo_total,6.24,2026-07-07T21:00:51
00571483,분기x연결,combo_total,7.22,2026-07-07T21:00:58
00571483,분기x별도,combo_total,6.22,2026-07-07T21:01:05
00543107,연간x연결,combo_total,5.18,2026-07-07T21:01:17
00543107,연간x별도,combo_total,6.10,2026-07-07T21:01:23
00543107,분기x연결,combo_total,7.29,2026-07-07T21:01:30
00543107,분기x별도,combo_total,6.39,2026-07-07T21:01:37
00397289,연간x연결,combo_total,5.19,2026-07-07T21:01:49
00397289,연간x별도,combo_total,6.22,2026-07-07T21:01:55
00397289,분기x연결,combo_total,7.31,2026-07-07T21:02:03
00397289,분기x별도,combo_total,6.29,2026-07-07T21:02:09
01084294,연간x연결,combo_total,5.18,2026-07-07T21:02:22
01084294,연간x별도,combo_total,6.15,2026-07-07T21:02:28
01084294,분기x연결,combo_total,7.35,2026-07-07T21:02:35
01084294,분기x별도,combo_total,6.24,2026-07-07T21:02:41
00867849,연간x연결,combo_total,5.09,2026-07-07T21:02:54
00867849,연간x별도,combo_total,6.15,2026-07-07T21:03:00
00867849,분기x연결,combo_total,7.19,2026-07-07T21:03:07
00867849,분기x별도,combo_total,6.25,2026-07-07T21:03:13
01585155,연간x연결,combo_total,5.07,2026-07-07T21:03:25
01585155,연간x별도,combo_total,6.13,2026-07-07T21:03:32
01585155,분기x연결,combo_total,7.15,2026-07-07T21:03:39
01585155,분기x별도,combo_total,6.18,2026-07-07T21:03:45
00335076,연간x연결,combo_total,5.50,2026-07-07T21:03:58
00335076,연간x별도,combo_total,6.17,2026-07-07T21:04:04
00335076,분기x연결,combo_total,7.24,2026-07-07T21:04:11
00335076,분기x별도,combo_total,6.24,2026-07-07T21:04:17
01571107,연간x연결,combo_total,5.08,2026-07-07T21:04:30
01571107,연간x별도,combo_total,6.08,2026-07-07T21:04:36
01571107,분기x연결,combo_total,7.21,2026-07-07T21:04:43
01571107,분기x별도,combo_total,6.24,2026-07-07T21:04:49
01632912,연간x연결,combo_total,5.11,2026-07-07T21:05:02
01632912,연간x별도,combo_total,6.14,2026-07-07T21:05:08
01632912,분기x연결,combo_total,7.10,2026-07-07T21:05:15
01632912,분기x별도,combo_total,6.23,2026-07-07T21:05:21
01423916,연간x연결,combo_total,5.16,2026-07-07T21:05:34
01423916,연간x별도,combo_total,6.10,2026-07-07T21:05:40
01423916,분기x연결,combo_total,7.22,2026-07-07T21:05:47
01423916,분기x별도,combo_total,6.28,2026-07-07T21:05:53
01070149,연간x연결,combo_total,5.16,2026-07-07T21:06:06
01070149,연간x별도,combo_total,6.13,2026-07-07T21:06:12
01070149,분기x연결,combo_total,7.24,2026-07-07T21:06:19
01070149,분기x별도,combo_total,6.18,2026-07-07T21:06:26
01113718,연간x연결,combo_total,5.13,2026-07-07T21:06:38
01113718,연간x별도,combo_total,6.12,2026-07-07T21:06:44
01113718,분기x연결,combo_total,7.30,2026-07-07T21:06:52
01113718,분기x별도,combo_total,6.19,2026-07-07T21:06:58
00265005,연간x연결,combo_total,5.17,2026-07-07T21:07:10
00265005,연간x별도,combo_total,6.20,2026-07-07T21:07:16
00265005,분기x연결,combo_total,7.26,2026-07-07T21:07:24
00265005,분기x별도,combo_total,6.29,2026-07-07T21:07:30
00831428,연간x연결,combo_total,5.22,2026-07-07T21:07:43
00831428,연간x별도,combo_total,6.28,2026-07-07T21:07:49
00831428,분기x연결,combo_total,7.46,2026-07-07T21:07:56
00831428,분기x별도,combo_total,6.42,2026-07-07T21:08:03
00327396,연간x연결,combo_total,5.25,2026-07-07T21:08:16
00327396,연간x별도,combo_total,6.18,2026-07-07T21:08:22
00327396,분기x연결,combo_total,7.29,2026-07-07T21:08:29
00327396,분기x별도,combo_total,6.35,2026-07-07T21:08:35
00660291,연간x연결,combo_total,5.17,2026-07-07T21:08:48
00660291,연간x별도,combo_total,6.17,2026-07-07T21:08:54
00660291,분기x연결,combo_total,7.53,2026-07-07T21:09:02
00660291,분기x별도,combo_total,6.28,2026-07-07T21:09:08
01506990,연간x연결,combo_total,5.20,2026-07-07T21:09:21
01506990,연간x별도,combo_total,6.28,2026-07-07T21:09:27
01506990,분기x연결,combo_total,7.24,2026-07-07T21:09:34
01506990,분기x별도,combo_total,6.09,2026-07-07T21:09:40
00971726,연간x연결,combo_total,5.12,2026-07-07T21:09:53
00971726,연간x별도,combo_total,6.14,2026-07-07T21:09:59
00971726,분기x연결,combo_total,7.26,2026-07-07T21:10:06
00971726,분기x별도,combo_total,6.40,2026-07-07T21:10:13
01406265,연간x연결,combo_total,5.10,2026-07-07T21:10:25
01406265,연간x별도,combo_total,6.13,2026-07-07T21:10:31
01406265,분기x연결,combo_total,7.13,2026-07-07T21:10:38
01406265,분기x별도,combo_total,6.09,2026-07-07T21:10:45
01226234,연간x연결,combo_total,5.16,2026-07-07T21:10:57
01226234,연간x별도,combo_total,6.13,2026-07-07T21:11:03
01226234,분기x연결,combo_total,7.14,2026-07-07T21:11:10
01226234,분기x별도,combo_total,6.15,2026-07-07T21:11:17
00759294,연간x연결,combo_total,5.12,2026-07-07T21:11:29
00759294,연간x별도,combo_total,6.12,2026-07-07T21:11:35
00759294,분기x연결,combo_total,7.25,2026-07-07T21:11:42
00759294,분기x별도,combo_total,6.23,2026-07-07T21:11:49
01109539,연간x연결,combo_total,5.08,2026-07-07T21:12:01
01109539,연간x별도,combo_total,6.25,2026-07-07T21:12:07
01109539,분기x연결,combo_total,7.23,2026-07-07T21:12:15
01109539,분기x별도,combo_total,6.24,2026-07-07T21:12:21
00619507,연간x연결,combo_total,5.09,2026-07-07T21:12:33
00619507,연간x별도,combo_total,6.10,2026-07-07T21:12:39
00619507,분기x연결,combo_total,7.20,2026-07-07T21:12:46
00619507,분기x별도,combo_total,6.16,2026-07-07T21:12:53
00250137,연간x연결,combo_total,5.09,2026-07-07T21:13:05
00250137,연간x별도,combo_total,6.18,2026-07-07T21:13:11
00250137,분기x연결,combo_total,7.16,2026-07-07T21:13:18
00250137,분기x별도,combo_total,6.31,2026-07-07T21:13:25
00190756,연간x연결,combo_total,5.08,2026-07-07T21:13:37
00190756,연간x별도,combo_total,6.20,2026-07-07T21:13:43
00190756,분기x연결,combo_total,7.21,2026-07-07T21:13:50
00190756,분기x별도,combo_total,6.33,2026-07-07T21:13:57
00140858,연간x연결,combo_total,5.12,2026-07-07T21:14:09
00140858,연간x별도,combo_total,6.18,2026-07-07T21:14:15
00140858,분기x연결,combo_total,7.27,2026-07-07T21:14:22
00140858,분기x별도,combo_total,6.35,2026-07-07T21:14:29
00870861,연간x연결,combo_total,5.08,2026-07-07T21:14:41
00870861,연간x별도,combo_total,6.10,2026-07-07T21:14:47
00870861,분기x연결,combo_total,7.25,2026-07-07T21:14:55
00870861,분기x별도,combo_total,6.23,2026-07-07T21:15:01
01215618,연간x연결,combo_total,5.10,2026-07-07T21:15:13
01215618,연간x별도,combo_total,6.09,2026-07-07T21:15:19
01215618,분기x연결,combo_total,5.43,2026-07-07T21:15:25
01215618,분기x별도,combo_total,6.19,2026-07-07T21:15:31
00602172,연간x연결,combo_total,5.15,2026-07-07T21:15:43
00602172,연간x별도,combo_total,6.08,2026-07-07T21:15:49
00602172,분기x연결,combo_total,7.22,2026-07-07T21:15:56
00602172,분기x별도,combo_total,6.25,2026-07-07T21:16:03
01023211,연간x연결,combo_total,5.29,2026-07-07T21:16:15
01023211,연간x별도,combo_total,6.17,2026-07-07T21:16:22
01023211,분기x연결,combo_total,7.34,2026-07-07T21:16:29
01023211,분기x별도,combo_total,6.18,2026-07-07T21:16:35
00351427,연간x연결,combo_total,5.19,2026-07-07T21:16:48
00351427,연간x별도,combo_total,6.08,2026-07-07T21:16:54
00351427,분기x연결,combo_total,7.24,2026-07-07T21:17:01
00351427,분기x별도,combo_total,6.17,2026-07-07T21:17:07
01236532,연간x연결,combo_total,5.12,2026-07-07T21:17:20
01236532,연간x별도,combo_total,6.12,2026-07-07T21:17:26
01236532,분기x연결,combo_total,7.13,2026-07-07T21:17:33
01236532,분기x별도,combo_total,6.12,2026-07-07T21:17:39
00613318,연간x연결,combo_total,5.12,2026-07-07T21:17:51
00613318,연간x별도,combo_total,6.11,2026-07-07T21:17:57
00613318,분기x연결,combo_total,7.25,2026-07-07T21:18:05
00613318,분기x별도,combo_total,6.18,2026-07-07T21:18:11
00455875,연간x연결,combo_total,5.10,2026-07-07T21:18:23
00455875,연간x별도,combo_total,6.20,2026-07-07T21:18:30
00455875,분기x연결,combo_total,7.26,2026-07-07T21:18:37
00455875,분기x별도,combo_total,6.24,2026-07-07T21:18:43
01299106,연간x연결,combo_total,5.08,2026-07-07T21:18:56
01299106,연간x별도,combo_total,6.11,2026-07-07T21:19:02
01299106,분기x연결,combo_total,7.15,2026-07-07T21:19:09
01299106,분기x별도,combo_total,6.08,2026-07-07T21:19:15
00231044,연간x연결,combo_total,5.13,2026-07-07T21:19:27
00231044,연간x별도,combo_total,6.22,2026-07-07T21:19:33
00231044,분기x연결,combo_total,7.23,2026-07-07T21:19:41
00231044,분기x별도,combo_total,6.27,2026-07-07T21:19:47
00231664,연간x연결,combo_total,5.11,2026-07-07T21:19:59
00231664,연간x별도,combo_total,6.10,2026-07-07T21:20:06
00231664,분기x연결,combo_total,7.24,2026-07-07T21:20:13
00231664,분기x별도,combo_total,6.23,2026-07-07T21:20:19
00664048,연간x연결,combo_total,5.10,2026-07-07T21:20:31
00664048,연간x별도,combo_total,6.25,2026-07-07T21:20:38
00664048,분기x연결,combo_total,7.16,2026-07-07T21:20:45
00664048,분기x별도,combo_total,6.23,2026-07-07T21:20:51
00296005,연간x연결,combo_total,5.09,2026-07-07T21:21:03
00296005,연간x별도,combo_total,6.10,2026-07-07T21:21:09
00296005,분기x연결,combo_total,7.27,2026-07-07T21:21:17
00296005,분기x별도,combo_total,6.32,2026-07-07T21:21:23
00369107,연간x연결,combo_total,5.12,2026-07-07T21:21:35
00369107,연간x별도,combo_total,6.19,2026-07-07T21:21:41
00369107,분기x연결,combo_total,7.32,2026-07-07T21:21:49
00369107,분기x별도,combo_total,6.32,2026-07-07T21:21:55
01077577,연간x연결,combo_total,5.12,2026-07-07T21:22:07
01077577,연간x별도,combo_total,6.16,2026-07-07T21:22:13
01077577,분기x연결,combo_total,7.29,2026-07-07T21:22:21
01077577,분기x별도,combo_total,6.43,2026-07-07T21:22:27
00359623,연간x연결,combo_total,5.10,2026-07-07T21:22:40
00359623,연간x별도,combo_total,6.16,2026-07-07T21:22:46
00359623,분기x연결,combo_total,7.19,2026-07-07T21:22:53
00359623,분기x별도,combo_total,6.24,2026-07-07T21:22:59
00413417,연간x연결,combo_total,5.10,2026-07-07T21:23:12
00413417,연간x별도,combo_total,6.15,2026-07-07T21:23:18
00413417,분기x연결,combo_total,7.17,2026-07-07T21:23:25
00413417,분기x별도,combo_total,6.12,2026-07-07T21:23:31
00155692,연간x연결,combo_total,5.19,2026-07-07T21:23:44
00155692,연간x별도,combo_total,6.19,2026-07-07T21:23:50
00155692,분기x연결,combo_total,7.25,2026-07-07T21:23:57
00155692,분기x별도,combo_total,6.26,2026-07-07T21:24:03
00815095,연간x연결,combo_total,5.09,2026-07-07T21:24:16
00815095,연간x별도,combo_total,6.13,2026-07-07T21:24:22
00815095,분기x연결,combo_total,7.24,2026-07-07T21:24:29
00815095,분기x별도,combo_total,6.29,2026-07-07T21:24:35
00567222,연간x연결,combo_total,5.10,2026-07-07T21:24:48
00567222,연간x별도,combo_total,6.13,2026-07-07T21:24:54
00567222,분기x연결,combo_total,7.25,2026-07-07T21:25:01
00567222,분기x별도,combo_total,6.25,2026-07-07T21:25:07
00486875,연간x연결,combo_total,5.08,2026-07-07T21:25:20
00486875,연간x별도,combo_total,6.16,2026-07-07T21:25:26
00486875,분기x연결,combo_total,7.22,2026-07-07T21:25:33
00486875,분기x별도,combo_total,6.18,2026-07-07T21:25:39
00450931,연간x연결,combo_total,5.07,2026-07-07T21:25:52
00450931,연간x별도,combo_total,6.11,2026-07-07T21:25:58
00450931,분기x연결,combo_total,7.09,2026-07-07T21:26:05
00450931,분기x별도,combo_total,6.20,2026-07-07T21:26:11
00363246,연간x연결,combo_total,5.12,2026-07-07T21:26:24
00363246,연간x별도,combo_total,6.12,2026-07-07T21:26:30
00363246,분기x연결,combo_total,7.18,2026-07-07T21:26:37
00363246,분기x별도,combo_total,6.25,2026-07-07T21:26:43
01065013,연간x연결,combo_total,5.09,2026-07-07T21:26:56
01065013,연간x별도,combo_total,6.13,2026-07-07T21:27:02
01065013,분기x연결,combo_total,7.21,2026-07-07T21:27:09
01065013,분기x별도,combo_total,6.19,2026-07-07T21:27:15
00390903,연간x연결,combo_total,5.18,2026-07-07T21:27:28
00390903,연간x별도,combo_total,6.15,2026-07-07T21:27:34
00390903,분기x연결,combo_total,8.69,2026-07-07T21:27:42
00390903,분기x별도,combo_total,6.25,2026-07-07T21:27:49
01030503,연간x연결,combo_total,5.09,2026-07-07T21:28:01
01030503,연간x별도,combo_total,6.08,2026-07-07T21:28:07
01030503,분기x연결,combo_total,7.13,2026-07-07T21:28:14
01030503,분기x별도,combo_total,6.11,2026-07-07T21:28:20
00866451,연간x연결,combo_total,5.10,2026-07-07T21:28:33
00866451,연간x별도,combo_total,6.09,2026-07-07T21:28:39
00866451,분기x연결,combo_total,7.15,2026-07-07T21:28:46
00866451,분기x별도,combo_total,6.11,2026-07-07T21:28:52
01326224,연간x연결,combo_total,5.09,2026-07-07T21:29:05
01326224,연간x별도,combo_total,6.11,2026-07-07T21:29:11
01326224,분기x연결,combo_total,7.21,2026-07-07T21:29:18
01326224,분기x별도,combo_total,6.10,2026-07-07T21:29:24
00210980,연간x연결,combo_total,5.17,2026-07-07T21:29:37
00210980,연간x별도,combo_total,6.19,2026-07-07T21:29:43
00210980,분기x연결,combo_total,7.26,2026-07-07T21:29:50
00210980,분기x별도,combo_total,6.28,2026-07-07T21:29:56
00623661,연간x연결,combo_total,5.09,2026-07-07T21:30:09
00623661,연간x별도,combo_total,6.12,2026-07-07T21:30:15
00623661,분기x연결,combo_total,7.22,2026-07-07T21:30:22
00623661,분기x별도,combo_total,6.26,2026-07-07T21:30:28
00128175,연간x연결,combo_total,5.11,2026-07-07T21:30:41
00128175,연간x별도,combo_total,6.20,2026-07-07T21:30:47
00128175,분기x연결,combo_total,7.27,2026-07-07T21:30:54
00128175,분기x별도,combo_total,6.52,2026-07-07T21:31:01
01020843,연간x연결,combo_total,5.09,2026-07-07T21:31:13
01020843,연간x별도,combo_total,6.11,2026-07-07T21:31:19
01020843,분기x연결,combo_total,7.16,2026-07-07T21:31:27
01020843,분기x별도,combo_total,6.22,2026-07-07T21:31:33
00216647,연간x연결,combo_total,5.11,2026-07-07T21:31:45
00216647,연간x별도,combo_total,6.20,2026-07-07T21:31:52
00216647,분기x연결,combo_total,7.29,2026-07-07T21:31:59
00216647,분기x별도,combo_total,6.41,2026-07-07T21:32:05
00488244,연간x연결,combo_total,5.13,2026-07-07T21:32:18
00488244,연간x별도,combo_total,6.10,2026-07-07T21:32:24
00488244,분기x연결,combo_total,7.13,2026-07-07T21:32:31
00488244,분기x별도,combo_total,6.12,2026-07-07T21:32:37
01459212,연간x연결,combo_total,5.08,2026-07-07T21:32:49
01459212,연간x별도,combo_total,6.14,2026-07-07T21:32:56
01459212,분기x연결,combo_total,7.13,2026-07-07T21:33:03
01459212,분기x별도,combo_total,6.17,2026-07-07T21:33:09
01407909,연간x연결,combo_total,5.12,2026-07-07T21:33:21
01407909,연간x별도,combo_total,6.11,2026-07-07T21:33:27
01407909,분기x연결,combo_total,7.13,2026-07-07T21:33:35
01407909,분기x별도,combo_total,6.21,2026-07-07T21:33:41
01441611,연간x연결,combo_total,5.10,2026-07-07T21:33:53
01441611,연간x별도,combo_total,6.11,2026-07-07T21:33:59
01441611,분기x연결,combo_total,7.17,2026-07-07T21:34:06
01441611,분기x별도,combo_total,6.21,2026-07-07T21:34:13
00144012,연간x연결,combo_total,5.09,2026-07-07T21:34:25
00144012,연간x별도,combo_total,6.17,2026-07-07T21:34:31
00144012,분기x연결,combo_total,7.34,2026-07-07T21:34:39
00144012,분기x별도,combo_total,6.53,2026-07-07T21:34:45
00580065,연간x연결,combo_total,5.14,2026-07-07T21:34:58
00580065,연간x별도,combo_total,6.22,2026-07-07T21:35:04
00580065,분기x연결,combo_total,7.61,2026-07-07T21:35:11
00580065,분기x별도,combo_total,6.38,2026-07-07T21:35:18
01408999,연간x연결,combo_total,5.14,2026-07-07T21:35:30
01408999,연간x별도,combo_total,6.27,2026-07-07T21:35:37
01408999,분기x연결,combo_total,7.22,2026-07-07T21:35:44
01408999,분기x별도,combo_total,6.24,2026-07-07T21:35:50
00526696,연간x연결,combo_total,5.16,2026-07-07T21:36:01
00526696,연간x별도,combo_total,6.21,2026-07-07T21:36:08
00526696,분기x연결,combo_total,7.27,2026-07-07T21:36:15
00526696,분기x별도,combo_total,6.22,2026-07-07T21:36:21
01270749,연간x연결,combo_total,5.08,2026-07-07T21:36:33
01270749,연간x별도,combo_total,6.14,2026-07-07T21:36:40
01270749,분기x연결,combo_total,7.20,2026-07-07T21:36:47
01270749,분기x별도,combo_total,6.34,2026-07-07T21:36:53
00362159,연간x연결,combo_total,5.24,2026-07-07T21:37:06
00362159,연간x별도,combo_total,6.22,2026-07-07T21:37:12
00362159,분기x연결,combo_total,7.40,2026-07-07T21:37:19
00362159,분기x별도,combo_total,6.27,2026-07-07T21:37:26
00487546,연간x연결,combo_total,5.19,2026-07-07T21:37:38
00487546,연간x별도,combo_total,6.24,2026-07-07T21:37:44
00487546,분기x연결,combo_total,7.24,2026-07-07T21:37:52
00487546,분기x별도,combo_total,6.33,2026-07-07T21:37:58
00260611,연간x연결,combo_total,5.49,2026-07-07T21:38:11
00260611,연간x별도,combo_total,6.97,2026-07-07T21:38:18
00260611,분기x연결,combo_total,7.58,2026-07-07T21:38:25
00260611,분기x별도,combo_total,6.52,2026-07-07T21:38:32
00864338,연간x연결,combo_total,5.14,2026-07-07T21:38:44
00864338,연간x별도,combo_total,6.31,2026-07-07T21:38:51
00864338,분기x연결,combo_total,7.43,2026-07-07T21:38:58
00864338,분기x별도,combo_total,6.20,2026-07-07T21:39:04
00405320,연간x연결,combo_total,5.12,2026-07-07T21:39:17
00405320,연간x별도,combo_total,6.27,2026-07-07T21:39:23
00405320,분기x연결,combo_total,7.51,2026-07-07T21:39:31
00405320,분기x별도,combo_total,6.28,2026-07-07T21:39:37
00323868,연간x연결,combo_total,5.12,2026-07-07T21:39:50
00323868,연간x별도,combo_total,6.12,2026-07-07T21:39:56
00323868,분기x연결,combo_total,7.22,2026-07-07T21:40:03
00323868,분기x별도,combo_total,6.19,2026-07-07T21:40:09
01137860,연간x연결,combo_total,5.19,2026-07-07T21:40:22
01137860,연간x별도,combo_total,6.31,2026-07-07T21:40:28
01137860,분기x연결,combo_total,7.17,2026-07-07T21:40:35
01137860,분기x별도,combo_total,6.12,2026-07-07T21:40:42
00293886,연간x연결,combo_total,5.10,2026-07-07T21:40:54
00293886,연간x별도,combo_total,6.49,2026-07-07T21:41:00
00293886,분기x연결,combo_total,7.30,2026-07-07T21:41:08
00293886,분기x별도,combo_total,6.26,2026-07-07T21:41:14
00765851,연간x연결,combo_total,5.11,2026-07-07T21:41:26
00765851,연간x별도,combo_total,6.14,2026-07-07T21:41:33
00765851,분기x연결,combo_total,7.22,2026-07-07T21:41:40
00765851,분기x별도,combo_total,6.19,2026-07-07T21:41:46
00925587,연간x연결,combo_total,5.13,2026-07-07T21:41:58
00925587,연간x별도,combo_total,6.19,2026-07-07T21:42:05
00925587,분기x연결,combo_total,7.26,2026-07-07T21:42:12
00925587,분기x별도,combo_total,6.36,2026-07-07T21:42:18
00444329,연간x연결,combo_total,5.35,2026-07-07T21:42:31
00444329,연간x별도,combo_total,6.21,2026-07-07T21:42:37
00444329,분기x연결,combo_total,7.25,2026-07-07T21:42:45
00444329,분기x별도,combo_total,6.29,2026-07-07T21:42:51
00643656,연간x연결,combo_total,5.14,2026-07-07T21:43:03
00643656,연간x별도,combo_total,6.26,2026-07-07T21:43:09
00643656,분기x연결,combo_total,7.16,2026-07-07T21:43:17
00643656,분기x별도,combo_total,6.35,2026-07-07T21:43:23
00815767,연간x연결,combo_total,5.24,2026-07-07T21:43:36
00815767,연간x별도,combo_total,6.21,2026-07-07T21:43:42
00815767,분기x연결,combo_total,7.39,2026-07-07T21:43:49
00815767,분기x별도,combo_total,6.34,2026-07-07T21:43:56
00374738,연간x연결,combo_total,5.13,2026-07-07T21:44:08
00374738,연간x별도,combo_total,6.19,2026-07-07T21:44:15
00374738,분기x연결,combo_total,7.25,2026-07-07T21:44:22
00374738,분기x별도,combo_total,6.12,2026-07-07T21:44:28
00264228,연간x연결,combo_total,5.19,2026-07-07T21:44:41
00264228,연간x별도,combo_total,6.21,2026-07-07T21:44:47
00264228,분기x연결,combo_total,7.31,2026-07-07T21:44:54
00264228,분기x별도,combo_total,6.53,2026-07-07T21:45:01
01276327,연간x연결,combo_total,5.24,2026-07-07T21:45:14
01276327,연간x별도,combo_total,6.20,2026-07-07T21:45:20
01276327,분기x연결,combo_total,7.39,2026-07-07T21:45:27
01276327,분기x별도,combo_total,6.25,2026-07-07T21:45:33
00258360,연간x연결,combo_total,5.11,2026-07-07T21:45:46
00258360,연간x별도,combo_total,6.19,2026-07-07T21:45:52
00258360,분기x연결,combo_total,7.37,2026-07-07T21:46:00
00258360,분기x별도,combo_total,6.27,2026-07-07T21:46:06
01445440,연간x연결,combo_total,5.30,2026-07-07T21:46:18
01445440,연간x별도,combo_total,6.15,2026-07-07T21:46:25
01445440,분기x연결,combo_total,7.18,2026-07-07T21:46:32
01445440,분기x별도,combo_total,6.17,2026-07-07T21:46:38
00868705,연간x연결,combo_total,5.11,2026-07-07T21:46:50
00868705,연간x별도,combo_total,6.46,2026-07-07T21:46:57
00868705,분기x연결,combo_total,7.24,2026-07-07T21:47:04
00868705,분기x별도,combo_total,6.31,2026-07-07T21:47:11
00536286,연간x연결,combo_total,5.09,2026-07-07T21:47:23
00536286,연간x별도,combo_total,6.14,2026-07-07T21:47:29
00536286,분기x연결,combo_total,7.28,2026-07-07T21:47:36
00536286,분기x별도,combo_total,6.26,2026-07-07T21:47:43
00910840,연간x연결,combo_total,5.07,2026-07-07T21:47:55
00910840,연간x별도,combo_total,6.10,2026-07-07T21:48:01
00910840,분기x연결,combo_total,7.22,2026-07-07T21:48:08
00910840,분기x별도,combo_total,6.24,2026-07-07T21:48:15
01405585,연간x연결,combo_total,5.08,2026-07-07T21:48:27
01405585,연간x별도,combo_total,6.08,2026-07-07T21:48:33
01405585,분기x연결,combo_total,7.14,2026-07-07T21:48:40
01405585,분기x별도,combo_total,6.14,2026-07-07T21:48:47
01328639,연간x연결,combo_total,5.07,2026-07-07T21:48:59
01328639,연간x별도,combo_total,6.05,2026-07-07T21:49:05
01328639,분기x연결,combo_total,7.20,2026-07-07T21:49:12
01328639,분기x별도,combo_total,6.16,2026-07-07T21:49:18
00260569,연간x연결,combo_total,5.17,2026-07-07T21:49:31
00260569,연간x별도,combo_total,6.19,2026-07-07T21:49:37
00260569,분기x연결,combo_total,7.27,2026-07-07T21:49:44
00260569,분기x별도,combo_total,6.31,2026-07-07T21:49:51
00144243,연간x연결,combo_total,5.12,2026-07-07T21:50:03
00144243,연간x별도,combo_total,6.19,2026-07-07T21:50:09
00144243,분기x연결,combo_total,7.27,2026-07-07T21:50:16
00144243,분기x별도,combo_total,6.41,2026-07-07T21:50:23
00408266,연간x연결,combo_total,5.15,2026-07-07T21:50:35
00408266,연간x별도,combo_total,6.13,2026-07-07T21:50:41
00408266,분기x연결,combo_total,7.34,2026-07-07T21:50:49
00408266,분기x별도,combo_total,6.34,2026-07-07T21:50:55
00147152,연간x연결,combo_total,5.16,2026-07-07T21:51:07
00147152,연간x별도,combo_total,6.15,2026-07-07T21:51:14
00147152,분기x연결,combo_total,7.23,2026-07-07T21:51:21
00147152,분기x별도,combo_total,6.27,2026-07-07T21:51:27
00540447,연간x연결,combo_total,5.08,2026-07-07T21:51:39
00540447,연간x별도,combo_total,6.19,2026-07-07T21:51:46
00540447,분기x연결,combo_total,7.21,2026-07-07T21:51:53
00540447,분기x별도,combo_total,6.24,2026-07-07T21:51:59
00531865,연간x연결,combo_total,5.09,2026-07-07T21:52:11
00531865,연간x별도,combo_total,6.22,2026-07-07T21:52:18
00531865,분기x연결,combo_total,7.32,2026-07-07T21:52:25
00531865,분기x별도,combo_total,6.27,2026-07-07T21:52:31
00879020,연간x연결,combo_total,5.11,2026-07-07T21:52:43
00879020,연간x별도,combo_total,6.15,2026-07-07T21:52:50
00879020,분기x연결,combo_total,7.27,2026-07-07T21:52:57
00879020,분기x별도,combo_total,6.41,2026-07-07T21:53:03
01498576,연간x연결,combo_total,5.06,2026-07-07T21:53:16
01498576,연간x별도,combo_total,6.09,2026-07-07T21:53:22
01498576,분기x연결,combo_total,7.32,2026-07-07T21:53:29
01498576,분기x별도,combo_total,6.16,2026-07-07T21:53:35
00407294,연간x연결,combo_total,5.07,2026-07-07T21:53:45
00407294,연간x별도,combo_total,6.08,2026-07-07T21:53:51
00407294,분기x연결,combo_total,7.20,2026-07-07T21:53:58
00407294,분기x별도,combo_total,6.16,2026-07-07T21:54:04
00201742,연간x연결,combo_total,5.19,2026-07-07T21:54:17
00201742,연간x별도,combo_total,6.17,2026-07-07T21:54:23
00201742,분기x연결,combo_total,7.27,2026-07-07T21:54:30
00201742,분기x별도,combo_total,6.55,2026-07-07T21:54:37
00927558,연간x연결,combo_total,5.08,2026-07-07T21:54:49
00927558,연간x별도,combo_total,6.10,2026-07-07T21:54:55
00927558,분기x연결,combo_total,7.15,2026-07-07T21:55:02
00927558,분기x별도,combo_total,6.24,2026-07-07T21:55:09
00592653,연간x연결,combo_total,5.14,2026-07-07T21:55:21
00592653,연간x별도,combo_total,6.15,2026-07-07T21:55:27
00592653,분기x연결,combo_total,7.29,2026-07-07T21:55:35
00592653,분기x별도,combo_total,6.37,2026-07-07T21:55:41
00531078,연간x연결,combo_total,5.10,2026-07-07T21:55:53
00531078,연간x별도,combo_total,6.16,2026-07-07T21:56:00
00531078,분기x연결,combo_total,7.28,2026-07-07T21:56:07
00531078,분기x별도,combo_total,6.18,2026-07-07T21:56:13
01203376,연간x연결,combo_total,5.10,2026-07-07T21:56:26
01203376,연간x별도,combo_total,6.10,2026-07-07T21:56:32
01203376,분기x연결,combo_total,7.16,2026-07-07T21:56:39
01203376,분기x별도,combo_total,6.19,2026-07-07T21:56:45
00411385,연간x연결,combo_total,5.10,2026-07-07T21:56:57
00411385,연간x별도,combo_total,6.08,2026-07-07T21:57:03
00411385,분기x연결,combo_total,7.27,2026-07-07T21:57:11
00411385,분기x별도,combo_total,6.54,2026-07-07T21:57:17
00173999,연간x연결,combo_total,5.11,2026-07-07T21:57:30
00173999,연간x별도,combo_total,6.24,2026-07-07T21:57:36
00173999,분기x연결,combo_total,7.53,2026-07-07T21:57:43
00173999,분기x별도,combo_total,6.35,2026-07-07T21:57:50
00144650,연간x연결,combo_total,5.17,2026-07-07T21:58:02
00144650,연간x별도,combo_total,6.47,2026-07-07T21:58:09
00144650,분기x연결,combo_total,7.19,2026-07-07T21:58:16
00144650,분기x별도,combo_total,6.33,2026-07-07T21:58:22
00400121,연간x연결,combo_total,5.11,2026-07-07T21:58:35
00400121,연간x별도,combo_total,6.29,2026-07-07T21:58:41
00400121,분기x연결,combo_total,7.22,2026-07-07T21:58:48
00400121,분기x별도,combo_total,6.32,2026-07-07T21:58:55
00256380,연간x연결,combo_total,5.14,2026-07-07T21:59:07
00256380,연간x별도,combo_total,6.27,2026-07-07T21:59:13
00256380,분기x연결,combo_total,7.25,2026-07-07T21:59:21
00256380,분기x별도,combo_total,6.30,2026-07-07T21:59:27
01196313,연간x연결,combo_total,5.08,2026-07-07T21:59:39
01196313,연간x별도,combo_total,6.10,2026-07-07T21:59:45
01196313,분기x연결,combo_total,7.17,2026-07-07T21:59:53
01196313,분기x별도,combo_total,6.23,2026-07-07T21:59:59
01152586,연간x연결,combo_total,5.13,2026-07-07T22:00:11
01152586,연간x별도,combo_total,6.31,2026-07-07T22:00:18
01152586,분기x연결,combo_total,7.31,2026-07-07T22:00:25
01152586,분기x별도,combo_total,6.42,2026-07-07T22:00:31
00184667,연간x연결,combo_total,5.20,2026-07-07T22:00:44
00184667,연간x별도,combo_total,6.18,2026-07-07T22:00:50
00184667,분기x연결,combo_total,7.29,2026-07-07T22:00:57
00184667,분기x별도,combo_total,6.26,2026-07-07T22:01:04
00234227,연간x연결,combo_total,5.21,2026-07-07T22:01:16
00234227,연간x별도,combo_total,6.21,2026-07-07T22:01:23
00234227,분기x연결,combo_total,7.24,2026-07-07T22:01:30
00234227,분기x별도,combo_total,6.37,2026-07-07T22:01:36
00531014,연간x연결,combo_total,5.17,2026-07-07T22:01:49
00531014,연간x별도,combo_total,6.32,2026-07-07T22:01:55
00531014,분기x연결,combo_total,7.22,2026-07-07T22:02:02
00531014,분기x별도,combo_total,6.27,2026-07-07T22:02:09
01085026,연간x연결,combo_total,5.12,2026-07-07T22:02:21
01085026,연간x별도,combo_total,6.11,2026-07-07T22:02:27
01085026,분기x연결,combo_total,7.19,2026-07-07T22:02:34
01085026,분기x별도,combo_total,6.32,2026-07-07T22:02:41
00961774,연간x연결,combo_total,5.08,2026-07-07T22:02:53
00961774,연간x별도,combo_total,6.10,2026-07-07T22:02:59
00961774,분기x연결,combo_total,7.29,2026-07-07T22:03:06
00961774,분기x별도,combo_total,6.42,2026-07-07T22:03:13
01110678,연간x연결,combo_total,5.10,2026-07-07T22:03:25
01110678,연간x별도,combo_total,6.07,2026-07-07T22:03:31
01110678,분기x연결,combo_total,7.19,2026-07-07T22:03:38
01110678,분기x별도,combo_total,6.16,2026-07-07T22:03:45
00843900,연간x연결,combo_total,5.14,2026-07-07T22:03:57
00843900,연간x별도,combo_total,6.16,2026-07-07T22:04:04
00843900,분기x연결,combo_total,7.20,2026-07-07T22:04:11
00843900,분기x별도,combo_total,6.16,2026-07-07T22:04:17
00925374,연간x연결,combo_total,5.04,2026-07-07T22:04:29
00925374,연간x별도,combo_total,6.07,2026-07-07T22:04:35
00925374,분기x연결,combo_total,7.12,2026-07-07T22:04:42
00925374,분기x별도,combo_total,6.08,2026-07-07T22:04:49
00495633,연간x연결,combo_total,5.14,2026-07-07T22:05:01
00495633,연간x별도,combo_total,6.14,2026-07-07T22:05:07
00495633,분기x연결,combo_total,7.37,2026-07-07T22:05:14
00495633,분기x별도,combo_total,6.13,2026-07-07T22:05:21
00184889,연간x연결,combo_total,5.11,2026-07-07T22:05:33
00184889,연간x별도,combo_total,6.31,2026-07-07T22:05:39
00184889,분기x연결,combo_total,7.25,2026-07-07T22:05:47
00184889,분기x별도,combo_total,6.25,2026-07-07T22:05:53
00364847,연간x연결,combo_total,5.16,2026-07-07T22:06:06
00364847,연간x별도,combo_total,6.17,2026-07-07T22:06:12
00364847,분기x연결,combo_total,7.27,2026-07-07T22:06:19
00364847,분기x별도,combo_total,6.22,2026-07-07T22:06:25
00145473,연간x연결,combo_total,5.19,2026-07-07T22:06:38
00145473,연간x별도,combo_total,6.20,2026-07-07T22:06:44
00145473,분기x연결,combo_total,7.37,2026-07-07T22:06:52
00145473,분기x별도,combo_total,6.30,2026-07-07T22:06:58
01264872,연간x연결,combo_total,5.10,2026-07-07T22:07:10
01264872,연간x별도,combo_total,6.16,2026-07-07T22:07:17
01264872,분기x연결,combo_total,7.14,2026-07-07T22:07:24
01264872,분기x별도,combo_total,6.10,2026-07-07T22:07:30
01258710,연간x연결,combo_total,5.11,2026-07-07T22:07:42
01258710,연간x별도,combo_total,6.09,2026-07-07T22:07:48
01258710,분기x연결,combo_total,7.14,2026-07-07T22:07:55
01258710,분기x별도,combo_total,6.26,2026-07-07T22:08:02
01700587,연간x연결,combo_total,5.22,2026-07-07T22:08:14
01700587,연간x별도,combo_total,6.14,2026-07-07T22:08:20
01700587,분기x연결,combo_total,7.13,2026-07-07T22:08:28
01700587,분기x별도,combo_total,6.10,2026-07-07T22:08:34
00965318,연간x연결,combo_total,5.06,2026-07-07T22:08:46
00965318,연간x별도,combo_total,6.11,2026-07-07T22:08:52
00965318,분기x연결,combo_total,7.14,2026-07-07T22:08:59
00965318,분기x별도,combo_total,6.22,2026-07-07T22:09:06
01341630,연간x연결,combo_total,5.15,2026-07-07T22:09:18
01341630,연간x별도,combo_total,6.16,2026-07-07T22:09:24
01341630,분기x연결,combo_total,7.17,2026-07-07T22:09:31
01341630,분기x별도,combo_total,6.08,2026-07-07T22:09:37
01065679,연간x연결,combo_total,5.09,2026-07-07T22:09:50
01065679,연간x별도,combo_total,6.10,2026-07-07T22:09:56
01065679,분기x연결,combo_total,7.20,2026-07-07T22:10:03
01065679,분기x별도,combo_total,6.20,2026-07-07T22:10:09
01419135,연간x연결,combo_total,5.10,2026-07-07T22:10:21
01419135,연간x별도,combo_total,6.10,2026-07-07T22:10:28
01419135,분기x연결,combo_total,7.14,2026-07-07T22:10:35
01419135,분기x별도,combo_total,6.14,2026-07-07T22:10:41
01407158,연간x연결,combo_total,5.08,2026-07-07T22:10:53
01407158,연간x별도,combo_total,6.07,2026-07-07T22:10:59
01407158,분기x연결,combo_total,7.14,2026-07-07T22:11:06
01407158,분기x별도,combo_total,6.14,2026-07-07T22:11:13
01745173,연간x연결,combo_total,5.09,2026-07-07T22:11:25
01745173,연간x별도,combo_total,6.16,2026-07-07T22:11:31
01745173,분기x연결,combo_total,7.14,2026-07-07T22:11:38
01745173,분기x별도,combo_total,6.26,2026-07-07T22:11:44
00494476,연간x연결,combo_total,5.12,2026-07-07T22:11:57
00494476,연간x별도,combo_total,6.14,2026-07-07T22:12:03
00494476,분기x연결,combo_total,7.28,2026-07-07T22:12:10
00494476,분기x별도,combo_total,6.25,2026-07-07T22:12:16
01237540,연간x연결,combo_total,5.33,2026-07-07T22:12:29
01237540,연간x별도,combo_total,6.09,2026-07-07T22:12:35
01237540,분기x연결,combo_total,7.18,2026-07-07T22:12:43
01237540,분기x별도,combo_total,6.20,2026-07-07T22:12:49
00353610,연간x연결,combo_total,5.10,2026-07-07T22:13:01
00353610,연간x별도,combo_total,6.22,2026-07-07T22:13:07
00353610,분기x연결,combo_total,7.39,2026-07-07T22:13:15
00353610,분기x별도,combo_total,6.17,2026-07-07T22:13:21
00338170,연간x연결,combo_total,5.09,2026-07-07T22:13:33
00338170,연간x별도,combo_total,6.15,2026-07-07T22:13:39
00338170,분기x연결,combo_total,7.17,2026-07-07T22:13:47
00338170,분기x별도,combo_total,6.15,2026-07-07T22:13:53
01199189,연간x연결,combo_total,5.11,2026-07-07T22:14:05
01199189,연간x별도,combo_total,6.18,2026-07-07T22:14:11
01199189,분기x연결,combo_total,7.33,2026-07-07T22:14:19
01199189,분기x별도,combo_total,6.26,2026-07-07T22:14:25
00206659,연간x연결,combo_total,5.19,2026-07-07T22:14:37
00206659,연간x별도,combo_total,6.25,2026-07-07T22:14:44
00206659,분기x연결,combo_total,7.37,2026-07-07T22:14:51
00206659,분기x별도,combo_total,6.29,2026-07-07T22:14:57
00116426,연간x연결,combo_total,5.19,2026-07-07T22:15:10
00116426,연간x별도,combo_total,6.29,2026-07-07T22:15:16
00116426,분기x연결,combo_total,7.27,2026-07-07T22:15:24
00116426,분기x별도,combo_total,6.27,2026-07-07T22:15:30
00390514,연간x연결,combo_total,5.18,2026-07-07T22:15:42
00390514,연간x별도,combo_total,6.19,2026-07-07T22:15:49
00390514,분기x연결,combo_total,7.36,2026-07-07T22:15:56
00390514,분기x별도,combo_total,6.32,2026-07-07T22:16:02
01203659,연간x연결,combo_total,5.12,2026-07-07T22:16:15
01203659,연간x별도,combo_total,6.07,2026-07-07T22:16:21
01203659,분기x연결,combo_total,7.20,2026-07-07T22:16:28
01203659,분기x별도,combo_total,6.12,2026-07-07T22:16:34
00694942,연간x연결,combo_total,5.10,2026-07-07T22:16:47
00694942,연간x별도,combo_total,6.23,2026-07-07T22:16:53
00694942,분기x연결,combo_total,7.35,2026-07-07T22:17:00
00694942,분기x별도,combo_total,6.29,2026-07-07T22:17:07
00533924,연간x연결,combo_total,5.14,2026-07-07T22:17:19
00533924,연간x별도,combo_total,6.58,2026-07-07T22:17:25
00533924,분기x연결,combo_total,7.60,2026-07-07T22:17:33
00533924,분기x별도,combo_total,6.23,2026-07-07T22:17:39
01135640,연간x연결,combo_total,5.09,2026-07-07T22:17:52
01135640,연간x별도,combo_total,6.11,2026-07-07T22:17:58
01135640,분기x연결,combo_total,7.19,2026-07-07T22:18:05
01135640,분기x별도,combo_total,6.14,2026-07-07T22:18:11
00454399,연간x연결,combo_total,5.14,2026-07-07T22:18:24
00454399,연간x별도,combo_total,6.14,2026-07-07T22:18:30
00454399,분기x연결,combo_total,8.61,2026-07-07T22:18:38
00454399,분기x별도,combo_total,6.36,2026-07-07T22:18:45
00526872,연간x연결,combo_total,5.16,2026-07-07T22:18:57
00526872,연간x별도,combo_total,6.10,2026-07-07T22:19:03
00526872,분기x연결,combo_total,7.26,2026-07-07T22:19:11
00526872,분기x별도,combo_total,6.33,2026-07-07T22:19:17
00273420,연간x연결,combo_total,5.10,2026-07-07T22:19:29
00273420,연간x별도,combo_total,6.15,2026-07-07T22:19:36
00273420,분기x연결,combo_total,7.28,2026-07-07T22:19:43
00273420,분기x별도,combo_total,6.29,2026-07-07T22:19:49
01128622,연간x연결,combo_total,5.10,2026-07-07T22:20:02
01128622,연간x별도,combo_total,6.19,2026-07-07T22:20:08
01128622,분기x연결,combo_total,7.20,2026-07-07T22:20:15
01128622,분기x별도,combo_total,6.14,2026-07-07T22:20:21
00400060,연간x연결,combo_total,5.12,2026-07-07T22:20:34
00400060,연간x별도,combo_total,6.17,2026-07-07T22:20:40
00400060,분기x연결,combo_total,7.24,2026-07-07T22:20:47
00400060,분기x별도,combo_total,6.32,2026-07-07T22:20:54
01544468,연간x연결,combo_total,5.10,2026-07-07T22:21:06
01544468,연간x별도,combo_total,6.12,2026-07-07T22:21:12
01544468,분기x연결,combo_total,7.19,2026-07-07T22:21:19
01544468,분기x별도,combo_total,6.09,2026-07-07T22:21:25
00530185,연간x연결,combo_total,5.15,2026-07-07T22:21:38
00530185,연간x별도,combo_total,6.26,2026-07-07T22:21:44
00530185,분기x연결,combo_total,7.24,2026-07-07T22:21:51
00530185,분기x별도,combo_total,6.29,2026-07-07T22:21:58
00137289,연간x연결,combo_total,5.20,2026-07-07T22:22:10
00137289,연간x별도,combo_total,6.30,2026-07-07T22:22:16
00137289,분기x연결,combo_total,7.30,2026-07-07T22:22:24
00137289,분기x별도,combo_total,6.29,2026-07-07T22:22:30
00374020,연간x연결,combo_total,5.42,2026-07-07T22:22:43
00374020,연간x별도,combo_total,6.11,2026-07-07T22:22:49
00374020,분기x연결,combo_total,7.26,2026-07-07T22:22:56
00374020,분기x별도,combo_total,6.24,2026-07-07T22:23:02
00616290,연간x연결,combo_total,5.13,2026-07-07T22:23:15
00616290,연간x별도,combo_total,6.15,2026-07-07T22:23:21
00616290,분기x연결,combo_total,7.29,2026-07-07T22:23:29
00616290,분기x별도,combo_total,6.25,2026-07-07T22:23:35
00475718,연간x연결,combo_total,5.12,2026-07-07T22:23:47
00475718,연간x별도,combo_total,6.19,2026-07-07T22:23:53
00475718,분기x연결,combo_total,7.44,2026-07-07T22:24:01
00475718,분기x별도,combo_total,6.25,2026-07-07T22:24:07
00541163,연간x연결,combo_total,5.24,2026-07-07T22:24:20
00541163,연간x별도,combo_total,6.23,2026-07-07T22:24:26
00541163,분기x연결,combo_total,7.29,2026-07-07T22:24:33
00541163,분기x별도,combo_total,6.26,2026-07-07T22:24:39
00246417,연간x연결,combo_total,5.21,2026-07-07T22:24:52
00246417,연간x별도,combo_total,6.15,2026-07-07T22:24:58
00246417,분기x연결,combo_total,7.30,2026-07-07T22:25:05
00246417,분기x별도,combo_total,6.28,2026-07-07T22:25:12
01274310,연간x연결,combo_total,5.15,2026-07-07T22:25:24
01274310,연간x별도,combo_total,6.09,2026-07-07T22:25:30
01274310,분기x연결,combo_total,7.18,2026-07-07T22:25:38
01274310,분기x별도,combo_total,6.22,2026-07-07T22:25:44
00409140,연간x연결,combo_total,5.22,2026-07-07T22:25:55
00409140,연간x별도,combo_total,6.14,2026-07-07T22:26:02
00409140,분기x연결,combo_total,7.29,2026-07-07T22:26:09
00409140,분기x별도,combo_total,6.25,2026-07-07T22:26:15
01480568,연간x연결,combo_total,5.07,2026-07-07T22:26:28
01480568,연간x별도,combo_total,6.09,2026-07-07T22:26:34
01480568,분기x연결,combo_total,7.15,2026-07-07T22:26:41
01480568,분기x별도,combo_total,6.11,2026-07-07T22:26:47
01211889,연간x연결,combo_total,5.07,2026-07-07T22:26:59
01211889,연간x별도,combo_total,6.09,2026-07-07T22:27:05
01211889,분기x연결,combo_total,7.20,2026-07-07T22:27:12
01211889,분기x별도,combo_total,6.11,2026-07-07T22:27:19
00490090,연간x연결,combo_total,5.08,2026-07-07T22:27:31
00490090,연간x별도,combo_total,6.09,2026-07-07T22:27:37
00490090,분기x연결,combo_total,7.20,2026-07-07T22:27:44
00490090,분기x별도,combo_total,6.11,2026-07-07T22:27:50
01140837,연간x연결,combo_total,5.11,2026-07-07T22:28:03
01140837,연간x별도,combo_total,6.09,2026-07-07T22:28:09
01140837,분기x연결,combo_total,7.16,2026-07-07T22:28:16
01140837,분기x별도,combo_total,6.11,2026-07-07T22:28:22
00242378,연간x연결,combo_total,5.12,2026-07-07T22:28:34
00242378,연간x별도,combo_total,6.12,2026-07-07T22:28:40
00242378,분기x연결,combo_total,7.25,2026-07-07T22:28:48
00242378,분기x별도,combo_total,6.22,2026-07-07T22:28:54
00634728,연간x연결,combo_total,5.10,2026-07-07T22:29:04
00634728,연간x별도,combo_total,6.23,2026-07-07T22:29:10
00634728,분기x연결,combo_total,7.33,2026-07-07T22:29:17
00634728,분기x별도,combo_total,6.30,2026-07-07T22:29:24
00788737,연간x연결,combo_total,5.21,2026-07-07T22:29:36
00788737,연간x별도,combo_total,6.14,2026-07-07T22:29:42
00788737,분기x연결,combo_total,7.29,2026-07-07T22:29:50
00788737,분기x별도,combo_total,6.24,2026-07-07T22:29:56
00145668,연간x연결,combo_total,5.19,2026-07-07T22:30:06
00145668,연간x별도,combo_total,6.16,2026-07-07T22:30:12
00145668,분기x연결,combo_total,7.52,2026-07-07T22:30:19
00145668,분기x별도,combo_total,6.31,2026-07-07T22:30:26
00269922,연간x연결,combo_total,5.22,2026-07-07T22:30:38
00269922,연간x별도,combo_total,6.20,2026-07-07T22:30:45
00269922,분기x연결,combo_total,7.31,2026-07-07T22:30:52
00269922,분기x별도,combo_total,6.29,2026-07-07T22:30:58
00367871,연간x연결,combo_total,5.14,2026-07-07T22:31:08
00367871,연간x별도,combo_total,6.11,2026-07-07T22:31:14
00367871,분기x연결,combo_total,7.47,2026-07-07T22:31:22
00367871,분기x별도,combo_total,6.20,2026-07-07T22:31:28
00409371,연간x연결,combo_total,5.19,2026-07-07T22:31:40
00409371,연간x별도,combo_total,6.16,2026-07-07T22:31:47
00409371,분기x연결,combo_total,7.33,2026-07-07T22:31:54
00409371,분기x별도,combo_total,6.32,2026-07-07T22:32:00
01869710,연간x연결,combo_total,5.11,2026-07-07T22:32:10
01869710,연간x별도,combo_total,6.11,2026-07-07T22:32:16
01869710,분기x연결,combo_total,7.10,2026-07-07T22:32:23
01869710,분기x별도,combo_total,6.08,2026-07-07T22:32:29
01516456,연간x연결,combo_total,5.14,2026-07-07T22:32:42
01516456,연간x별도,combo_total,6.13,2026-07-07T22:32:48
01516456,분기x연결,combo_total,7.14,2026-07-07T22:32:55
01516456,분기x별도,combo_total,6.22,2026-07-07T22:33:01
01243161,연간x연결,combo_total,5.16,2026-07-07T22:33:14
01243161,연간x별도,combo_total,6.21,2026-07-07T22:33:20
01243161,분기x연결,combo_total,7.25,2026-07-07T22:33:27
01243161,분기x별도,combo_total,6.17,2026-07-07T22:33:33
00375931,연간x연결,combo_total,5.17,2026-07-07T22:33:46
00375931,연간x별도,combo_total,6.18,2026-07-07T22:33:52
00375931,분기x연결,combo_total,7.33,2026-07-07T22:33:59
00375931,분기x별도,combo_total,6.25,2026-07-07T22:34:06
00229021,연간x연결,combo_total,5.16,2026-07-07T22:34:15
00229021,연간x별도,combo_total,6.15,2026-07-07T22:34:22
00229021,분기x연결,combo_total,7.43,2026-07-07T22:34:29
00229021,분기x별도,combo_total,6.32,2026-07-07T22:34:35
01222113,연간x연결,combo_total,5.10,2026-07-07T22:34:48
01222113,연간x별도,combo_total,6.08,2026-07-07T22:34:54
01222113,분기x연결,combo_total,7.16,2026-07-07T22:35:01
01222113,분기x별도,combo_total,6.11,2026-07-07T22:35:07
01284876,연간x연결,combo_total,5.12,2026-07-07T22:35:19
01284876,연간x별도,combo_total,6.08,2026-07-07T22:35:25
01284876,분기x연결,combo_total,7.17,2026-07-07T22:35:33
01284876,분기x별도,combo_total,6.15,2026-07-07T22:35:39
00265421,연간x연결,combo_total,5.18,2026-07-07T22:35:51
00265421,연간x별도,combo_total,6.44,2026-07-07T22:35:58
00265421,분기x연결,combo_total,7.23,2026-07-07T22:36:05
00265421,분기x별도,combo_total,6.28,2026-07-07T22:36:11
00641171,연간x연결,combo_total,5.21,2026-07-07T22:36:20
00641171,연간x별도,combo_total,6.13,2026-07-07T22:36:26
00641171,분기x연결,combo_total,7.42,2026-07-07T22:36:33
00641171,분기x별도,combo_total,6.30,2026-07-07T22:36:40
01013694,연간x연결,combo_total,5.09,2026-07-07T22:36:52
01013694,연간x별도,combo_total,6.12,2026-07-07T22:36:58
01013694,분기x연결,combo_total,7.16,2026-07-07T22:37:05
01013694,분기x별도,combo_total,6.18,2026-07-07T22:37:12
00475976,연간x연결,combo_total,5.13,2026-07-07T22:37:24
00475976,연간x별도,combo_total,6.24,2026-07-07T22:37:30
00475976,분기x연결,combo_total,7.36,2026-07-07T22:37:38
00475976,분기x별도,combo_total,6.36,2026-07-07T22:37:44
00390408,연간x연결,combo_total,5.11,2026-07-07T22:37:56
00390408,연간x별도,combo_total,6.21,2026-07-07T22:38:03
00390408,분기x연결,combo_total,7.18,2026-07-07T22:38:10
00390408,분기x별도,combo_total,6.32,2026-07-07T22:38:16
00819073,연간x연결,combo_total,5.13,2026-07-07T22:38:28
00819073,연간x별도,combo_total,6.10,2026-07-07T22:38:34
00819073,분기x연결,combo_total,7.25,2026-07-07T22:38:42
00819073,분기x별도,combo_total,6.24,2026-07-07T22:38:48
00226866,연간x연결,combo_total,5.13,2026-07-07T22:39:00
00226866,연간x별도,combo_total,6.37,2026-07-07T22:39:07
00226866,분기x연결,combo_total,7.31,2026-07-07T22:39:14
00226866,분기x별도,combo_total,6.23,2026-07-07T22:39:20
00604426,연간x연결,combo_total,5.08,2026-07-07T22:39:30
00604426,연간x별도,combo_total,6.10,2026-07-07T22:39:36
00604426,분기x연결,combo_total,7.27,2026-07-07T22:39:44
00604426,분기x별도,combo_total,6.21,2026-07-07T22:39:50
00145914,연간x연결,combo_total,5.09,2026-07-07T22:40:02
00145914,연간x별도,combo_total,6.21,2026-07-07T22:40:08
00145914,분기x연결,combo_total,7.25,2026-07-07T22:40:16
00145914,분기x별도,combo_total,6.22,2026-07-07T22:40:22
00369170,연간x연결,combo_total,5.10,2026-07-07T22:40:31
00369170,연간x별도,combo_total,6.12,2026-07-07T22:40:38
00369170,분기x연결,combo_total,7.39,2026-07-07T22:40:45
00369170,분기x별도,combo_total,6.36,2026-07-07T22:40:51
00479787,연간x연결,combo_total,5.07,2026-07-07T22:41:04
00479787,연간x별도,combo_total,6.18,2026-07-07T22:41:10
00479787,분기x연결,combo_total,7.26,2026-07-07T22:41:17
00479787,분기x별도,combo_total,6.21,2026-07-07T22:41:23
00664181,연간x연결,combo_total,5.07,2026-07-07T22:41:36
00664181,연간x별도,combo_total,6.10,2026-07-07T22:41:42
00664181,분기x연결,combo_total,7.25,2026-07-07T22:41:49
00664181,분기x별도,combo_total,6.15,2026-07-07T22:41:55
01374443,연간x연결,combo_total,5.05,2026-07-07T22:42:07
01374443,연간x별도,combo_total,6.11,2026-07-07T22:42:13
01374443,분기x연결,combo_total,7.11,2026-07-07T22:42:21
01374443,분기x별도,combo_total,6.11,2026-07-07T22:42:27
00292434,연간x연결,combo_total,5.13,2026-07-07T22:42:39
00292434,연간x별도,combo_total,6.23,2026-07-07T22:42:45
00292434,분기x연결,combo_total,7.43,2026-07-07T22:42:53
00292434,분기x별도,combo_total,6.35,2026-07-07T22:42:59
00470829,연간x연결,combo_total,5.22,2026-07-07T22:43:11
00470829,연간x별도,combo_total,6.23,2026-07-07T22:43:18
00470829,분기x연결,combo_total,7.37,2026-07-07T22:43:25
00470829,분기x별도,combo_total,6.38,2026-07-07T22:43:31
00491415,연간x연결,combo_total,5.15,2026-07-07T22:43:44
00491415,연간x별도,combo_total,6.13,2026-07-07T22:43:50
00491415,분기x연결,combo_total,7.34,2026-07-07T22:43:57
00491415,분기x별도,combo_total,6.33,2026-07-07T22:44:04
00243757,연간x연결,combo_total,5.25,2026-07-07T22:44:16
00243757,연간x별도,combo_total,6.21,2026-07-07T22:44:22
00243757,분기x연결,combo_total,7.32,2026-07-07T22:44:30
00243757,분기x별도,combo_total,6.29,2026-07-07T22:44:36
00482426,연간x연결,combo_total,5.19,2026-07-07T22:44:49
00482426,연간x별도,combo_total,6.26,2026-07-07T22:44:55
00482426,분기x연결,combo_total,7.29,2026-07-07T22:45:02
00482426,분기x별도,combo_total,6.26,2026-07-07T22:45:08
01396676,연간x연결,combo_total,5.10,2026-07-07T22:45:21
01396676,연간x별도,combo_total,6.12,2026-07-07T22:45:27
01396676,분기x연결,combo_total,7.13,2026-07-07T22:45:34
01396676,분기x별도,combo_total,6.24,2026-07-07T22:45:40
00385415,연간x연결,combo_total,5.13,2026-07-07T22:45:53
00385415,연간x별도,combo_total,6.23,2026-07-07T22:45:59
00385415,분기x연결,combo_total,7.29,2026-07-07T22:46:06
00385415,분기x별도,combo_total,6.31,2026-07-07T22:46:13
00923826,연간x연결,combo_total,5.18,2026-07-07T22:46:25
00923826,연간x별도,combo_total,6.18,2026-07-07T22:46:31
00923826,분기x연결,combo_total,7.37,2026-07-07T22:46:39
00923826,분기x별도,combo_total,6.33,2026-07-07T22:46:45
00146560,연간x연결,combo_total,5.31,2026-07-07T22:46:58
00146560,연간x별도,combo_total,6.21,2026-07-07T22:47:04
00146560,분기x연결,combo_total,7.41,2026-07-07T22:47:12
00146560,분기x별도,combo_total,6.66,2026-07-07T22:47:18
00485177,연간x연결,combo_total,5.17,2026-07-07T22:47:31
00485177,연간x별도,combo_total,6.21,2026-07-07T22:47:37
00485177,분기x연결,combo_total,7.40,2026-07-07T22:47:44
00485177,분기x별도,combo_total,6.41,2026-07-07T22:47:51
01165739,연간x연결,combo_total,5.21,2026-07-07T22:48:03
01165739,연간x별도,combo_total,6.20,2026-07-07T22:48:10
01165739,분기x연결,combo_total,7.31,2026-07-07T22:48:17
01165739,분기x별도,combo_total,6.24,2026-07-07T22:48:23
00261656,연간x연결,combo_total,5.14,2026-07-07T22:48:36
00261656,연간x별도,combo_total,6.16,2026-07-07T22:48:42
00261656,분기x연결,combo_total,7.57,2026-07-07T22:48:49
00261656,분기x별도,combo_total,6.32,2026-07-07T22:48:56
01365038,연간x연결,combo_total,5.21,2026-07-07T22:49:08
01365038,연간x별도,combo_total,6.23,2026-07-07T22:49:15
01365038,분기x연결,combo_total,7.22,2026-07-07T22:49:22
01365038,분기x별도,combo_total,6.26,2026-07-07T22:49:28
01174038,연간x연결,combo_total,5.14,2026-07-07T22:49:41
01174038,연간x별도,combo_total,6.14,2026-07-07T22:49:47
01174038,분기x연결,combo_total,7.27,2026-07-07T22:49:54
01174038,분기x별도,combo_total,6.15,2026-07-07T22:50:00
00418379,연간x연결,combo_total,5.14,2026-07-07T22:50:13
00418379,연간x별도,combo_total,6.22,2026-07-07T22:50:19
00418379,분기x연결,combo_total,7.34,2026-07-07T22:50:26
00418379,분기x별도,combo_total,6.38,2026-07-07T22:50:33
01020524,연간x연결,combo_total,5.16,2026-07-07T22:50:45
01020524,연간x별도,combo_total,6.43,2026-07-07T22:50:52
01020524,분기x연결,combo_total,7.19,2026-07-07T22:50:59
01020524,분기x별도,combo_total,6.31,2026-07-07T22:51:05
01264438,연간x연결,combo_total,5.14,2026-07-07T22:51:18
01264438,연간x별도,combo_total,6.14,2026-07-07T22:51:24
01264438,분기x연결,combo_total,7.28,2026-07-07T22:51:31
01264438,분기x별도,combo_total,6.17,2026-07-07T22:51:38
00147082,연간x연결,combo_total,5.13,2026-07-07T22:51:50
00147082,연간x별도,combo_total,6.26,2026-07-07T22:51:57
00147082,분기x연결,combo_total,7.33,2026-07-07T22:52:04
00147082,분기x별도,combo_total,6.35,2026-07-07T22:52:10
01383229,연간x연결,combo_total,5.11,2026-07-07T22:52:23
01383229,연간x별도,combo_total,6.17,2026-07-07T22:52:29
01383229,분기x연결,combo_total,7.22,2026-07-07T22:52:37
01383229,분기x별도,combo_total,6.23,2026-07-07T22:52:43
00632793,연간x연결,combo_total,5.17,2026-07-07T22:52:55
00632793,연간x별도,combo_total,6.22,2026-07-07T22:53:02
00632793,분기x연결,combo_total,7.41,2026-07-07T22:53:09
00632793,분기x별도,combo_total,6.62,2026-07-07T22:53:16
01047415,연간x연결,combo_total,5.12,2026-07-07T22:53:28
01047415,연간x별도,combo_total,6.16,2026-07-07T22:53:34
01047415,분기x연결,combo_total,7.36,2026-07-07T22:53:42
01047415,분기x별도,combo_total,6.36,2026-07-07T22:53:48
00287788,연간x연결,combo_total,5.40,2026-07-07T22:54:01
00287788,연간x별도,combo_total,6.25,2026-07-07T22:54:07
00287788,분기x연결,combo_total,7.38,2026-07-07T22:54:15
00287788,분기x별도,combo_total,6.45,2026-07-07T22:54:21
00147772,연간x연결,combo_total,5.14,2026-07-07T22:54:34
00147772,연간x별도,combo_total,6.23,2026-07-07T22:54:40
00147772,분기x연결,combo_total,7.36,2026-07-07T22:54:47
00147772,분기x별도,combo_total,6.41,2026-07-07T22:54:54
00666204,연간x연결,combo_total,5.23,2026-07-07T22:55:05
00666204,연간x별도,combo_total,6.20,2026-07-07T22:55:11
00666204,분기x연결,combo_total,7.23,2026-07-07T22:55:18
00666204,분기x별도,combo_total,6.33,2026-07-07T22:55:25
00545929,연간x연결,combo_total,5.13,2026-07-07T22:55:37
00545929,연간x별도,combo_total,6.20,2026-07-07T22:55:43
00545929,분기x연결,combo_total,7.21,2026-07-07T22:55:51
00545929,분기x별도,combo_total,6.34,2026-07-07T22:55:57
00799539,연간x연결,combo_total,5.20,2026-07-07T22:56:08
00799539,연간x별도,combo_total,6.20,2026-07-07T22:56:15
00799539,분기x연결,combo_total,7.22,2026-07-07T22:56:22
00799539,분기x별도,combo_total,6.32,2026-07-07T22:56:28
01014718,연간x연결,combo_total,5.15,2026-07-07T22:56:41
01014718,연간x별도,combo_total,6.14,2026-07-07T22:56:47
01014718,분기x연결,combo_total,7.32,2026-07-07T22:56:54
01014718,분기x별도,combo_total,6.16,2026-07-07T22:57:00
01062177,연간x연결,combo_total,5.14,2026-07-07T22:57:13
01062177,연간x별도,combo_total,6.17,2026-07-07T22:57:19
01062177,분기x연결,combo_total,7.24,2026-07-07T22:57:26
01062177,분기x별도,combo_total,6.16,2026-07-07T22:57:32
00624998,연간x연결,combo_total,5.39,2026-07-07T22:57:45
00624998,연간x별도,combo_total,6.25,2026-07-07T22:57:51
00624998,분기x연결,combo_total,7.30,2026-07-07T22:57:58
00624998,분기x별도,combo_total,6.35,2026-07-07T22:58:05
01293485,연간x연결,combo_total,5.12,2026-07-07T22:58:17
01293485,연간x별도,combo_total,6.10,2026-07-07T22:58:23
01293485,분기x연결,combo_total,7.34,2026-07-07T22:58:30
01293485,분기x별도,combo_total,6.13,2026-07-07T22:58:37
00563837,연간x연결,combo_total,5.19,2026-07-07T22:58:49
00563837,연간x별도,combo_total,6.22,2026-07-07T22:58:55
00563837,분기x연결,combo_total,7.42,2026-07-07T22:59:03
00563837,분기x별도,combo_total,6.40,2026-07-07T22:59:09
00899556,연간x연결,combo_total,5.14,2026-07-07T22:59:19
00899556,연간x별도,combo_total,6.17,2026-07-07T22:59:25
00899556,분기x연결,combo_total,7.37,2026-07-07T22:59:33
00899556,분기x별도,combo_total,6.36,2026-07-07T22:59:39
00185356,연간x연결,combo_total,5.25,2026-07-07T22:59:51
00185356,연간x별도,combo_total,6.20,2026-07-07T22:59:58
00185356,분기x연결,combo_total,7.37,2026-07-07T23:00:05
00185356,분기x별도,combo_total,6.42,2026-07-07T23:00:11
00442570,연간x연결,combo_total,5.15,2026-07-07T23:00:21
00442570,연간x별도,combo_total,6.20,2026-07-07T23:00:27
00442570,분기x연결,combo_total,7.31,2026-07-07T23:00:35
00442570,분기x별도,combo_total,6.30,2026-07-07T23:00:41
00361381,연간x연결,combo_total,5.16,2026-07-07T23:00:54
00361381,연간x별도,combo_total,6.19,2026-07-07T23:01:00
00361381,분기x연결,combo_total,7.34,2026-07-07T23:01:07
00361381,분기x별도,combo_total,6.37,2026-07-07T23:01:13
00493185,연간x연결,combo_total,5.23,2026-07-07T23:01:23
00493185,연간x별도,combo_total,6.38,2026-07-07T23:01:30
00493185,분기x연결,combo_total,7.27,2026-07-07T23:01:37
00493185,분기x별도,combo_total,6.34,2026-07-07T23:01:43
00148531,연간x연결,combo_total,5.16,2026-07-07T23:01:56
00148531,연간x별도,combo_total,6.24,2026-07-07T23:02:02
00148531,분기x연결,combo_total,7.19,2026-07-07T23:02:09
00148531,분기x별도,combo_total,6.34,2026-07-07T23:02:16
00664853,연간x연결,combo_total,5.24,2026-07-07T23:02:26
00664853,연간x별도,combo_total,6.22,2026-07-07T23:02:32
00664853,분기x연결,combo_total,7.54,2026-07-07T23:02:39
00664853,분기x별도,combo_total,6.40,2026-07-07T23:02:46
00223513,연간x연결,combo_total,5.17,2026-07-07T23:02:59
00223513,연간x별도,combo_total,6.25,2026-07-07T23:03:05
00223513,분기x연결,combo_total,7.33,2026-07-07T23:03:12
00223513,분기x별도,combo_total,6.31,2026-07-07T23:03:18
01367586,연간x연결,combo_total,5.21,2026-07-07T23:03:28
01367586,연간x별도,combo_total,6.11,2026-07-07T23:03:35
01367586,분기x연결,combo_total,7.22,2026-07-07T23:03:42
01367586,분기x별도,combo_total,6.20,2026-07-07T23:03:48
00447575,연간x연결,combo_total,5.25,2026-07-07T23:04:01
00447575,연간x별도,combo_total,6.16,2026-07-07T23:04:07
00447575,분기x연결,combo_total,7.26,2026-07-07T23:04:14
00447575,분기x별도,combo_total,6.30,2026-07-07T23:04:20
00642541,연간x연결,combo_total,5.19,2026-07-07T23:04:30
00642541,연간x별도,combo_total,6.15,2026-07-07T23:04:36
00642541,분기x연결,combo_total,7.35,2026-07-07T23:04:44
00642541,분기x별도,combo_total,6.29,2026-07-07T23:04:50
00120289,연간x연결,combo_total,5.16,2026-07-07T23:05:02
00120289,연간x별도,combo_total,6.32,2026-07-07T23:05:09
00120289,분기x연결,combo_total,7.31,2026-07-07T23:05:16
00120289,분기x별도,combo_total,6.31,2026-07-07T23:05:23
01309421,연간x연결,combo_total,5.19,2026-07-07T23:05:32
01309421,연간x별도,combo_total,6.24,2026-07-07T23:05:39
01309421,분기x연결,combo_total,7.38,2026-07-07T23:05:46
01309421,분기x별도,combo_total,6.18,2026-07-07T23:05:52
00442154,연간x연결,combo_total,5.20,2026-07-07T23:06:05
00442154,연간x별도,combo_total,6.15,2026-07-07T23:06:11
00442154,분기x연결,combo_total,7.31,2026-07-07T23:06:18
00442154,분기x별도,combo_total,6.34,2026-07-07T23:06:25
01153293,연간x연결,combo_total,5.18,2026-07-07T23:06:35
01153293,연간x별도,combo_total,6.18,2026-07-07T23:06:41
01153293,분기x연결,combo_total,7.38,2026-07-07T23:06:48
01153293,분기x별도,combo_total,6.24,2026-07-07T23:06:54
00222435,연간x연결,combo_total,5.17,2026-07-07T23:07:07
00222435,연간x별도,combo_total,6.34,2026-07-07T23:07:13
00222435,분기x연결,combo_total,7.37,2026-07-07T23:07:21
00222435,분기x별도,combo_total,6.35,2026-07-07T23:07:27
00533508,연간x연결,combo_total,5.30,2026-07-07T23:07:37
00533508,연간x별도,combo_total,6.36,2026-07-07T23:07:43
00533508,분기x연결,combo_total,8.08,2026-07-07T23:07:51
00533508,분기x별도,combo_total,6.43,2026-07-07T23:07:58
00411808,연간x연결,combo_total,5.14,2026-07-07T23:08:10
00411808,연간x별도,combo_total,6.17,2026-07-07T23:08:17
00411808,분기x연결,combo_total,7.19,2026-07-07T23:08:24
00411808,분기x별도,combo_total,6.21,2026-07-07T23:08:30
01553129,연간x연결,combo_total,5.20,2026-07-07T23:08:40
01553129,연간x별도,combo_total,6.21,2026-07-07T23:08:46
01553129,분기x연결,combo_total,7.28,2026-07-07T23:08:53
01553129,분기x별도,combo_total,6.25,2026-07-07T23:09:00
00365457,연간x연결,combo_total,5.15,2026-07-07T23:09:12
00365457,연간x별도,combo_total,6.35,2026-07-07T23:09:19
00365457,분기x연결,combo_total,7.45,2026-07-07T23:09:26
00365457,분기x별도,combo_total,6.39,2026-07-07T23:09:32
00185301,연간x연결,combo_total,5.15,2026-07-07T23:09:42
00185301,연간x별도,combo_total,6.15,2026-07-07T23:09:48
00185301,분기x연결,combo_total,7.17,2026-07-07T23:09:55
00185301,분기x별도,combo_total,6.24,2026-07-07T23:10:02
00528791,연간x연결,combo_total,5.14,2026-07-07T23:10:14
00528791,연간x별도,combo_total,6.12,2026-07-07T23:10:20
00528791,분기x연결,combo_total,7.18,2026-07-07T23:10:28
00528791,분기x별도,combo_total,6.19,2026-07-07T23:10:34
00148470,연간x연결,combo_total,5.19,2026-07-07T23:10:46
00148470,연간x별도,combo_total,6.15,2026-07-07T23:10:52
00148470,분기x연결,combo_total,7.17,2026-07-07T23:10:59
00148470,분기x별도,combo_total,6.27,2026-07-07T23:11:06
00148595,연간x연결,combo_total,5.30,2026-07-07T23:11:19
00148595,연간x별도,combo_total,6.28,2026-07-07T23:11:25
00148595,분기x연결,combo_total,7.40,2026-07-07T23:11:32
00148595,분기x별도,combo_total,6.32,2026-07-07T23:11:39
00447487,연간x연결,combo_total,5.25,2026-07-07T23:11:51
00447487,연간x별도,combo_total,6.34,2026-07-07T23:11:58
00447487,분기x연결,combo_total,7.37,2026-07-07T23:12:05
00447487,분기x별도,combo_total,6.40,2026-07-07T23:12:11
01222867,연간x연결,combo_total,5.15,2026-07-07T23:12:24
01222867,연간x별도,combo_total,6.14,2026-07-07T23:12:30
01222867,분기x연결,combo_total,7.22,2026-07-07T23:12:37
01222867,분기x별도,combo_total,6.28,2026-07-07T23:12:44
01391103,연간x연결,combo_total,5.19,2026-07-07T23:12:56
01391103,연간x별도,combo_total,6.16,2026-07-07T23:13:02
01391103,분기x연결,combo_total,7.32,2026-07-07T23:13:10
01391103,분기x별도,combo_total,6.23,2026-07-07T23:13:16
01051472,연간x연결,combo_total,5.15,2026-07-07T23:13:29
01051472,연간x별도,combo_total,6.12,2026-07-07T23:13:35
01051472,분기x연결,combo_total,7.23,2026-07-07T23:13:42
01051472,분기x별도,combo_total,6.24,2026-07-07T23:13:48
00492894,연간x연결,combo_total,5.19,2026-07-07T23:14:01
00492894,연간x별도,combo_total,6.26,2026-07-07T23:14:07
00492894,분기x연결,combo_total,7.39,2026-07-07T23:14:15
00492894,분기x별도,combo_total,6.36,2026-07-07T23:14:21
00231831,연간x연결,combo_total,5.20,2026-07-07T23:14:34
00231831,연간x별도,combo_total,6.22,2026-07-07T23:14:40
00231831,분기x연결,combo_total,7.32,2026-07-07T23:14:47
00231831,분기x별도,combo_total,6.38,2026-07-07T23:14:54
00397252,연간x연결,combo_total,5.19,2026-07-07T23:15:07
00397252,연간x별도,combo_total,6.28,2026-07-07T23:15:13
00397252,분기x연결,combo_total,7.36,2026-07-07T23:15:21
00397252,분기x별도,combo_total,6.26,2026-07-07T23:15:27
01335453,연간x연결,combo_total,5.20,2026-07-07T23:15:40
01335453,연간x별도,combo_total,6.16,2026-07-07T23:15:46
01335453,분기x연결,combo_total,7.26,2026-07-07T23:15:53
01335453,분기x별도,combo_total,6.32,2026-07-07T23:15:59
00122205,연간x연결,combo_total,5.24,2026-07-07T23:16:12
00122205,연간x별도,combo_total,6.19,2026-07-07T23:16:18
00122205,분기x연결,combo_total,7.46,2026-07-07T23:16:26
00122205,분기x별도,combo_total,6.36,2026-07-07T23:16:32
00205003,연간x연결,combo_total,5.16,2026-07-07T23:16:45
00205003,연간x별도,combo_total,6.22,2026-07-07T23:16:51
00205003,분기x연결,combo_total,7.35,2026-07-07T23:16:58
00205003,분기x별도,combo_total,6.37,2026-07-07T23:17:05
00252135,연간x연결,combo_total,5.18,2026-07-07T23:17:17
00252135,연간x별도,combo_total,6.28,2026-07-07T23:17:23
00252135,분기x연결,combo_total,7.36,2026-07-07T23:17:31
00252135,분기x별도,combo_total,6.43,2026-07-07T23:17:37
00415327,연간x연결,combo_total,5.20,2026-07-07T23:17:50
00415327,연간x별도,combo_total,6.21,2026-07-07T23:17:56
00415327,분기x연결,combo_total,7.36,2026-07-07T23:18:04
00415327,분기x별도,combo_total,6.38,2026-07-07T23:18:10
00149770,연간x연결,combo_total,5.28,2026-07-07T23:18:23
00149770,연간x별도,combo_total,6.31,2026-07-07T23:18:29
00149770,분기x연결,combo_total,7.35,2026-07-07T23:18:37
00149770,분기x별도,combo_total,6.39,2026-07-07T23:18:43
00347716,연간x연결,combo_total,5.15,2026-07-07T23:18:55
00347716,연간x별도,combo_total,6.35,2026-07-07T23:19:02
00347716,분기x연결,combo_total,7.33,2026-07-07T23:19:09
00347716,분기x별도,combo_total,6.32,2026-07-07T23:19:16
01026616,연간x연결,combo_total,5.24,2026-07-07T23:19:28
01026616,연간x별도,combo_total,6.19,2026-07-07T23:19:35
01026616,분기x연결,combo_total,7.18,2026-07-07T23:19:42
01026616,분기x별도,combo_total,6.19,2026-07-07T23:19:48
01108248,연간x연결,combo_total,5.14,2026-07-07T23:20:01
01108248,연간x별도,combo_total,6.19,2026-07-07T23:20:07
01108248,분기x연결,combo_total,7.47,2026-07-07T23:20:14
01108248,분기x별도,combo_total,6.30,2026-07-07T23:20:21
01276026,연간x연결,combo_total,5.14,2026-07-07T23:20:33
01276026,연간x별도,combo_total,6.15,2026-07-07T23:20:39
01276026,분기x연결,combo_total,7.26,2026-07-07T23:20:47
01276026,분기x별도,combo_total,6.24,2026-07-07T23:20:53
01494154,연간x연결,combo_total,5.15,2026-07-07T23:21:05
01494154,연간x별도,combo_total,6.15,2026-07-07T23:21:12
01494154,분기x연결,combo_total,7.28,2026-07-07T23:21:19
01494154,분기x별도,combo_total,6.24,2026-07-07T23:21:25
00962223,연간x연결,combo_total,5.27,2026-07-07T23:21:38
00962223,연간x별도,combo_total,6.20,2026-07-07T23:21:44
00962223,분기x연결,combo_total,7.32,2026-07-07T23:21:52
00962223,분기x별도,combo_total,6.28,2026-07-07T23:21:58
01318933,연간x연결,combo_total,5.20,2026-07-07T23:22:11
01318933,연간x별도,combo_total,6.24,2026-07-07T23:22:17
01318933,분기x연결,combo_total,7.21,2026-07-07T23:22:24
01318933,분기x별도,combo_total,4.40,2026-07-07T23:22:28
01047169,연간x연결,combo_total,5.13,2026-07-07T23:22:41
01047169,연간x별도,combo_total,6.17,2026-07-07T23:22:47
01047169,분기x연결,combo_total,7.28,2026-07-07T23:22:54
01047169,분기x별도,combo_total,6.24,2026-07-07T23:23:01
01693922,연간x연결,combo_total,5.30,2026-07-07T23:23:12
01693922,연간x별도,combo_total,6.15,2026-07-07T23:23:18
01693922,분기x연결,combo_total,7.20,2026-07-07T23:23:26
01693922,분기x별도,combo_total,6.22,2026-07-07T23:23:32
01010642,연간x연결,combo_total,5.12,2026-07-07T23:23:45
01010642,연간x별도,combo_total,6.21,2026-07-07T23:23:51
01010642,분기x연결,combo_total,7.25,2026-07-07T23:23:58
01010642,분기x별도,combo_total,6.24,2026-07-07T23:24:04
01432598,연간x연결,combo_total,5.30,2026-07-07T23:24:16
01432598,연간x별도,combo_total,6.27,2026-07-07T23:24:22
01432598,분기x연결,combo_total,7.18,2026-07-07T23:24:29
01432598,분기x별도,combo_total,6.25,2026-07-07T23:24:35
01325429,연간x연결,combo_total,5.15,2026-07-07T23:24:48
01325429,연간x별도,combo_total,6.28,2026-07-07T23:24:54
01325429,분기x연결,combo_total,7.30,2026-07-07T23:25:02
01325429,분기x별도,combo_total,6.31,2026-07-07T23:25:08
01351080,연간x연결,combo_total,4.45,2026-07-07T23:25:19
01351080,연간x별도,combo_total,6.24,2026-07-07T23:25:25
01351080,분기x연결,combo_total,7.27,2026-07-07T23:25:32
01351080,분기x별도,combo_total,6.21,2026-07-07T23:25:39
01311310,연간x연결,combo_total,5.11,2026-07-07T23:25:51
01311310,연간x별도,combo_total,6.19,2026-07-07T23:25:57
01311310,분기x연결,combo_total,7.21,2026-07-07T23:26:05
01311310,분기x별도,combo_total,6.28,2026-07-07T23:26:11
00389110,연간x연결,combo_total,4.49,2026-07-07T23:26:22
00389110,연간x별도,combo_total,6.38,2026-07-07T23:26:28
00389110,분기x연결,combo_total,7.38,2026-07-07T23:26:36
00389110,분기x별도,combo_total,6.42,2026-07-07T23:26:42
00351995,연간x연결,combo_total,5.56,2026-07-07T23:26:55
00351995,연간x별도,combo_total,6.28,2026-07-07T23:27:01
00351995,분기x연결,combo_total,7.32,2026-07-07T23:27:09
00351995,분기x별도,combo_total,6.37,2026-07-07T23:27:15
01221752,연간x연결,combo_total,4.45,2026-07-07T23:27:26
01221752,연간x별도,combo_total,6.14,2026-07-07T23:27:32
01221752,분기x연결,combo_total,7.27,2026-07-07T23:27:39
01221752,분기x별도,combo_total,6.20,2026-07-07T23:27:45
01450938,연간x연결,combo_total,5.17,2026-07-07T23:27:58
01450938,연간x별도,combo_total,6.15,2026-07-07T23:28:04
01450938,분기x연결,combo_total,7.22,2026-07-07T23:28:11
01450938,분기x별도,combo_total,6.20,2026-07-07T23:28:17
00626464,연간x연결,combo_total,5.46,2026-07-07T23:28:29
00626464,연간x별도,combo_total,6.18,2026-07-07T23:28:36
00626464,분기x연결,combo_total,7.40,2026-07-07T23:28:43
00626464,분기x별도,combo_total,6.36,2026-07-07T23:28:49
00258102,연간x연결,combo_total,5.16,2026-07-07T23:29:02
00258102,연간x별도,combo_total,6.19,2026-07-07T23:29:08
00258102,분기x연결,combo_total,7.37,2026-07-07T23:29:15
00258102,분기x별도,combo_total,6.32,2026-07-07T23:29:22
01042359,연간x연결,combo_total,5.26,2026-07-07T23:29:33
01042359,연간x별도,combo_total,6.18,2026-07-07T23:29:39
01042359,분기x연결,combo_total,7.49,2026-07-07T23:29:47
01042359,분기x별도,combo_total,6.30,2026-07-07T23:29:53
00668965,연간x연결,combo_total,5.19,2026-07-07T23:30:06
00668965,연간x별도,combo_total,6.14,2026-07-07T23:30:12
00668965,분기x연결,combo_total,7.21,2026-07-07T23:30:19
00668965,분기x별도,combo_total,6.27,2026-07-07T23:30:25
01577952,연간x연결,combo_total,5.28,2026-07-07T23:30:37
01577952,연간x별도,combo_total,6.16,2026-07-07T23:30:43
01577952,분기x연결,combo_total,7.28,2026-07-07T23:30:50
01577952,분기x별도,combo_total,6.21,2026-07-07T23:30:57
01462605,연간x연결,combo_total,5.12,2026-07-07T23:31:09
01462605,연간x별도,combo_total,6.17,2026-07-07T23:31:15
01462605,분기x연결,combo_total,7.18,2026-07-07T23:31:22
01462605,분기x별도,combo_total,6.22,2026-07-07T23:31:29
00170877,연간x연결,combo_total,5.17,2026-07-07T23:31:40
00170877,연간x별도,combo_total,6.35,2026-07-07T23:31:46
00170877,분기x연결,combo_total,7.33,2026-07-07T23:31:54
00170877,분기x별도,combo_total,6.37,2026-07-07T23:32:00
00552992,연간x연결,combo_total,5.24,2026-07-07T23:32:13
00552992,연간x별도,combo_total,6.24,2026-07-07T23:32:19
00552992,분기x연결,combo_total,7.31,2026-07-07T23:32:26
00552992,분기x별도,combo_total,6.31,2026-07-07T23:32:33
00491053,연간x연결,combo_total,5.47,2026-07-07T23:32:45
00491053,연간x별도,combo_total,6.26,2026-07-07T23:32:51
00491053,분기x연결,combo_total,7.44,2026-07-07T23:32:58
00491053,분기x별도,combo_total,6.40,2026-07-07T23:33:05
00174208,연간x연결,combo_total,5.19,2026-07-07T23:33:17
00174208,연간x별도,combo_total,6.24,2026-07-07T23:33:24
00174208,분기x연결,combo_total,7.36,2026-07-07T23:33:31
00174208,분기x별도,combo_total,6.43,2026-07-07T23:33:37
01437858,연간x연결,combo_total,4.47,2026-07-07T23:33:48
01437858,연간x별도,combo_total,6.15,2026-07-07T23:33:55
01437858,분기x연결,combo_total,7.26,2026-07-07T23:34:02
01437858,분기x별도,combo_total,6.22,2026-07-07T23:34:08
00150536,연간x연결,combo_total,5.26,2026-07-07T23:34:21
00150536,연간x별도,combo_total,6.28,2026-07-07T23:34:27
00150536,분기x연결,combo_total,7.38,2026-07-07T23:34:35
00150536,분기x별도,combo_total,6.39,2026-07-07T23:34:41
00816933,연간x연결,combo_total,4.45,2026-07-07T23:34:52
00816933,연간x별도,combo_total,6.14,2026-07-07T23:34:58
00816933,분기x연결,combo_total,7.26,2026-07-07T23:35:06
00816933,분기x별도,combo_total,6.17,2026-07-07T23:35:12
00525679,연간x연결,combo_total,5.14,2026-07-07T23:35:24
00525679,연간x별도,combo_total,6.20,2026-07-07T23:35:30
00525679,분기x연결,combo_total,7.31,2026-07-07T23:35:38
00525679,분기x별도,combo_total,6.45,2026-07-07T23:35:44
00909835,연간x연결,combo_total,4.41,2026-07-07T23:35:55
00909835,연간x별도,combo_total,6.20,2026-07-07T23:36:01
00909835,분기x연결,combo_total,7.22,2026-07-07T23:36:09
00909835,분기x별도,combo_total,6.23,2026-07-07T23:36:15
00606770,연간x연결,combo_total,5.14,2026-07-07T23:36:27
00606770,연간x별도,combo_total,6.24,2026-07-07T23:36:34
00606770,분기x연결,combo_total,7.27,2026-07-07T23:36:41
00606770,분기x별도,combo_total,6.40,2026-07-07T23:36:47
00123523,연간x연결,combo_total,5.34,2026-07-07T23:36:59
00123523,연간x별도,combo_total,6.30,2026-07-07T23:37:06
00123523,분기x연결,combo_total,7.57,2026-07-07T23:37:13
00123523,분기x별도,combo_total,6.44,2026-07-07T23:37:20
01279698,연간x연결,combo_total,0.65,2026-07-07T23:37:27
01279698,연간x별도,combo_total,1.64,2026-07-07T23:37:28
01279698,분기x연결,combo_total,8.70,2026-07-07T23:37:37
01279698,분기x별도,combo_total,6.17,2026-07-07T23:37:43
00897752,연간x연결,combo_total,5.44,2026-07-07T23:37:56
00897752,연간x별도,combo_total,6.23,2026-07-07T23:38:02
00897752,분기x연결,combo_total,7.34,2026-07-07T23:38:10
00897752,분기x별도,combo_total,6.26,2026-07-07T23:38:16
01534577,연간x연결,combo_total,7.09,2026-07-07T23:38:30
01534577,연간x별도,combo_total,6.16,2026-07-07T23:38:37
01534577,분기x연결,combo_total,7.25,2026-07-07T23:38:44
01534577,분기x별도,combo_total,6.31,2026-07-07T23:38:50
00151605,연간x연결,combo_total,5.29,2026-07-07T23:39:03
00151605,연간x별도,combo_total,6.35,2026-07-07T23:39:09
00151605,분기x연결,combo_total,7.29,2026-07-07T23:39:16
00151605,분기x별도,combo_total,6.55,2026-07-07T23:39:23
00216434,연간x연결,combo_total,5.13,2026-07-07T23:39:35
00216434,연간x별도,combo_total,6.21,2026-07-07T23:39:42
00216434,분기x연결,combo_total,7.43,2026-07-07T23:39:49
00216434,분기x별도,combo_total,6.28,2026-07-07T23:39:55
00299464,연간x연결,combo_total,4.51,2026-07-07T23:40:06
00299464,연간x별도,combo_total,6.42,2026-07-07T23:40:13
00299464,분기x연결,combo_total,7.47,2026-07-07T23:40:20
00299464,분기x별도,combo_total,6.41,2026-07-07T23:40:27
00579971,연간x연결,combo_total,5.14,2026-07-07T23:40:39
00579971,연간x별도,combo_total,6.21,2026-07-07T23:40:46
00579971,분기x연결,combo_total,7.25,2026-07-07T23:40:53
00579971,분기x별도,combo_total,6.26,2026-07-07T23:40:59
01782183,연간x연결,combo_total,5.17,2026-07-07T23:41:12
01782183,연간x별도,combo_total,6.22,2026-07-07T23:41:18
01782183,분기x연결,combo_total,7.17,2026-07-07T23:41:25
01782183,분기x별도,combo_total,6.17,2026-07-07T23:41:31
00152260,연간x연결,combo_total,5.20,2026-07-07T23:41:44
00152260,연간x별도,combo_total,6.30,2026-07-07T23:41:50
00152260,분기x연결,combo_total,7.45,2026-07-07T23:41:58
00152260,분기x별도,combo_total,6.34,2026-07-07T23:42:04
01263527,연간x연결,combo_total,5.19,2026-07-07T23:42:17
01263527,연간x별도,combo_total,6.23,2026-07-07T23:42:23
01263527,분기x연결,combo_total,7.25,2026-07-07T23:42:30
01263527,분기x별도,combo_total,6.28,2026-07-07T23:42:37
01137383,연간x연결,combo_total,5.15,2026-07-07T23:42:49
01137383,연간x별도,combo_total,6.15,2026-07-07T23:42:55
01137383,분기x연결,combo_total,7.33,2026-07-07T23:43:03
01137383,분기x별도,combo_total,6.19,2026-07-07T23:43:09
01116265,연간x연결,combo_total,5.16,2026-07-07T23:43:22
01116265,연간x별도,combo_total,6.15,2026-07-07T23:43:28
01116265,분기x연결,combo_total,7.31,2026-07-07T23:43:35
01116265,분기x별도,combo_total,6.17,2026-07-07T23:43:41
00863038,연간x연결,combo_total,5.12,2026-07-07T23:43:54
00863038,연간x별도,combo_total,6.31,2026-07-07T23:44:00
00863038,분기x연결,combo_total,7.39,2026-07-07T23:44:07
00863038,분기x별도,combo_total,6.26,2026-07-07T23:44:14
00302582,연간x연결,combo_total,5.29,2026-07-07T23:44:26
00302582,연간x별도,combo_total,6.27,2026-07-07T23:44:33
00302582,분기x연결,combo_total,7.36,2026-07-07T23:44:40
00302582,분기x별도,combo_total,6.38,2026-07-07T23:44:46
00876643,연간x연결,combo_total,5.30,2026-07-07T23:44:59
00876643,연간x별도,combo_total,6.18,2026-07-07T23:45:05
00876643,분기x연결,combo_total,7.29,2026-07-07T23:45:13
00876643,분기x별도,combo_total,6.35,2026-07-07T23:45:19
00550082,연간x연결,combo_total,5.14,2026-07-07T23:45:31
00550082,연간x별도,combo_total,6.24,2026-07-07T23:45:38
00550082,분기x연결,combo_total,7.27,2026-07-07T23:45:45
00550082,분기x별도,combo_total,6.18,2026-07-07T23:45:51
00330044,연간x연결,combo_total,5.33,2026-07-07T23:46:04
00330044,연간x별도,combo_total,6.35,2026-07-07T23:46:10
00330044,분기x연결,combo_total,7.53,2026-07-07T23:46:18
00330044,분기x별도,combo_total,6.34,2026-07-07T23:46:24
01497124,연간x연결,combo_total,5.15,2026-07-07T23:46:37
01497124,연간x별도,combo_total,6.15,2026-07-07T23:46:43
01497124,분기x연결,combo_total,7.18,2026-07-07T23:46:50
01497124,분기x별도,combo_total,6.18,2026-07-07T23:46:56
01236286,연간x연결,combo_total,5.15,2026-07-07T23:47:09
01236286,연간x별도,combo_total,6.14,2026-07-07T23:47:15
01236286,분기x연결,combo_total,7.36,2026-07-07T23:47:22
01236286,분기x별도,combo_total,6.27,2026-07-07T23:47:28
00476498,연간x연결,combo_total,5.13,2026-07-07T23:47:41
00476498,연간x별도,combo_total,6.21,2026-07-07T23:47:47
00476498,분기x연결,combo_total,7.29,2026-07-07T23:47:54
00476498,분기x별도,combo_total,6.32,2026-07-07T23:48:01
00535746,연간x연결,combo_total,5.17,2026-07-07T23:48:13
00535746,연간x별도,combo_total,6.36,2026-07-07T23:48:20
00535746,분기x연결,combo_total,7.37,2026-07-07T23:48:27
00535746,분기x별도,combo_total,6.27,2026-07-07T23:48:33
00598198,연간x연결,combo_total,5.12,2026-07-07T23:48:46
00598198,연간x별도,combo_total,6.19,2026-07-07T23:48:52
00598198,분기x연결,combo_total,7.28,2026-07-07T23:48:59
00598198,분기x별도,combo_total,6.21,2026-07-07T23:49:05
00479705,연간x연결,combo_total,5.23,2026-07-07T23:49:18
00479705,연간x별도,combo_total,6.30,2026-07-07T23:49:24
00479705,분기x연결,combo_total,7.33,2026-07-07T23:49:32
00479705,분기x별도,combo_total,6.35,2026-07-07T23:49:38
01187148,연간x연결,combo_total,5.15,2026-07-07T23:49:51
01187148,연간x별도,combo_total,6.15,2026-07-07T23:49:57
01187148,분기x연결,combo_total,7.32,2026-07-07T23:50:04
01187148,분기x별도,combo_total,6.16,2026-07-07T23:50:10
00549891,연간x연결,combo_total,5.14,2026-07-07T23:50:23
00549891,연간x별도,combo_total,6.35,2026-07-07T23:50:29
00549891,분기x연결,combo_total,7.30,2026-07-07T23:50:36
00549891,분기x별도,combo_total,6.23,2026-07-07T23:50:43
00370918,연간x연결,combo_total,5.13,2026-07-07T23:50:55
00370918,연간x별도,combo_total,6.13,2026-07-07T23:51:01
00370918,분기x연결,combo_total,7.23,2026-07-07T23:51:08
00370918,분기x별도,combo_total,6.29,2026-07-07T23:51:15
00255105,연간x연결,combo_total,5.30,2026-07-07T23:51:27
00255105,연간x별도,combo_total,6.18,2026-07-07T23:51:33
00255105,분기x연결,combo_total,7.36,2026-07-07T23:51:41
00255105,분기x별도,combo_total,6.36,2026-07-07T23:51:47
01003040,연간x연결,combo_total,5.33,2026-07-07T23:52:00
01003040,연간x별도,combo_total,6.15,2026-07-07T23:52:06
01003040,분기x연결,combo_total,7.32,2026-07-07T23:52:13
01003040,분기x별도,combo_total,6.27,2026-07-07T23:52:20
01689266,연간x연결,combo_total,5.16,2026-07-07T23:52:32
01689266,연간x별도,combo_total,6.13,2026-07-07T23:52:38
01689266,분기x연결,combo_total,7.18,2026-07-07T23:52:45
01689266,분기x별도,combo_total,6.16,2026-07-07T23:52:52
00441650,연간x연결,combo_total,5.21,2026-07-07T23:53:04
00441650,연간x별도,combo_total,6.21,2026-07-07T23:53:10
00441650,분기x연결,combo_total,7.35,2026-07-07T23:53:18
00441650,분기x별도,combo_total,6.30,2026-07-07T23:53:24
00441447,연간x연결,combo_total,5.34,2026-07-07T23:53:37
00441447,연간x별도,combo_total,6.19,2026-07-07T23:53:43
00441447,분기x연결,combo_total,7.26,2026-07-07T23:53:50
00441447,분기x별도,combo_total,6.31,2026-07-07T23:53:56
00101752,연간x연결,combo_total,5.23,2026-07-07T23:54:09
00101752,연간x별도,combo_total,6.24,2026-07-07T23:54:16
00101752,분기x연결,combo_total,7.23,2026-07-07T23:54:23
00101752,분기x별도,combo_total,6.28,2026-07-07T23:54:29
00603348,연간x연결,combo_total,5.38,2026-07-07T23:54:42
00603348,연간x별도,combo_total,6.17,2026-07-07T23:54:48
00603348,분기x연결,combo_total,7.26,2026-07-07T23:54:55
00603348,분기x별도,combo_total,6.27,2026-07-07T23:55:01
00536888,연간x연결,combo_total,5.11,2026-07-07T23:55:14
00536888,연간x별도,combo_total,6.17,2026-07-07T23:55:20
00536888,분기x연결,combo_total,7.20,2026-07-07T23:55:27
00536888,분기x별도,combo_total,6.33,2026-07-07T23:55:33
00328191,연간x연결,combo_total,5.11,2026-07-07T23:55:45
00328191,연간x별도,combo_total,6.19,2026-07-07T23:55:52
00328191,분기x연결,combo_total,7.28,2026-07-07T23:55:59
00328191,분기x별도,combo_total,6.40,2026-07-07T23:56:05
00606664,연간x연결,combo_total,5.15,2026-07-07T23:56:18
00606664,연간x별도,combo_total,6.15,2026-07-07T23:56:24
00606664,분기x연결,combo_total,7.30,2026-07-07T23:56:31
00606664,분기x별도,combo_total,6.37,2026-07-07T23:56:38
00304076,연간x연결,combo_total,5.13,2026-07-07T23:56:50
00304076,연간x별도,combo_total,6.13,2026-07-07T23:56:56
00304076,분기x연결,combo_total,7.32,2026-07-07T23:57:03
00304076,분기x별도,combo_total,6.17,2026-07-07T23:57:10
00672603,연간x연결,combo_total,5.08,2026-07-07T23:57:22
00672603,연간x별도,combo_total,6.12,2026-07-07T23:57:28
00672603,분기x연결,combo_total,7.20,2026-07-07T23:57:35
00672603,분기x별도,combo_total,6.22,2026-07-07T23:57:42
01402995,연간x연결,combo_total,5.10,2026-07-07T23:57:54
01402995,연간x별도,combo_total,6.16,2026-07-07T23:58:00
01402995,분기x연결,combo_total,7.17,2026-07-07T23:58:07
01402995,분기x별도,combo_total,6.21,2026-07-07T23:58:14
00769158,연간x연결,combo_total,5.08,2026-07-07T23:58:26
00769158,연간x별도,combo_total,6.12,2026-07-07T23:58:32
00769158,분기x연결,combo_total,7.25,2026-07-07T23:58:39
00769158,분기x별도,combo_total,6.22,2026-07-07T23:58:46
00246620,연간x연결,combo_total,5.13,2026-07-07T23:58:58
00246620,연간x별도,combo_total,6.33,2026-07-07T23:59:05
00246620,분기x연결,combo_total,7.31,2026-07-07T23:59:12
00246620,분기x별도,combo_total,6.27,2026-07-07T23:59:18
00242934,연간x연결,combo_total,5.15,2026-07-07T23:59:31
00242934,연간x별도,combo_total,6.24,2026-07-07T23:59:37
00242934,분기x연결,combo_total,7.30,2026-07-07T23:59:44
00242934,분기x별도,combo_total,6.26,2026-07-07T23:59:50
00226352,연간x연결,combo_total,5.23,2026-07-08T00:00:03
00226352,연간x별도,combo_total,6.28,2026-07-08T00:00:10
00226352,분기x연결,combo_total,7.58,2026-07-08T00:00:17
00226352,분기x별도,combo_total,6.31,2026-07-08T00:00:24
01095704,연간x연결,combo_total,5.14,2026-07-08T00:00:36
01095704,연간x별도,combo_total,6.17,2026-07-08T00:00:42
01095704,분기x연결,combo_total,7.38,2026-07-08T00:00:50
01095704,분기x별도,combo_total,6.21,2026-07-08T00:00:56
00668600,연간x연결,combo_total,5.09,2026-07-08T00:01:08
00668600,연간x별도,combo_total,6.18,2026-07-08T00:01:14
00668600,분기x연결,combo_total,7.28,2026-07-08T00:01:22
00668600,분기x별도,combo_total,6.15,2026-07-08T00:01:28
00426828,연간x연결,combo_total,5.11,2026-07-08T00:01:40
00426828,연간x별도,combo_total,6.14,2026-07-08T00:01:46
00426828,분기x연결,combo_total,7.21,2026-07-08T00:01:54
00426828,분기x별도,combo_total,6.14,2026-07-08T00:02:00
00542898,연간x연결,combo_total,5.26,2026-07-08T00:02:12
00542898,연간x별도,combo_total,6.27,2026-07-08T00:02:19
00542898,분기x연결,combo_total,7.33,2026-07-08T00:02:26
00542898,분기x별도,combo_total,6.30,2026-07-08T00:02:32
01638387,연간x연결,combo_total,5.14,2026-07-08T00:02:45
01638387,연간x별도,combo_total,6.29,2026-07-08T00:02:51
01638387,분기x연결,combo_total,7.14,2026-07-08T00:02:58
01638387,분기x별도,combo_total,6.11,2026-07-08T00:03:04
00260958,연간x연결,combo_total,5.16,2026-07-08T00:03:17
00260958,연간x별도,combo_total,6.26,2026-07-08T00:03:23
00260958,분기x연결,combo_total,7.30,2026-07-08T00:03:31
00260958,분기x별도,combo_total,6.28,2026-07-08T00:03:37
00152437,연간x연결,combo_total,5.17,2026-07-08T00:03:49
00152437,연간x별도,combo_total,6.32,2026-07-08T00:03:56
00152437,분기x연결,combo_total,7.35,2026-07-08T00:04:03
00152437,분기x별도,combo_total,6.24,2026-07-08T00:04:09
00157636,연간x연결,combo_total,5.16,2026-07-08T00:04:22
00157636,연간x별도,combo_total,6.24,2026-07-08T00:04:28
00157636,분기x연결,combo_total,7.30,2026-07-08T00:04:36
00157636,분기x별도,combo_total,6.30,2026-07-08T00:04:42
00206686,연간x연결,combo_total,5.63,2026-07-08T00:04:55
00206686,연간x별도,combo_total,6.21,2026-07-08T00:05:01
00206686,분기x연결,combo_total,7.33,2026-07-08T00:05:08
00206686,분기x별도,combo_total,6.44,2026-07-08T00:05:15
00357607,연간x연결,combo_total,5.12,2026-07-08T00:05:27
00357607,연간x별도,combo_total,6.35,2026-07-08T00:05:34
00357607,분기x연결,combo_total,7.23,2026-07-08T00:05:41
00357607,분기x별도,combo_total,6.37,2026-07-08T00:05:47
01101254,연간x연결,combo_total,5.28,2026-07-08T00:06:00
01101254,연간x별도,combo_total,6.18,2026-07-08T00:06:06
01101254,분기x연결,combo_total,7.30,2026-07-08T00:06:13
01101254,분기x별도,combo_total,6.34,2026-07-08T00:06:20
00961507,연간x연결,combo_total,5.14,2026-07-08T00:06:32
00961507,연간x별도,combo_total,6.18,2026-07-08T00:06:39
00961507,분기x연결,combo_total,7.29,2026-07-08T00:06:46
00961507,분기x별도,combo_total,6.31,2026-07-08T00:06:52
01158553,연간x연결,combo_total,5.15,2026-07-08T00:07:05
01158553,연간x별도,combo_total,6.14,2026-07-08T00:07:11
01158553,분기x연결,combo_total,7.29,2026-07-08T00:07:18
01158553,분기x별도,combo_total,6.20,2026-07-08T00:07:24
00371485,연간x연결,combo_total,5.24,2026-07-08T00:07:37
00371485,연간x별도,combo_total,6.27,2026-07-08T00:07:43
00371485,분기x연결,combo_total,7.40,2026-07-08T00:07:51
00371485,분기x별도,combo_total,6.36,2026-07-08T00:07:57
01089350,연간x연결,combo_total,5.18,2026-07-08T00:08:09
01089350,연간x별도,combo_total,6.22,2026-07-08T00:08:16
01089350,분기x연결,combo_total,7.46,2026-07-08T00:08:23
01089350,분기x별도,combo_total,6.27,2026-07-08T00:08:29
00349732,연간x연결,combo_total,5.28,2026-07-08T00:08:42
00349732,연간x별도,combo_total,6.27,2026-07-08T00:08:48
00349732,분기x연결,combo_total,7.42,2026-07-08T00:08:56
00349732,분기x별도,combo_total,6.31,2026-07-08T00:09:02
00601988,연간x연결,combo_total,5.13,2026-07-08T00:09:14
00601988,연간x별도,combo_total,6.13,2026-07-08T00:09:21
00601988,분기x연결,combo_total,7.21,2026-07-08T00:09:28
00601988,분기x별도,combo_total,6.21,2026-07-08T00:09:34
01573284,연간x연결,combo_total,5.13,2026-07-08T00:09:46
01573284,연간x별도,combo_total,6.18,2026-07-08T00:09:53
01573284,분기x연결,combo_total,7.23,2026-07-08T00:10:00
01573284,분기x별도,combo_total,6.19,2026-07-08T00:10:06
00295857,연간x연결,combo_total,5.18,2026-07-08T00:10:19
00295857,연간x별도,combo_total,6.23,2026-07-08T00:10:25
00295857,분기x연결,combo_total,3.45,2026-07-08T00:10:28
00295857,분기x별도,combo_total,6.29,2026-07-08T00:10:35
00329093,연간x연결,combo_total,5.14,2026-07-08T00:10:47
00329093,연간x별도,combo_total,6.24,2026-07-08T00:10:54
00329093,분기x연결,combo_total,7.34,2026-07-08T00:11:01
00329093,분기x별도,combo_total,6.21,2026-07-08T00:11:07
00308559,연간x연결,combo_total,5.24,2026-07-08T00:11:20
00308559,연간x별도,combo_total,6.27,2026-07-08T00:11:26
00308559,분기x연결,combo_total,7.41,2026-07-08T00:11:34
00308559,분기x별도,combo_total,6.53,2026-07-08T00:11:40
00541437,연간x연결,combo_total,5.26,2026-07-08T00:11:53
00541437,연간x별도,combo_total,6.20,2026-07-08T00:11:59
00541437,분기x연결,combo_total,7.42,2026-07-08T00:12:07
00541437,분기x별도,combo_total,6.29,2026-07-08T00:12:13
00152589,연간x연결,combo_total,5.24,2026-07-08T00:12:26
00152589,연간x별도,combo_total,6.25,2026-07-08T00:12:32
00152589,분기x연결,combo_total,7.44,2026-07-08T00:12:39
00152589,분기x별도,combo_total,6.56,2026-07-08T00:12:46
00304915,연간x연결,combo_total,5.12,2026-07-08T00:12:59
00304915,연간x별도,combo_total,6.14,2026-07-08T00:13:05
00304915,분기x연결,combo_total,7.46,2026-07-08T00:13:12
00304915,분기x별도,combo_total,6.21,2026-07-08T00:13:19
00803425,연간x연결,combo_total,5.21,2026-07-08T00:13:31
00803425,연간x별도,combo_total,6.22,2026-07-08T00:13:37
00803425,분기x연결,combo_total,7.33,2026-07-08T00:13:44
00803425,분기x별도,combo_total,6.37,2026-07-08T00:13:51
00268118,연간x연결,combo_total,5.14,2026-07-08T00:14:03
00268118,연간x별도,combo_total,6.17,2026-07-08T00:14:10
00268118,분기x연결,combo_total,7.18,2026-07-08T00:14:17
00268118,분기x별도,combo_total,6.27,2026-07-08T00:14:23
00152783,연간x연결,combo_total,5.15,2026-07-08T00:14:36
00152783,연간x별도,combo_total,6.18,2026-07-08T00:14:42
00152783,분기x연결,combo_total,7.29,2026-07-08T00:14:49
00152783,분기x별도,combo_total,6.27,2026-07-08T00:14:55
00997812,연간x연결,combo_total,5.15,2026-07-08T00:15:08
00997812,연간x별도,combo_total,6.19,2026-07-08T00:15:14
00997812,분기x연결,combo_total,7.32,2026-07-08T00:15:21
00997812,분기x별도,combo_total,6.26,2026-07-08T00:15:27
