corp_code,corp_name,fiscal_year,fiscal_period,basis,field,db_won,report_won,category,evidence_acode
00296290,키움증권,2026,Q1,separate,revenue,732489237686,8923209532763,ADDITIVE_PAIR_CANDIDATE,
00296290,키움증권,2026,Q1,consolidated,revenue,867579407757,9395970804145,ADDITIVE_PAIR_CANDIDATE,
00296290,키움증권,2025,Q3,separate,revenue,1510904887882,10505412846376,ADDITIVE_PAIR_CANDIDATE,
00296290,키움증권,2025,Q3,consolidated,revenue,1753083322146,11535468843906,ADDITIVE_PAIR_CANDIDATE,
00296290,키움증권,2025,Q1,separate,revenue,454900992586,3353926417053,ADDITIVE_PAIR_CANDIDATE,
00296290,키움증권,2025,Q1,consolidated,revenue,524473188803,3659953408737,ADDITIVE_PAIR_CANDIDATE,
00296290,키움증권,2025,H1,separate,revenue,992148763775,7482190620241,ADDITIVE_PAIR_CANDIDATE,
00296290,키움증권,2025,H1,consolidated,revenue,1139465578194,8165616270881,ADDITIVE_PAIR_CANDIDATE,
00296290,키움증권,2025,FY,separate,revenue,2038439013887,15715186906021,ADDITIVE_PAIR_CANDIDATE,
00296290,키움증권,2025,FY,consolidated,revenue,2396215534912,17121703940748,ADDITIVE_PAIR_CANDIDATE,
00296290,키움증권,2024,FY,separate,revenue,1604621014870,10210184320220,UNRESOLVED,
00296290,키움증권,2024,FY,consolidated,revenue,1845937356277,11280306577010,ADDITIVE_PAIR_CANDIDATE,
00306454,한국정보인증,2025,Q1,separate,trade_payables,102309187,2647772842,CONCEPT_GAP,dart_LongTermTradeAndOtherNonCurrentPayables
00330424,LS증권,2025,FY,consolidated,revenue,196037232540,2295339555776,ADDITIVE_PAIR_CANDIDATE,
00330424,LS증권,2025,Q1,consolidated,revenue,49419490996,369220064011,ADDITIVE_PAIR_CANDIDATE,
00330424,LS증권,2025,Q1,separate,revenue,49935070908,369151864188,ADDITIVE_PAIR_CANDIDATE,
00330424,LS증권,2025,Q3,consolidated,revenue,163444622685,1338809292550,ADDITIVE_PAIR_CANDIDATE,
00330424,LS증권,2025,Q3,separate,revenue,164904276214,1336281427004,ADDITIVE_PAIR_CANDIDATE,
00330424,LS증권,2024,FY,consolidated,revenue,167891270551,1653673426061,ADDITIVE_PAIR_CANDIDATE,
00330424,LS증권,2024,FY,separate,revenue,167936921363,1652862271445,ADDITIVE_PAIR_CANDIDATE,
01605529,버넥트,2025,FY,separate,trade_payables,113572319,921069159,UNRESOLVED,
01344831,딥노이드,2025,Q3,separate,trade_payables,13975356,965723175,CONCEPT_GAP,dart_LongTermTradeAndOtherNonCurrentPayables
01344831,딥노이드,2024,FY,separate,trade_payables,15000000,1213196059,CONCEPT_GAP,dart_LongTermTradeAndOtherNonCurrentPayables
01765256,동국씨엠,2026,Q1,separate,trade_payables,245660259755,318082,CONCEPT_GAP,ifrs-full_TradeAndOtherCurrentPayablesToTradeSuppliers
01765256,동국씨엠,2025,FY,consolidated,trade_payables,335120164383,451016,CONCEPT_GAP,ifrs-full_TradeAndOtherCurrentPayablesToTradeSuppliers
01493535,모비데이즈,2026,H1,consolidated,controlling_ni,936066581,938083227,AXIS_EXCLUDED_UNMAPPED,ifrs-full_ProfitLoss
00364254,알티캐스트,2025,Q3,separate,tax_expense,3498559,8871587,UNRESOLVED,
00366137,KG에코솔루션,2025,H1,consolidated,controlling_ni,41993977141,40449096347,CONCEPT_GAP,ifrs-full_ComprehensiveIncomeAttributableToOwnersOfParent
00136721,신영증권,2026,Q3,separate,revenue,242745727326,1981758026940,ADDITIVE_PAIR_CANDIDATE,
00136721,신영증권,2026,Q3,consolidated,revenue,295567562860,2065229127166,ADDITIVE_PAIR_CANDIDATE,
00136721,신영증권,2026,Q1,separate,revenue,109654861475,874141753610,ADDITIVE_PAIR_CANDIDATE,
00245472,티씨케이,2025,FY,separate,cash,41816101299,41816101,CONCEPT_GAP,ifrs-full_CashEquivalents
00405278,KG파이낸셜,2026,Q1,consolidated,controlling_ni,4158917927,4127702403,CONCEPT_GAP,ifrs-full_ComprehensiveIncomeAttributableToOwnersOfParent
00587466,KPX홀딩스,2025,Q1,consolidated,controlling_ni,-14362457335,-14062017883,CONCEPT_GAP,ifrs-full_ComprehensiveIncomeAttributableToOwnersOfParent
00348292,한빛소프트,2026,Q1,consolidated,controlling_ni,2805363228,2805329346,CONCEPT_GAP,ifrs-full_ComprehensiveIncomeAttributableToOwnersOfParent
00679314,동성케미컬,2025,FY,consolidated,controlling_ni,31325673289,33250131517,CONCEPT_GAP,ifrs-full_ComprehensiveIncomeAttributableToOwnersOfParent
00799539,제노레이,2025,Q3,separate,tax_expense,42169392,39282564,UNRESOLVED,
00961774,유티아이,2025,Q3,separate,tax_expense,22251120,2846602053,UNRESOLVED,
00958327,지앤비에스 에코,2026,Q1,separate,trade_payables,5974910085,2575540227,CONCEPT_GAP,ifrs-full_TradeAndOtherPayablesToTradeSuppliers
00958327,지앤비에스 에코,2025,FY,separate,trade_payables,2822402858,1937248378,CONCEPT_GAP,ifrs-full_TradeAndOtherPayablesToTradeSuppliers
00958327,지앤비에스 에코,2025,H1,separate,trade_payables,3319847215,747713071,CONCEPT_GAP,ifrs-full_TradeAndOtherPayablesToTradeSuppliers
00958327,지앤비에스 에코,2025,Q3,separate,trade_payables,4889079277,655151630,CONCEPT_GAP,ifrs-full_TradeAndOtherPayablesToTradeSuppliers
01258710,이노메트리,2025,Q3,consolidated,controlling_ni,-802587225,-837358842,UNRESOLVED,
00126256,삼성생명,2025,Q3,consolidated,revenue,26807464000000,27152664000000,ADDITIVE_PAIR_CANDIDATE,
00126256,삼성생명,2025,H1,consolidated,revenue,19320936000000,19524056000000,ADDITIVE_PAIR_CANDIDATE,
00126256,삼성생명,2025,FY,consolidated,revenue,37138310000000,37595929000000,ADDITIVE_PAIR_CANDIDATE,
01335143,로킷헬스케어,2025,H1,consolidated,tax_expense,144614390,0,UNRESOLVED,
00447007,알리코제약,2026,Q1,separate,dividends_paid,-1126004325,-78917114,CONCEPT_GAP,ifrs-full_DividendsPaid
00447007,알리코제약,2025,Q1,separate,dividends_paid,0,-98784889,CONCEPT_GAP,dart_ProceedsFromSalesOfShortTermFinancialInstruments
00447007,알리코제약,2025,H1,separate,dividends_paid,-1126004325,-192146039,CONCEPT_GAP,ifrs-full_DividendsPaid
00447007,알리코제약,2025,FY,separate,dividends_paid,-1126004325,-351690062,CONCEPT_GAP,ifrs-full_DividendsPaid
00447007,알리코제약,2024,FY,separate,dividends_paid,-1951740830,-302112263,CONCEPT_GAP,ifrs-full_DividendsPaid
00128555,삼천리,2025,H1,separate,trade_payables,398462914365,398462914,CONCEPT_GAP,ifrs-full_TradeAndOtherCurrentPayablesToTradeSuppliers
00128555,삼천리,2025,Q3,separate,trade_payables,331392726556,331392727,CONCEPT_GAP,ifrs-full_TradeAndOtherCurrentPayablesToTradeSuppliers
00128555,삼천리,2024,FY,separate,trade_payables,629477638418,629477638,CONCEPT_GAP,ifrs-full_TradeAndOtherCurrentPayablesToTradeSuppliers
01494154,지니너스,2025,Q1,consolidated,trade_payables,893119619,1334741635,CONCEPT_GAP,ifrs-full_TradeAndOtherPayablesToTradeSuppliers
01494154,지니너스,2025,Q3,consolidated,trade_payables,572654235,2054352394,CONCEPT_GAP,ifrs-full_TradeAndOtherPayablesToTradeSuppliers
01494154,지니너스,2024,FY,consolidated,trade_payables,408065196,1904358157,CONCEPT_GAP,ifrs-full_TradeAndOtherPayablesToTradeSuppliers
01605529,버넥트,2025,Q3,consolidated,trade_payables,113572319,1175063845,UNRESOLVED,
01605529,버넥트,2025,Q3,separate,trade_payables,113572319,1060474969,UNRESOLVED,
01686755,파인엠텍,2025,Q3,separate,tax_expense,-306575360,-14965496,UNRESOLVED,
00540447,유니테스트,2025,H1,separate,tax_expense,-172395206,-8548260,UNRESOLVED,
01315042,시선AI,2026,Q1,consolidated,trade_payables,2624335536,1596974453,CONCEPT_GAP,ifrs-full_TradeAndOtherPayablesToTradeSuppliers
01315042,시선AI,2025,Q3,consolidated,trade_payables,2340395634,1476745124,CONCEPT_GAP,ifrs-full_TradeAndOtherPayablesToTradeSuppliers
01315042,시선AI,2025,Q1,consolidated,trade_payables,419441050,1632986328,CONCEPT_GAP,ifrs-full_TradeAndOtherPayablesToTradeSuppliers
01315042,시선AI,2025,H1,consolidated,trade_payables,1426324177,1485456804,CONCEPT_GAP,ifrs-full_TradeAndOtherPayablesToTradeSuppliers
01315042,시선AI,2025,FY,consolidated,trade_payables,5051955392,2219860940,CONCEPT_GAP,ifrs-full_TradeAndOtherPayablesToTradeSuppliers
01493535,모비데이즈,2025,Q1,consolidated,controlling_ni,637597552,637561792,AXIS_EXCLUDED_UNMAPPED,ifrs-full_ProfitLoss
01493535,모비데이즈,2025,H1,consolidated,controlling_ni,2326745014,2325214725,AXIS_EXCLUDED_UNMAPPED,ifrs-full_ProfitLoss
01493535,모비데이즈,2025,Q3,consolidated,controlling_ni,3806658991,3811675539,AXIS_EXCLUDED_UNMAPPED,ifrs-full_ProfitLoss
01493535,모비데이즈,2024,FY,consolidated,controlling_ni,-2003813668,-1907533317,AXIS_EXCLUDED_UNMAPPED,ifrs-full_ProfitLoss
00136721,신영증권,2027,Q1,separate,revenue,168367822605,1606503086670,ADDITIVE_PAIR_CANDIDATE,
00136721,신영증권,2027,Q1,consolidated,revenue,184140032146,1621789277000,ADDITIVE_PAIR_CANDIDATE,
00136721,신영증권,2026,Q1,consolidated,revenue,126141702666,901669218521,ADDITIVE_PAIR_CANDIDATE,
00136721,신영증권,2026,H1,separate,revenue,181183973569,1311922425913,ADDITIVE_PAIR_CANDIDATE,
00136721,신영증권,2026,H1,consolidated,revenue,211110003923,1360128176113,ADDITIVE_PAIR_CANDIDATE,
00136721,신영증권,2026,FY,separate,revenue,326339356458,3029625333083,ADDITIVE_PAIR_CANDIDATE,
00138729,아세아제지,2025,FY,separate,dividends_paid,-10685473600,-10685985250,CONCEPT_GAP,ifrs-full_DividendsPaidOrdinaryShares
00138729,아세아제지,2025,FY,consolidated,dividends_paid,-10685473600,-10685985250,CONCEPT_GAP,ifrs-full_DividendsPaidOrdinaryShares
00120021,LG,2025,H1,consolidated,trade_payables,526651000000,445109000000,CONCEPT_GAP,ifrs-full_TradeAndOtherCurrentPayablesToTradeSuppliers
00305668,새론오토모티브,2026,H1,separate,revenue,0,55527665300,CONCEPT_GAP,ifrs-full_CurrentTaxAssets
00305668,새론오토모티브,2026,H1,consolidated,revenue,0,73695960222,CONCEPT_GAP,ifrs-full_CurrentTaxAssets
01344831,딥노이드,2025,Q1,separate,trade_payables,15000000,1039752942,CONCEPT_GAP,dart_LongTermTradeAndOtherNonCurrentPayables
01765256,동국씨엠,2025,H1,separate,trade_payables,227840989695,307655000000,CONCEPT_GAP,ifrs-full_TradeAndOtherCurrentPayablesToTradeSuppliers
01765256,동국씨엠,2025,Q3,consolidated,trade_payables,370187421635,517002000000,CONCEPT_GAP,ifrs-full_TradeAndOtherCurrentPayablesToTradeSuppliers
01765256,동국씨엠,2025,Q3,separate,trade_payables,238802505078,332198000000,CONCEPT_GAP,ifrs-full_TradeAndOtherCurrentPayablesToTradeSuppliers
01859500,아이엠바이오로직스,2026,H1,separate,revenue,14893519,7227421255,UNRESOLVED,
00349060,한스바이오메드,2025,Q3,separate,tax_expense,-220440,710707033,UNRESOLVED,
00349732,코나아이,2025,H1,separate,trade_payables,22575786110,10790590199,CONCEPT_GAP,ifrs-full_TradeAndOtherCurrentPayablesToTradeSuppliers
00349732,코나아이,2025,H1,consolidated,trade_payables,7379634608,12133428846,CONCEPT_GAP,ifrs-full_TradeAndOtherCurrentPayablesToTradeSuppliers
00373571,스타코링크,2025,FY,consolidated,inventory,3113575093,695916343,CONCEPT_GAP,ifrs-full_InventoriesTotal
00373571,스타코링크,2025,H1,consolidated,inventory,1882278476,317037880,CONCEPT_GAP,ifrs-full_InventoriesTotal
00373571,스타코링크,2025,Q1,consolidated,inventory,2053435564,349108498,CONCEPT_GAP,ifrs-full_InventoriesTotal
00373571,스타코링크,2025,Q3,consolidated,inventory,2481116527,951914208,CONCEPT_GAP,ifrs-full_InventoriesTotal
00373571,스타코링크,2024,FY,consolidated,inventory,2393188260,536830384,CONCEPT_GAP,ifrs-full_InventoriesTotal
00494546,오비고,2025,Q3,consolidated,trade_payables,1687598913,1997197550,CONCEPT_GAP,ifrs-full_TradeAndOtherPayablesToTradeSuppliers
00540429,휴림로봇,2025,Q3,separate,tax_expense,-165067629,40532403,UNRESOLVED,
00608699,탑코미디어,2024,FY,consolidated,trade_payables,1589931587,4083834256,UNRESOLVED,
00608699,탑코미디어,2024,FY,separate,trade_payables,1589931587,2700184709,UNRESOLVED,
00364254,알티캐스트,2025,H1,separate,tax_expense,18884983,8871587,UNRESOLVED,
00888347,휴젤,2026,Q1,separate,trade_payables,5649583447,5649583,CONCEPT_GAP,ifrs-full_TradeAndOtherCurrentPayablesToTradeSuppliers
00888347,휴젤,2025,FY,consolidated,trade_payables,5990795804,5990796,CONCEPT_GAP,ifrs-full_TradeAndOtherCurrentPayablesToTradeSuppliers
00888347,휴젤,2025,FY,separate,trade_payables,6485618239,6485618,CONCEPT_GAP,ifrs-full_TradeAndOtherCurrentPayablesToTradeSuppliers
00959229,세종메디칼,2025,Q3,consolidated,tax_expense,520607,218871197,UNRESOLVED,
01031502,코아시아씨엠,2026,Q1,consolidated,controlling_ni,1558911677,5921998731,UNRESOLVED,
01031502,코아시아씨엠,2025,FY,consolidated,controlling_ni,3232168635,860964250,UNRESOLVED,
01031502,코아시아씨엠,2025,H1,consolidated,controlling_ni,2128363622,-5055532382,UNRESOLVED,
00145668,이화공영,2025,H1,separate,tax_expense,-38504082,1898256,UNRESOLVED,
00126380,삼성전자,2025,Q1,consolidated,controlling_ni,9312323000000,8028407000000,CONCEPT_GAP,ifrs-full_ComprehensiveIncomeAttributableToOwnersOfParent
00127200,삼영전자공업,2025,H1,consolidated,controlling_ni,8573559909,9819586421,CONCEPT_GAP,ifrs-full_ComprehensiveIncomeAttributableToOwnersOfParent
00127200,삼영전자공업,2025,Q1,consolidated,controlling_ni,4587696506,4588082865,CONCEPT_GAP,ifrs-full_ComprehensiveIncomeAttributableToOwnersOfParent
01344831,딥노이드,2025,H1,separate,trade_payables,13757336,925470159,CONCEPT_GAP,dart_LongTermTradeAndOtherNonCurrentPayables
01335453,조이웍스앤코,2025,Q3,consolidated,tax_expense,-811369910,-536825327,UNRESOLVED,
01335453,조이웍스앤코,2025,Q3,separate,tax_expense,-811369910,-536825327,UNRESOLVED,
01526806,삼기에너지솔루션즈,2025,Q1,consolidated,tax_expense,94050926,0,UNRESOLVED,
00131054,유진증권,2025,Q1,consolidated,revenue,56073936028,402775368160,ADDITIVE_PAIR_CANDIDATE,
00131054,유진증권,2025,H1,separate,revenue,165062893171,699441299963,ADDITIVE_PAIR_CANDIDATE,
00131054,유진증권,2025,H1,consolidated,revenue,191044821069,849430129204,ADDITIVE_PAIR_CANDIDATE,
00131054,유진증권,2025,FY,separate,revenue,295010673463,1419851860959,ADDITIVE_PAIR_CANDIDATE,
00131054,유진증권,2025,FY,consolidated,revenue,369170975790,1694075188265,ADDITIVE_PAIR_CANDIDATE,
00131054,유진증권,2024,FY,separate,revenue,253958071805,1343275053857,ADDITIVE_PAIR_CANDIDATE,
00131054,유진증권,2024,FY,consolidated,revenue,309222247940,1652599784559,ADDITIVE_PAIR_CANDIDATE,
01344363,다원넥스뷰,2025,Q3,separate,tax_expense,-38686850,-81325534,UNRESOLVED,
01315042,시선AI,2024,FY,consolidated,trade_payables,579811787,1475054341,CONCEPT_GAP,ifrs-full_TradeAndOtherPayablesToTradeSuppliers
01412822,솔루스첨단소재,2025,H1,consolidated,trade_payables,52875673993,79806000000,CONCEPT_GAP,ifrs-full_TradeAndOtherCurrentPayablesToTradeSuppliers
01412822,솔루스첨단소재,2025,FY,separate,trade_payables,9283900865,34307000000,CONCEPT_GAP,ifrs-full_TradeAndOtherCurrentPayablesToTradeSuppliers
01412822,솔루스첨단소재,2025,FY,consolidated,trade_payables,81394420519,132020000000,CONCEPT_GAP,ifrs-full_TradeAndOtherCurrentPayablesToTradeSuppliers
01412822,솔루스첨단소재,2024,FY,separate,trade_payables,7720015876,21752000000,CONCEPT_GAP,ifrs-full_TradeAndOtherCurrentPayablesToTradeSuppliers
01412822,솔루스첨단소재,2024,FY,consolidated,trade_payables,59403793489,92202000000,CONCEPT_GAP,ifrs-full_TradeAndOtherCurrentPayablesToTradeSuppliers
00148531,제이스코홀딩스,2026,Q1,consolidated,controlling_ni,-4752237204,-4928739564,CONCEPT_GAP,ifrs-full_ComprehensiveIncomeAttributableToOwnersOfParent
00148531,제이스코홀딩스,2025,H1,consolidated,controlling_ni,-10716956629,-10392148341,CONCEPT_GAP,ifrs-full_ComprehensiveIncomeAttributableToOwnersOfParent
00353878,다스코,2025,Q3,separate,cfo,23196412775,21839297313,UNRESOLVED,
00353878,다스코,2025,Q3,consolidated,cfo,29396252173,26751006104,UNRESOLVED,
00353878,다스코,2025,Q1,separate,cfo,2049606144,1480819628,UNRESOLVED,
00353878,다스코,2024,FY,consolidated,cfo,19982699219,15916843497,UNRESOLVED,
00329093,코데즈컴바인,2025,Q3,separate,tax_expense,27016700,-89254124,UNRESOLVED,
00330424,LS증권,2026,H1,consolidated,revenue,263185615608,3935854061253,ADDITIVE_PAIR_CANDIDATE,
00330424,LS증권,2026,H1,separate,revenue,266546729339,3935761229907,ADDITIVE_PAIR_CANDIDATE,
00330424,LS증권,2026,Q1,consolidated,revenue,111909816258,1636450892273,ADDITIVE_PAIR_CANDIDATE,
00330424,LS증권,2026,Q1,separate,revenue,112412743863,1636080540718,ADDITIVE_PAIR_CANDIDATE,
00149354,종근당홀딩스,2026,Q1,consolidated,trade_payables,48155673615,22634956968,CONCEPT_GAP,ifrs-full_TradeAndOtherCurrentPayablesToTradeSuppliers
00356389,프럼파스트,2026,H1,consolidated,revenue,11125207828,12411473196,CONCEPT_GAP,dart_CostOfSalesFromSaleOfGoods
00356389,프럼파스트,2026,H1,separate,revenue,9472963710,10557080791,CONCEPT_GAP,dart_CostOfSalesFromSaleOfGoods
00156859,다올투자증권,2026,Q1,separate,revenue,41558322654,609268008460,ADDITIVE_PAIR_CANDIDATE,
00356361,LG화학,2025,Q3,consolidated,controlling_ni,-846122000000,-422511000000,CONCEPT_GAP,ifrs-full_ComprehensiveIncomeAttributableToOwnersOfParent
00356361,LG화학,2025,Q1,consolidated,controlling_ni,8464000000,-107568000000,CONCEPT_GAP,ifrs-full_ComprehensiveIncomeAttributableToOwnersOfParent
00356361,LG화학,2025,H1,consolidated,controlling_ni,-1756433000000,-541904000000,CONCEPT_GAP,ifrs-full_ComprehensiveIncomeAttributableToOwnersOfParent
00163761,한창제지,2024,FY,separate,trade_payables,15452696793,17468624581,CONCEPT_GAP,ifrs-full_TradeAndOtherPayablesToTradeSuppliers
00482426,인화정공,2026,Q1,separate,trade_payables,6004761157,5466559989,CONCEPT_GAP,ifrs-full_TradeAndOtherPayablesToTradeSuppliers
00482426,인화정공,2025,FY,separate,trade_payables,7041076416,777088674,CONCEPT_GAP,ifrs-full_TradeAndOtherPayablesToTradeSuppliers
00482426,인화정공,2025,FY,consolidated,trade_payables,8383422161,1395562804,CONCEPT_GAP,ifrs-full_TradeAndOtherPayablesToTradeSuppliers
00407771,듀오백,2026,H1,separate,revenue,8299430055,12042842527,CONCEPT_GAP,dart_CostOfSalesFromSaleOfGoods
00626011,아이텍,2026,Q1,consolidated,trade_payables,18500000,4869596296,CONCEPT_GAP,ifrs-full_NoncurrentPayables
00626011,아이텍,2025,FY,consolidated,trade_payables,20000000,7004527758,CONCEPT_GAP,ifrs-full_NoncurrentPayables
00626011,아이텍,2025,FY,separate,trade_payables,0,5068265299,CONCEPT_GAP,ifrs-full_CurrentTaxAssets
00833064,엠플러스,2025,H1,consolidated,controlling_ni,10140333739,10194096717,CONCEPT_GAP,ifrs-full_ComprehensiveIncomeAttributableToOwnersOfParent
00866062,엘티씨,2026,Q1,consolidated,dividends_paid,-927716600,-1033567200,UNRESOLVED,
00866062,엘티씨,2026,Q1,separate,dividends_paid,-927716600,-1033567200,UNRESOLVED,
00488244,원일티엔아이,2025,Q3,separate,tax_expense,-20022046,6704819,UNRESOLVED,
00392691,포니링크,2025,Q3,separate,tax_expense,84470990,444927513,UNRESOLVED,
01135640,이삭엔지니어링,2025,Q3,separate,tax_expense,-604332091,1150782508,UNRESOLVED,
00126256,삼성생명,2026,Q1,consolidated,revenue,14719366000000,14901854000000,ADDITIVE_PAIR_CANDIDATE,
00123772,부국증권,2025,Q1,consolidated,revenue,52699925463,193216191147,ADDITIVE_PAIR_CANDIDATE,
00123772,부국증권,2025,FY,consolidated,revenue,179735376651,965463610904,ADDITIVE_PAIR_CANDIDATE,
00128555,삼천리,2026,H1,separate,trade_payables,419391147500,419391148,CONCEPT_GAP,ifrs-full_TradeAndOtherCurrentPayablesToTradeSuppliers
00128555,삼천리,2026,Q1,separate,trade_payables,759052134444,759052134,CONCEPT_GAP,ifrs-full_TradeAndOtherCurrentPayablesToTradeSuppliers
00128555,삼천리,2025,FY,separate,trade_payables,659101338023,659101338,CONCEPT_GAP,ifrs-full_TradeAndOtherCurrentPayablesToTradeSuppliers
00125488,삼륭물산,2025,Q3,separate,tax_expense,-44710790,491314997,UNRESOLVED,
00125488,삼륭물산,2025,Q3,consolidated,tax_expense,-189589063,671634064,UNRESOLVED,
01090471,SFA넥셀,2026,Q1,consolidated,trade_payables,11108575800,10943704050,CONCEPT_GAP,ifrs-full_TradeAndOtherPayablesToTradeSuppliers
01090471,SFA넥셀,2026,Q1,separate,trade_payables,11108575800,10943704050,CONCEPT_GAP,ifrs-full_TradeAndOtherPayablesToTradeSuppliers
01090471,SFA넥셀,2025,FY,consolidated,trade_payables,13282610427,10119070829,CONCEPT_GAP,ifrs-full_TradeAndOtherPayablesToTradeSuppliers
01090471,SFA넥셀,2025,FY,separate,trade_payables,13282610427,10117994654,CONCEPT_GAP,ifrs-full_TradeAndOtherPayablesToTradeSuppliers
01494154,지니너스,2025,FY,consolidated,trade_payables,49133811,2491120121,CONCEPT_GAP,ifrs-full_TradeAndOtherPayablesToTradeSuppliers
01494154,지니너스,2025,H1,consolidated,trade_payables,177257168,1438687760,CONCEPT_GAP,ifrs-full_TradeAndOtherPayablesToTradeSuppliers
01428948,오아,2025,Q3,consolidated,tax_expense,211,362362532,UNRESOLVED,
01428948,오아,2025,Q3,separate,tax_expense,75910644,362362532,UNRESOLVED,
01587056,엔젯,2025,Q3,consolidated,tax_expense,0,-960508319,CONCEPT_GAP,ifrs-full_OtherComprehensiveIncomeThatWillNotBeReclassifiedToProfitOrLossNetOfTax
01398151,밸로프,2026,Q1,consolidated,trade_payables,200000000,4090620308,CONCEPT_GAP,dart_LongTermTradeAndOtherNonCurrentPayables
01398151,밸로프,2026,Q1,separate,trade_payables,200000000,2935037815,CONCEPT_GAP,dart_LongTermTradeAndOtherNonCurrentPayables
01398151,밸로프,2025,FY,consolidated,trade_payables,200000000,3525640964,CONCEPT_GAP,dart_LongTermTradeAndOtherNonCurrentPayables
01398151,밸로프,2025,FY,separate,trade_payables,200000000,2799149462,CONCEPT_GAP,dart_LongTermTradeAndOtherNonCurrentPayables
01398151,밸로프,2025,Q3,consolidated,trade_payables,200000000,3556087472,CONCEPT_GAP,dart_LongTermTradeAndOtherNonCurrentPayables
01398151,밸로프,2025,Q3,separate,trade_payables,200000000,1970566619,CONCEPT_GAP,dart_LongTermTradeAndOtherNonCurrentPayables
00137289,이엘씨,2026,H1,separate,revenue,6927836735,9679624845,CONCEPT_GAP,dart_CostOfSalesFromSaleOfGoods
00137289,이엘씨,2026,H1,consolidated,revenue,14587138763,28616905939,CONCEPT_GAP,dart_CostOfSalesFromSaleOfGoods
00138729,아세아제지,2025,Q3,separate,dividends_paid,-8745804100,-8746221000,CONCEPT_GAP,ifrs-full_DividendsPaidOrdinaryShares
00138729,아세아제지,2025,Q3,consolidated,dividends_paid,-8745804100,-8746221000,CONCEPT_GAP,ifrs-full_DividendsPaidOrdinaryShares
00138729,아세아제지,2025,H1,separate,dividends_paid,-8745804100,-8746221000,CONCEPT_GAP,ifrs-full_DividendsPaidOrdinaryShares
00138729,아세아제지,2025,H1,consolidated,dividends_paid,-8745804100,-8746221000,CONCEPT_GAP,ifrs-full_DividendsPaidOrdinaryShares
00144252,유니온,2025,H1,consolidated,controlling_ni,5566982137,357,AXIS_EXCLUDED_UNMAPPED,ifrs-full_ProfitLoss
01181807,형지글로벌,2025,FY,consolidated,controlling_ni,-34472004513,-34335447030,CONCEPT_GAP,ifrs-full_ComprehensiveIncomeAttributableToOwnersOfParent
00348292,한빛소프트,2025,FY,consolidated,controlling_ni,5114608212,5213251253,CONCEPT_GAP,ifrs-full_ComprehensiveIncomeAttributableToOwnersOfParent
00348292,한빛소프트,2025,H1,consolidated,controlling_ni,1080037570,1277042405,CONCEPT_GAP,ifrs-full_ComprehensiveIncomeAttributableToOwnersOfParent
00348292,한빛소프트,2025,Q1,consolidated,controlling_ni,372312706,478222943,CONCEPT_GAP,ifrs-full_ComprehensiveIncomeAttributableToOwnersOfParent
00348292,한빛소프트,2025,Q3,consolidated,controlling_ni,1618484216,1555423146,CONCEPT_GAP,ifrs-full_ComprehensiveIncomeAttributableToOwnersOfParent
00348292,한빛소프트,2024,FY,consolidated,controlling_ni,1679022381,1717743668,CONCEPT_GAP,ifrs-full_ComprehensiveIncomeAttributableToOwnersOfParent
00304915,코리아에셋투자증권,2026,Q1,separate,revenue,12231095031,72379666232,ADDITIVE_PAIR_CANDIDATE,
00304915,코리아에셋투자증권,2026,Q3,separate,revenue,38169949162,195589480084,ADDITIVE_PAIR_CANDIDATE,
00304915,코리아에셋투자증권,2025,Q3,separate,revenue,40703032166,206400079121,ADDITIVE_PAIR_CANDIDATE,
01765256,동국씨엠,2025,FY,separate,trade_payables,212143160899,298700,CONCEPT_GAP,ifrs-full_TradeAndOtherCurrentPayablesToTradeSuppliers
01765256,동국씨엠,2025,H1,consolidated,trade_payables,332397977990,446037000000,CONCEPT_GAP,ifrs-full_TradeAndOtherCurrentPayablesToTradeSuppliers
00158024,KBI메탈,2024,FY,consolidated,controlling_ni,1161915065,809559327,CONCEPT_GAP,ifrs-full_ComprehensiveIncomeAttributableToOwnersOfParent
00131054,유진증권,2026,Q1,separate,revenue,152501830087,998484042172,ADDITIVE_PAIR_CANDIDATE,
00373571,스타코링크,2026,Q1,consolidated,inventory,2698238597,1320123674,CONCEPT_GAP,ifrs-full_InventoriesTotal
00382199,신한지주,2026,Q1,consolidated,revenue,9315594000000,28492432000000,UNRESOLVED,
00382199,신한지주,2025,FY,consolidated,revenue,35917446000000,64681960000000,UNRESOLVED,
00382199,신한지주,2025,H1,consolidated,revenue,17875327000000,39340056000000,UNRESOLVED,
00382199,신한지주,2025,Q3,consolidated,revenue,26820979000000,48854886000000,UNRESOLVED,
00541437,코렌텍,2025,Q3,consolidated,controlling_ni,3048024663,3098328607,AXIS_EXCLUDED_MAPPED,ifrs-full_ProfitLossAttributableToOwnersOfParent
00410997,누리플랜,2025,Q3,separate,tax_expense,21298905,30076334,UNRESOLVED,
00410997,누리플랜,2025,Q3,consolidated,tax_expense,21298905,-3470646,UNRESOLVED,
00657002,에이디테크놀로지,2024,FY,consolidated,dividends_paid,-923931050,0,UNRESOLVED,
00618410,KS인더스트리,2025,H1,consolidated,tax_expense,4297385,-22090390,UNRESOLVED,
00618410,KS인더스트리,2025,Q3,consolidated,tax_expense,707088,-22090390,UNRESOLVED,
00871833,에스티팜,2025,FY,consolidated,controlling_ni,56093956325,54991748144,CONCEPT_GAP,ifrs-full_ComprehensiveIncomeAttributableToOwnersOfParent
00871833,에스티팜,2025,H1,consolidated,controlling_ni,7135488709,6468502577,CONCEPT_GAP,ifrs-full_ComprehensiveIncomeAttributableToOwnersOfParent
00871833,에스티팜,2025,Q1,consolidated,controlling_ni,1022958102,1043732175,CONCEPT_GAP,ifrs-full_ComprehensiveIncomeAttributableToOwnersOfParent
00871833,에스티팜,2025,Q3,consolidated,controlling_ni,25108144227,24040416222,CONCEPT_GAP,ifrs-full_ComprehensiveIncomeAttributableToOwnersOfParent
01032486,두산밥캣,2024,FY,consolidated,total_assets,12009612000000,8169804000,UNRESOLVED,
01032486,두산밥캣,2024,FY,consolidated,current_assets,4486831000000,3052266000,UNRESOLVED,
01032486,두산밥캣,2024,FY,consolidated,cash,1856791000000,1263123000,UNRESOLVED,
01032486,두산밥캣,2024,FY,consolidated,inventory,1984984000000,1350329000,UNRESOLVED,
01032486,두산밥캣,2024,FY,consolidated,ppe,1652609000000,1124224000,UNRESOLVED,
01032486,두산밥캣,2024,FY,consolidated,total_liabilities,5115108000000,3479665000,UNRESOLVED,
01032486,두산밥캣,2024,FY,consolidated,current_liabilities,2466757000000,1678066000,UNRESOLVED,
01032486,두산밥캣,2024,FY,consolidated,total_equity,6894504000000,4690139000,UNRESOLVED,
01032486,두산밥캣,2024,FY,consolidated,controlling_equity,6894504000000,4690139000,UNRESOLVED,
01032486,두산밥캣,2024,FY,consolidated,retained_earnings,5614772000000,3819573000,UNRESOLVED,
01032486,두산밥캣,2024,FY,consolidated,trade_payables,1733398000000,1179182000,UNRESOLVED,
01032486,두산밥캣,2024,FY,consolidated,revenue,8551207000000,6269305000,UNRESOLVED,
01032486,두산밥캣,2024,FY,consolidated,cogs,6560047000000,-4809489000,UNRESOLVED,
01032486,두산밥캣,2024,FY,consolidated,gross_profit,1991160000000,1459816000,UNRESOLVED,
01032486,두산밥캣,2024,FY,consolidated,operating_income,871402000000,638867000,UNRESOLVED,
01032486,두산밥캣,2024,FY,consolidated,ebt,798440000000,585375000,UNRESOLVED,
01032486,두산밥캣,2024,FY,consolidated,tax_expense,235077000000,-172346000,UNRESOLVED,
01032486,두산밥캣,2024,FY,consolidated,net_income,563363000000,413029000,UNRESOLVED,
01032486,두산밥캣,2024,FY,consolidated,controlling_ni,563363000000,413029000,UNRESOLVED,
01032486,두산밥캣,2024,FY,consolidated,cfo,783722000000,533144000,UNRESOLVED,
01032486,두산밥캣,2024,FY,consolidated,cfi,-622839000000,-423700000,UNRESOLVED,
01032486,두산밥캣,2024,FY,consolidated,cff,163967000000,111542000,UNRESOLVED,
01032486,두산밥캣,2024,FY,consolidated,dividends_paid,-173166000000,117799000,UNRESOLVED,
01253636,에르코스,2025,Q3,consolidated,tax_expense,14040285,92971431,UNRESOLVED,
01316245,효성중공업,2025,FY,consolidated,controlling_ni,489647786077,519893715256,CONCEPT_GAP,ifrs-full_ComprehensiveIncomeAttributableToOwnersOfParent
01090471,SFA넥셀,2025,H1,separate,trade_payables,18352391634,13368657143,CONCEPT_GAP,ifrs-full_TradeAndOtherCurrentPayablesToTradeSuppliers
01090471,SFA넥셀,2025,Q1,separate,trade_payables,30377719026,11482954109,CONCEPT_GAP,ifrs-full_TradeAndOtherCurrentPayablesToTradeSuppliers
01472930,오브젠,2026,Q1,consolidated,trade_payables,1851039493,5253733436,CONCEPT_GAP,ifrs-full_TradeAndOtherPayablesToTradeSuppliers
01472930,오브젠,2026,Q1,consolidated,controlling_ni,-483567096,-483560349,CONCEPT_GAP,ifrs-full_ProfitLossFromContinuingOperations
01472930,오브젠,2026,Q1,separate,trade_payables,1851039493,5253733436,CONCEPT_GAP,ifrs-full_TradeAndOtherPayablesToTradeSuppliers
01203659,이뮨온시아,2025,Q3,separate,revenue,50000000,111208740,UNRESOLVED,
01493793,코셈,2025,Q3,consolidated,tax_expense,-110743684,-81454631,UNRESOLVED,
01182259,알피바이오,2025,Q3,separate,tax_expense,50240650,354210789,UNRESOLVED,
01412822,솔루스첨단소재,2025,Q3,consolidated,trade_payables,60336913291,85375000000,CONCEPT_GAP,ifrs-full_TradeAndOtherCurrentPayablesToTradeSuppliers
01412822,솔루스첨단소재,2025,Q1,separate,trade_payables,13548941796,27496000000,CONCEPT_GAP,ifrs-full_TradeAndOtherCurrentPayablesToTradeSuppliers
01412822,솔루스첨단소재,2025,Q1,consolidated,trade_payables,59808420488,95865000000,CONCEPT_GAP,ifrs-full_TradeAndOtherCurrentPayablesToTradeSuppliers
01412822,솔루스첨단소재,2025,H1,separate,trade_payables,9432340536,19367000000,CONCEPT_GAP,ifrs-full_TradeAndOtherCurrentPayablesToTradeSuppliers
00135962,신라교역,2025,Q3,separate,trade_payables,42559676998,42559677,CONCEPT_GAP,ifrs-full_TradeAndOtherCurrentPayablesToTradeSuppliers
00135962,신라교역,2025,Q3,consolidated,trade_payables,48176779034,48176779,CONCEPT_GAP,ifrs-full_TradeAndOtherCurrentPayablesToTradeSuppliers
00137997,현대차증권,2025,Q1,separate,revenue,85669000000,419534000000,UNRESOLVED,
00137997,현대차증권,2025,H1,separate,revenue,174615000000,54553000000,ADDITIVE_PAIR_CANDIDATE,
00137997,현대차증권,2025,H1,consolidated,revenue,174191000000,54129000000,ADDITIVE_PAIR_CANDIDATE,
00137997,현대차증권,2024,FY,separate,revenue,263307000000,1767927000000,UNRESOLVED,
00137997,현대차증권,2024,FY,consolidated,revenue,263447000000,1795633000000,UNRESOLVED,
00144720,와이투솔루션,2025,Q3,consolidated,tax_expense,-77944743,-198813352,UNRESOLVED,
00144720,와이투솔루션,2025,Q3,separate,tax_expense,-77944743,-198813352,UNRESOLVED,
00147860,에스엠벡셀,2026,Q1,separate,retained_earnings,-36890576596,51904402041,CONCEPT_GAP,dart_RetainedEarningsBeforeAppropriationsAccumulatedDeficitBeforeDisposition
00977650,엔케이젠바이오텍코리아,2023,FY,consolidated,trade_payables,3795229290,3804781599,UNRESOLVED,
00145598,이연제약,2025,Q1,separate,trade_payables,7837235184,14421377063,UNRESOLVED,
00145598,이연제약,2025,Q1,consolidated,trade_payables,7837235184,14467303399,UNRESOLVED,
00536523,로보스타,2025,Q3,consolidated,tax_expense,-64407045,-48011086,UNRESOLVED,
00536523,로보스타,2025,Q3,separate,tax_expense,-64407045,-48011086,UNRESOLVED,
00104573,국일제지,2025,Q3,separate,tax_expense,-138250046,-2310052284,UNRESOLVED,
00104573,국일제지,2025,Q3,consolidated,tax_expense,-138250046,-2310052284,UNRESOLVED,
00156859,다올투자증권,2026,Q1,consolidated,revenue,84576731166,769062907717,ADDITIVE_PAIR_CANDIDATE,
00156859,다올투자증권,2026,H1,separate,revenue,85831956691,1490940490440,ADDITIVE_PAIR_CANDIDATE,
00156859,다올투자증권,2026,H1,consolidated,revenue,186446187286,1829565780313,ADDITIVE_PAIR_CANDIDATE,
00156859,다올투자증권,2025,Q3,separate,revenue,116602524302,811402416613,ADDITIVE_PAIR_CANDIDATE,
00156859,다올투자증권,2025,Q3,consolidated,revenue,236992143987,1241317403872,ADDITIVE_PAIR_CANDIDATE,
00156859,다올투자증권,2025,Q1,separate,revenue,40574169262,303998092218,ADDITIVE_PAIR_CANDIDATE,
00156859,다올투자증권,2025,Q1,consolidated,revenue,69218715051,437161616100,ADDITIVE_PAIR_CANDIDATE,
00156859,다올투자증권,2025,H1,separate,revenue,84520212843,657182687399,ADDITIVE_PAIR_CANDIDATE,
00156859,다올투자증권,2025,H1,consolidated,revenue,160086296215,940345195766,ADDITIVE_PAIR_CANDIDATE,
00156859,다올투자증권,2025,FY,separate,revenue,133633126914,1119617113008,ADDITIVE_PAIR_CANDIDATE,
00156859,다올투자증권,2025,FY,consolidated,revenue,298489775180,1714450686727,ADDITIVE_PAIR_CANDIDATE,
00156859,다올투자증권,2024,FY,separate,revenue,77219147980,894950089625,ADDITIVE_PAIR_CANDIDATE,
00156859,다올투자증권,2024,FY,consolidated,revenue,175163676061,1442566582864,ADDITIVE_PAIR_CANDIDATE,
00156859,다올투자증권,2024,FY,consolidated,controlling_ni,-40842586937,-48585414158,CONCEPT_GAP,ifrs-full_ComprehensiveIncomeAttributableToOwnersOfParent
00488402,서울바이오시스,2025,Q3,separate,tax_expense,-602330815,65827942,UNRESOLVED,
00155258,포스코스틸리온,2025,H1,separate,total_equity,498980903750,373761859932,CONCEPT_GAP,ifrs-full_EquityAndLiabilities
00155258,포스코스틸리온,2025,Q1,consolidated,total_equity,531448521555,382401898291,CONCEPT_GAP,ifrs-full_EquityAndLiabilities
00155258,포스코스틸리온,2025,Q1,separate,total_equity,503028097210,370920318712,CONCEPT_GAP,ifrs-full_EquityAndLiabilities
00155258,포스코스틸리온,2025,Q3,consolidated,total_equity,551956987986,389689841010,CONCEPT_GAP,ifrs-full_EquityAndLiabilities
00155258,포스코스틸리온,2025,Q3,separate,total_equity,525118262333,377525572282,CONCEPT_GAP,ifrs-full_EquityAndLiabilities
00155258,포스코스틸리온,2024,FY,consolidated,total_equity,556803723173,385299788248,CONCEPT_GAP,ifrs-full_EquityAndLiabilities
00155258,포스코스틸리온,2024,FY,separate,total_equity,530859806774,376108493339,CONCEPT_GAP,ifrs-full_EquityAndLiabilities
00528791,제일엠앤에스,2024,FY,separate,total_assets,310581252446,456100863078,UNRESOLVED,
00528791,제일엠앤에스,2024,FY,separate,total_liabilities,329177240782,473987204992,UNRESOLVED,
00528791,제일엠앤에스,2024,FY,separate,total_equity,-18595988336,-17886341914,UNRESOLVED,
00528791,제일엠앤에스,2024,FY,separate,trade_payables,67068594927,66890294441,UNRESOLVED,
00528791,제일엠앤에스,2024,FY,consolidated,total_assets,323358429639,478192127798,UNRESOLVED,
00528791,제일엠앤에스,2024,FY,consolidated,total_liabilities,342334702797,498037054409,UNRESOLVED,
00528791,제일엠앤에스,2024,FY,consolidated,total_equity,-18976273158,-19844926611,UNRESOLVED,
00164788,현대모비스,2024,FY,consolidated,controlling_ni,5912894000000,4055642000000,CONCEPT_GAP,ifrs-full_ComprehensiveIncomeAttributableToOwnersOfParent
00545114,랩지노믹스,2025,FY,consolidated,ppe,50265740959,44124558,UNRESOLVED,
00120021,LG,2026,Q1,consolidated,trade_payables,509002000000,747250000000,CONCEPT_GAP,ifrs-full_TradeAndOtherCurrentPayablesToTradeSuppliers
00120021,LG,2025,Q3,consolidated,trade_payables,559963000000,515311000000,CONCEPT_GAP,ifrs-full_TradeAndOtherCurrentPayablesToTradeSuppliers
00120021,LG,2025,Q1,consolidated,trade_payables,534920000000,960212000000,CONCEPT_GAP,ifrs-full_TradeAndOtherCurrentPayablesToTradeSuppliers
00120021,LG,2025,FY,consolidated,trade_payables,675250000000,517421000000,CONCEPT_GAP,ifrs-full_TradeAndOtherCurrentPayablesToTradeSuppliers
00124540,대우건설,2026,Q1,consolidated,trade_payables,245470354898,253000000,CONCEPT_GAP,ifrs-full_TradeAndOtherCurrentPayablesToTradeSuppliers
00124540,대우건설,2026,Q1,separate,trade_payables,225121244976,3113000000,CONCEPT_GAP,ifrs-full_TradeAndOtherCurrentPayablesToTradeSuppliers
00494546,오비고,2026,Q1,consolidated,trade_payables,1696844052,2411584793,CONCEPT_GAP,ifrs-full_TradeAndOtherPayablesToTradeSuppliers
00494546,오비고,2025,FY,consolidated,trade_payables,1841085410,2185436255,CONCEPT_GAP,ifrs-full_TradeAndOtherPayablesToTradeSuppliers
00494546,오비고,2025,H1,consolidated,trade_payables,1307420866,2003345143,CONCEPT_GAP,ifrs-full_TradeAndOtherPayablesToTradeSuppliers
00541437,코렌텍,2025,FY,consolidated,controlling_ni,6259392502,6969212804,AXIS_EXCLUDED_MAPPED,ifrs-full_ProfitLossAttributableToOwnersOfParent
00126292,삼성카드,2026,Q1,consolidated,revenue,998602000000,1285752000000,ADDITIVE_PAIR_CANDIDATE,
00126292,삼성카드,2025,Q3,consolidated,revenue,2862087000000,3332494000000,ADDITIVE_PAIR_CANDIDATE,
00126292,삼성카드,2025,H1,consolidated,revenue,1890672000000,2324646000000,ADDITIVE_PAIR_CANDIDATE,
00126292,삼성카드,2025,FY,consolidated,revenue,3935076000000,4382855000000,UNRESOLVED,
00599285,서플러스글로벌,2025,Q3,separate,tax_expense,-231423818,-4046429260,UNRESOLVED,
00180795,인팩,2024,FY,consolidated,cfo,4927978243,18258391860,UNRESOLVED,
00180795,인팩,2024,FY,consolidated,cfi,-56168997243,4424018971,UNRESOLVED,
00180795,인팩,2024,FY,consolidated,cff,52471812596,494493000381,UNRESOLVED,
00180795,인팩,2024,FY,separate,cfo,11929194234,12131633379,UNRESOLVED,
00180795,인팩,2024,FY,separate,cfi,-7332328153,1952315433,UNRESOLVED,
00180795,인팩,2024,FY,separate,cff,-2090246071,202203540201,UNRESOLVED,
00619640,에코앤드림,2025,Q1,consolidated,dividends_paid,-200000000,-20000000,UNRESOLVED,
00139214,삼성화재해상보험,2025,H1,consolidated,revenue,12963274244433,12963274,ADDITIVE_PAIR_CANDIDATE,
01003040,케이사인,2025,Q3,consolidated,tax_expense,-88137490,-511828171,UNRESOLVED,
01003040,케이사인,2025,Q3,separate,trade_payables,1356354934,402032186,CONCEPT_GAP,dart_ShortTermOtherPayables
01003040,케이사인,2025,Q3,separate,tax_expense,88137490,235971319,UNRESOLVED,
01003040,케이사인,2024,FY,separate,trade_payables,6849715775,873088936,CONCEPT_GAP,dart_ShortTermOtherPayables
01031502,코아시아씨엠,2025,Q3,consolidated,controlling_ni,3202994750,-1251883644,UNRESOLVED,
00964595,엔바이오니아,2025,H1,separate,cfo,-2264465883,-2258201496,UNRESOLVED,
00997812,코미코,2026,Q1,consolidated,controlling_ni,21812913408,11052472348,CONCEPT_GAP,ifrs-full_ComprehensiveIncomeAttributableToOwnersOfParent
00997812,코미코,2025,FY,consolidated,controlling_ni,51247055669,49858499792,CONCEPT_GAP,ifrs-full_ComprehensiveIncomeAttributableToOwnersOfParent
00148610,한화투자증권,2025,Q1,consolidated,revenue,122051054271,836959197971,ADDITIVE_PAIR_CANDIDATE,
00148610,한화투자증권,2025,Q1,separate,revenue,119262955609,836349598394,ADDITIVE_PAIR_CANDIDATE,
00148610,한화투자증권,2024,FY,consolidated,revenue,282690872340,2495792979346,ADDITIVE_PAIR_CANDIDATE,
00148610,한화투자증권,2024,FY,separate,revenue,260439579635,2387027064229,ADDITIVE_PAIR_CANDIDATE,
01472930,오브젠,2025,FY,consolidated,trade_payables,2497383198,4833325624,CONCEPT_GAP,ifrs-full_TradeAndOtherPayablesToTradeSuppliers
00152260,카스,2026,Q1,consolidated,controlling_ni,2277835519,-655636167,CONCEPT_GAP,ifrs-full_ComprehensiveIncomeAttributableToOwnersOfParent
00152260,카스,2025,Q3,consolidated,controlling_ni,-3083601285,-1830052080,CONCEPT_GAP,ifrs-full_ComprehensiveIncomeAttributableToOwnersOfParent
00152260,카스,2025,Q1,consolidated,controlling_ni,90751489,119717368,CONCEPT_GAP,ifrs-full_ComprehensiveIncomeAttributableToOwnersOfParent
00152260,카스,2025,H1,consolidated,controlling_ni,-3945575150,-827141064,CONCEPT_GAP,ifrs-full_ComprehensiveIncomeAttributableToOwnersOfParent
00152260,카스,2025,FY,consolidated,controlling_ni,-1340919816,-1657646247,CONCEPT_GAP,ifrs-full_ComprehensiveIncomeAttributableToOwnersOfParent
00152260,카스,2024,FY,consolidated,controlling_ni,5399743747,1310845236,CONCEPT_GAP,ifrs-full_ComprehensiveIncomeAttributableToOwnersOfParent
00153393,태광산업,2025,Q3,consolidated,controlling_ni,-4189905710,45576642409,CONCEPT_GAP,ifrs-full_ComprehensiveIncomeAttributableToOwnersOfParent
00153393,태광산업,2025,Q1,consolidated,controlling_ni,9697576360,74999798484,CONCEPT_GAP,ifrs-full_ComprehensiveIncomeAttributableToOwnersOfParent
00153393,태광산업,2025,H1,consolidated,controlling_ni,10089694991,48889954439,CONCEPT_GAP,ifrs-full_ComprehensiveIncomeAttributableToOwnersOfParent
00153393,태광산업,2025,FY,consolidated,controlling_ni,-1545157356,80823968992,CONCEPT_GAP,ifrs-full_ComprehensiveIncomeAttributableToOwnersOfParent
00106395,금호전기,2025,Q3,separate,tax_expense,-101032064,85420453,UNRESOLVED,
00158024,KBI메탈,2025,Q3,consolidated,controlling_ni,-6026855343,-4529092750,CONCEPT_GAP,ifrs-full_ComprehensiveIncomeAttributableToOwnersOfParent
00158024,KBI메탈,2025,Q1,consolidated,controlling_ni,-553188020,-435937940,CONCEPT_GAP,ifrs-full_ComprehensiveIncomeAttributableToOwnersOfParent
00158024,KBI메탈,2025,H1,consolidated,controlling_ni,-814019040,404008384,CONCEPT_GAP,ifrs-full_ComprehensiveIncomeAttributableToOwnersOfParent
00109693,DL,2025,FY,consolidated,controlling_ni,-59491676623,-88007769786,CONCEPT_GAP,ifrs-full_ComprehensiveIncomeAttributableToOwnersOfParent
00112059,상상인증권,2026,Q1,separate,revenue,20474474348,58085623496,ADDITIVE_PAIR_CANDIDATE,
00112059,상상인증권,2026,Q1,consolidated,revenue,20473588348,58085636653,ADDITIVE_PAIR_CANDIDATE,
00112059,상상인증권,2025,Q3,separate,revenue,37353304465,136443983109,ADDITIVE_PAIR_CANDIDATE,
00112059,상상인증권,2025,Q1,consolidated,revenue,15347219589,44637567584,ADDITIVE_PAIR_CANDIDATE,
00112059,상상인증권,2025,H1,separate,revenue,20644741134,89509355764,ADDITIVE_PAIR_CANDIDATE,
00112059,상상인증권,2025,H1,consolidated,revenue,20653079323,89521137519,ADDITIVE_PAIR_CANDIDATE,
00162461,한화솔루션,2025,Q1,consolidated,controlling_ni,-87381000000,-44467000000,CONCEPT_GAP,ifrs-full_ComprehensiveIncomeAttributableToOwnersOfParent
00162416,한양증권,2026,Q1,separate,revenue,66823112892,511339150819,UNRESOLVED,
00162416,한양증권,2025,Q3,separate,revenue,173081486891,652613785398,UNRESOLVED,
00162416,한양증권,2025,Q1,separate,revenue,67378219911,201902346870,UNRESOLVED,
00162416,한양증권,2025,Q1,consolidated,revenue,65773951312,200298078271,UNRESOLVED,
00162416,한양증권,2025,H1,separate,revenue,122797358626,446751866278,UNRESOLVED,
00162416,한양증권,2025,FY,separate,revenue,213594828756,909022352850,UNRESOLVED,
00536888,케이알엠,2023,FY,consolidated,tax_expense,2203330140,-1700331960,UNRESOLVED,
00123772,부국증권,2026,Q1,separate,revenue,29707679685,460303865501,ADDITIVE_PAIR_CANDIDATE,
00123772,부국증권,2026,Q1,consolidated,revenue,44274371374,479606128154,ADDITIVE_PAIR_CANDIDATE,
00123772,부국증권,2025,H1,separate,revenue,82587893724,434314867305,ADDITIVE_PAIR_CANDIDATE,
00123772,부국증권,2025,H1,consolidated,revenue,102989343949,455971175578,ADDITIVE_PAIR_CANDIDATE,
00123772,부국증권,2025,FY,separate,revenue,141409316649,913253396563,ADDITIVE_PAIR_CANDIDATE,
00554352,아이큐어,2025,H1,consolidated,tax_expense,-47359319,3131810,UNRESOLVED,
00131054,유진증권,2026,Q1,consolidated,revenue,174338056528,1065721579721,ADDITIVE_PAIR_CANDIDATE,
00131054,유진증권,2025,Q3,separate,revenue,228333792931,912020502492,ADDITIVE_PAIR_CANDIDATE,
00131054,유진증권,2025,Q3,consolidated,revenue,284908618756,1121409978170,ADDITIVE_PAIR_CANDIDATE,
00131054,유진증권,2025,Q1,separate,revenue,43531640871,343883624612,ADDITIVE_PAIR_CANDIDATE,
00191588,삼원강재,2025,Q1,separate,trade_payables,34706569063,13286653923,CONCEPT_GAP,dart_ShortTermOtherPayables
00191588,삼원강재,2025,Q3,separate,trade_payables,37029088108,13671413701,CONCEPT_GAP,dart_ShortTermOtherPayables
00191588,삼원강재,2024,FY,separate,trade_payables,24735127779,9674129897,CONCEPT_GAP,dart_ShortTermOtherPayables
00186452,광무,2025,FY,consolidated,inventory,102555199,0,AXIS_EXCLUDED_UNMAPPED,ifrs-full_ChangesInInventoriesOfFinishedGoodsAndWorkInProgress
00126201,삼성공조,2026,Q1,separate,dividends_paid,0,-650105120,CONCEPT_GAP,ifrs-full_OtherComprehensiveIncomeThatWillBeReclassifiedToProfitOrLossNetOfTax
00688996,KB금융,2024,H1,consolidated,dividends_paid,-100530000000,-887092000000,CONCEPT_GAP,dart_DividendsPaidToHybridBond
00688996,KB금융,2024,H1,separate,dividends_paid,-100530000000,-887093000000,CONCEPT_GAP,dart_DividendToHybridBond
00646732,진양홀딩스,2024,FY,consolidated,controlling_ni,15134541637,15323847236,CONCEPT_GAP,ifrs-full_ComprehensiveIncomeAttributableToOwnersOfParent
00858364,BNK금융지주,2025,Q1,consolidated,dividends_paid,-5255684930,0,CONCEPT_GAP,ifrs-full_DividendsPaidToNoncontrollingInterestsClassifiedAsFinancingActivities
00888347,휴젤,2026,Q1,consolidated,trade_payables,4302810508,4302811,CONCEPT_GAP,ifrs-full_TradeAndOtherCurrentPayablesToTradeSuppliers
00964595,엔바이오니아,2025,Q3,separate,cfo,-2242320315,-2295893896,UNRESOLVED,
01031502,코아시아씨엠,2026,H1,consolidated,controlling_ni,1276743532,7194501946,UNRESOLVED,
00146542,일정실업,2025,H1,consolidated,trade_payables,4011637281,7730000000,UNRESOLVED,
00146542,일정실업,2025,Q3,consolidated,trade_payables,4004225274,7205000000,UNRESOLVED,
00146296,일신석재,2025,Q3,separate,tax_expense,749065200,32816689,UNRESOLVED,
00493325,에이엘티,2024,FY,separate,trade_payables,15363590,4558806757,UNRESOLVED,
00201432,비츠로시스,2024,FY,consolidated,controlling_ni,-10283221582,-10292890167,CONCEPT_GAP,ifrs-full_ComprehensiveIncomeAttributableToOwnersOfParent
00155258,포스코스틸리온,2026,H1,consolidated,total_equity,527724134359,395465003924,CONCEPT_GAP,ifrs-full_EquityAndLiabilities
00155258,포스코스틸리온,2026,H1,separate,total_equity,498120455616,381094743619,CONCEPT_GAP,ifrs-full_EquityAndLiabilities
00155258,포스코스틸리온,2026,Q1,consolidated,total_equity,539023670882,388230004465,CONCEPT_GAP,ifrs-full_EquityAndLiabilities
00155258,포스코스틸리온,2026,Q1,separate,total_equity,509721330161,374517525236,CONCEPT_GAP,ifrs-full_EquityAndLiabilities
00155258,포스코스틸리온,2025,FY,consolidated,total_equity,507324692962,387307034547,CONCEPT_GAP,ifrs-full_EquityAndLiabilities
00155258,포스코스틸리온,2025,FY,separate,total_equity,479863698368,374614941683,CONCEPT_GAP,ifrs-full_EquityAndLiabilities
00155258,포스코스틸리온,2025,H1,consolidated,total_equity,523786677770,385411710120,CONCEPT_GAP,ifrs-full_EquityAndLiabilities
00159102,DB손해보험,2025,Q3,consolidated,revenue,17471954000000,17471952000000,ADDITIVE_PAIR_CANDIDATE,
00111722,미래에셋증권,2026,Q1,separate,revenue,591948000000,11471959000000,ADDITIVE_PAIR_CANDIDATE,
00111722,미래에셋증권,2026,Q1,consolidated,revenue,1624073000000,14428703000000,ADDITIVE_PAIR_CANDIDATE,
00111722,미래에셋증권,2025,FY,separate,revenue,1631032000000,21256147000000,ADDITIVE_PAIR_CANDIDATE,
00111722,미래에셋증권,2025,FY,consolidated,revenue,2776480000000,29283028000000,ADDITIVE_PAIR_CANDIDATE,
00111722,미래에셋증권,2024,Q3,separate,revenue,1118964489714,12323755250684,ADDITIVE_PAIR_CANDIDATE,
00111722,미래에셋증권,2024,Q3,consolidated,revenue,1465006650485,16452542861723,ADDITIVE_PAIR_CANDIDATE,
00111722,미래에셋증권,2024,Q1,separate,revenue,347730111824,5037499151454,ADDITIVE_PAIR_CANDIDATE,
00163761,한창제지,2025,H1,separate,trade_payables,16874476653,17430166929,CONCEPT_GAP,ifrs-full_TradeAndOtherPayablesToTradeSuppliers
00163761,한창제지,2025,Q1,separate,trade_payables,16802334097,15454156156,CONCEPT_GAP,ifrs-full_TradeAndOtherPayablesToTradeSuppliers
00163761,한창제지,2025,Q3,separate,trade_payables,20242652465,15874730762,CONCEPT_GAP,ifrs-full_TradeAndOtherPayablesToTradeSuppliers
00115694,DB증권,2026,Q1,separate,revenue,92218268000,1010387352000,ADDITIVE_PAIR_CANDIDATE,
00115694,DB증권,2026,Q1,consolidated,revenue,116137568000,1075176925000,ADDITIVE_PAIR_CANDIDATE,
00115694,DB증권,2025,Q3,consolidated,revenue,332926837030,1332226175731,ADDITIVE_PAIR_CANDIDATE,
00115694,DB증권,2025,Q1,separate,revenue,82758507731,377265748893,ADDITIVE_PAIR_CANDIDATE,
00162416,한양증권,2024,FY,separate,revenue,179939342308,833588033034,UNRESOLVED,
00162416,한양증권,2024,FY,consolidated,revenue,179637522369,833308862395,UNRESOLVED,
00117601,유안타증권,2026,Q1,separate,revenue,280230079000,1698749456000,ADDITIVE_PAIR_CANDIDATE,
00117601,유안타증권,2026,Q1,consolidated,revenue,284110120000,1723369309000,ADDITIVE_PAIR_CANDIDATE,
00117601,유안타증권,2025,Q1,consolidated,revenue,119274940000,763714664000,ADDITIVE_PAIR_CANDIDATE,
00117601,유안타증권,2025,FY,consolidated,revenue,601616810000,3461272611000,ADDITIVE_PAIR_CANDIDATE,
00120562,롯데지주,2026,Q1,consolidated,controlling_ni,161268673082,6548342890,CONCEPT_GAP,ifrs-full_ComprehensiveIncomeAttributableToOwnersOfParent
00124504,포스코인터내셔널,2025,FY,consolidated,controlling_ni,558816927000,614085020000,CONCEPT_GAP,ifrs-full_ComprehensiveIncomeAttributableToOwnersOfParent
00125530,삼립,2026,Q1,separate,dividends_paid,-14589401400,-5565831000,UNRESOLVED,
00556615,모바일어플라이언스,2025,Q3,separate,tax_expense,0,-1527073454,CONCEPT_GAP,ifrs-full_BasicEarningsLossPerShareFromContinuingOperations
00189538,피델릭스,2025,Q3,separate,tax_expense,0,21286784,CONCEPT_GAP,dart_PurchaseOfLongTermFinancialInstruments
00181299,상아프론테크,2026,H1,consolidated,controlling_ni,8561336638,5686022219,CONCEPT_GAP,ifrs-full_ComprehensiveIncomeAttributableToOwnersOfParent
00135795,신도리코,2025,FY,consolidated,controlling_ni,19605957496,20068805676,CONCEPT_GAP,ifrs-full_ComprehensiveIncomeAttributableToOwnersOfParent
00631518,SK이노베이션,2025,Q1,consolidated,net_income,-228953594000,-125616620000,AXIS_EXCLUDED_MAPPED,ifrs-full_ProfitLoss
00631518,SK이노베이션,2025,Q1,consolidated,controlling_ni,-235155176000,-228953594000,CONCEPT_GAP,ifrs-full_ComprehensiveIncomeAttributableToOwnersOfParent
00631518,SK이노베이션,2025,Q3,consolidated,controlling_ni,-1877538858000,-1109014921000,CONCEPT_GAP,ifrs-full_ComprehensiveIncomeAttributableToOwnersOfParent
00136721,신영증권,2026,FY,consolidated,revenue,412180035977,3171366146047,ADDITIVE_PAIR_CANDIDATE,
00136721,신영증권,2025,Q3,separate,revenue,242495242208,2024091692595,ADDITIVE_PAIR_CANDIDATE,
00136721,신영증권,2025,Q3,consolidated,revenue,260948740690,2072328227585,ADDITIVE_PAIR_CANDIDATE,
00136721,신영증권,2025,FY,separate,revenue,303139930422,2405751506764,ADDITIVE_PAIR_CANDIDATE,
00136721,신영증권,2025,FY,consolidated,revenue,330807851196,2466380710168,ADDITIVE_PAIR_CANDIDATE,
00137997,현대차증권,2025,Q1,consolidated,revenue,84527000000,425447000000,UNRESOLVED,
00646732,진양홀딩스,2025,Q3,consolidated,controlling_ni,13122536063,13322491351,CONCEPT_GAP,ifrs-full_ComprehensiveIncomeAttributableToOwnersOfParent
00646732,진양홀딩스,2025,Q1,consolidated,controlling_ni,-10259874353,-10302707261,CONCEPT_GAP,ifrs-full_ComprehensiveIncomeAttributableToOwnersOfParent
00646732,진양홀딩스,2025,H1,consolidated,controlling_ni,-1014930412,-771589909,CONCEPT_GAP,ifrs-full_ComprehensiveIncomeAttributableToOwnersOfParent
00862880,새빗켐,2025,Q3,separate,dividends_paid,-702403400,0,UNRESOLVED,
00958327,지앤비에스 에코,2026,H1,separate,trade_payables,7934310371,3765472737,CONCEPT_GAP,ifrs-full_TradeAndOtherPayablesToTradeSuppliers
00977650,엔케이젠바이오텍코리아,2024,FY,consolidated,controlling_equity,-23198262640,-25005220750,UNRESOLVED,
01031502,코아시아씨엠,2024,FY,consolidated,controlling_ni,-18380170468,-7835988805,UNRESOLVED,
01036367,아크솔루션스,2024,FY,consolidated,trade_payables,1241439304,5567240310,CONCEPT_GAP,ifrs-full_TradeAndOtherPayablesToTradeSuppliers
01036367,아크솔루션스,2023,FY,separate,trade_payables,1383139591,6474047762,CONCEPT_GAP,ifrs-full_TradeAndOtherPayablesToTradeSuppliers
00117601,유안타증권,2025,Q3,separate,revenue,419967318000,2210188927000,ADDITIVE_PAIR_CANDIDATE,
00353878,다스코,2024,FY,separate,cfo,18092056113,15262793544,UNRESOLVED,
01003040,케이사인,2026,Q1,separate,trade_payables,1127393861,937659204,CONCEPT_GAP,dart_ShortTermOtherPayables
01003040,케이사인,2025,FY,separate,trade_payables,7138065561,979367298,CONCEPT_GAP,dart_ShortTermOtherPayables
01003040,케이사인,2025,H1,separate,trade_payables,1605642597,776735455,CONCEPT_GAP,dart_ShortTermOtherPayables
01003040,케이사인,2025,Q1,separate,trade_payables,2716475818,553519507,CONCEPT_GAP,dart_ShortTermOtherPayables
00963976,SG,2025,Q3,consolidated,tax_expense,17000859,-1045010,UNRESOLVED,
00102353,경창산업,2025,FY,separate,ebt,-16860974182,-18117087469,UNRESOLVED,
01090471,SFA넥셀,2025,Q3,separate,trade_payables,14236519015,11409883457,CONCEPT_GAP,ifrs-full_TradeAndOtherCurrentPayablesToTradeSuppliers
01090471,SFA넥셀,2024,FY,consolidated,trade_payables,29259356007,14346977735,CONCEPT_GAP,ifrs-full_TradeAndOtherPayablesToTradeSuppliers
01090471,SFA넥셀,2024,FY,separate,trade_payables,29259356007,14234511989,CONCEPT_GAP,ifrs-full_TradeAndOtherPayablesToTradeSuppliers
01765256,동국씨엠,2026,Q1,consolidated,trade_payables,358526330805,488710,CONCEPT_GAP,ifrs-full_TradeAndOtherCurrentPayablesToTradeSuppliers
01412822,솔루스첨단소재,2026,Q1,consolidated,trade_payables,73288937415,189578,CONCEPT_GAP,ifrs-full_TradeAndOtherCurrentPayablesToTradeSuppliers
01412822,솔루스첨단소재,2025,Q3,separate,trade_payables,12016293661,23148000000,CONCEPT_GAP,ifrs-full_TradeAndOtherCurrentPayablesToTradeSuppliers
00149354,종근당홀딩스,2025,FY,consolidated,trade_payables,49289693106,11148760376,CONCEPT_GAP,ifrs-full_TradeAndOtherCurrentPayablesToTradeSuppliers
00148531,제이스코홀딩스,2025,Q3,consolidated,controlling_ni,-17718610758,-16786481891,CONCEPT_GAP,ifrs-full_ComprehensiveIncomeAttributableToOwnersOfParent
00148531,제이스코홀딩스,2025,Q1,consolidated,controlling_ni,-3401829481,-3808123486,AXIS_EXCLUDED_UNMAPPED,ifrs-full_ProfitLoss
00148531,제이스코홀딩스,2025,FY,consolidated,controlling_ni,-33434341973,-32011147174,CONCEPT_GAP,ifrs-full_ComprehensiveIncomeAttributableToOwnersOfParent
00148531,제이스코홀딩스,2024,FY,consolidated,controlling_ni,-26684717902,-25320363780,AXIS_EXCLUDED_UNMAPPED,ifrs-full_ProfitLoss
00148993,하이트진로홀딩스,2025,H1,consolidated,controlling_ni,22620404204,27268896505,CONCEPT_GAP,ifrs-full_ComprehensiveIncomeAttributableToOwnersOfParent
00106119,금양,2026,Q1,separate,trade_payables,91816207023,405766388,CONCEPT_GAP,ifrs-full_TradeAndOtherCurrentPayablesToTradeSuppliers
00155692,우리엔터프라이즈,2025,Q3,separate,tax_expense,0,3678254,UNRESOLVED,
00490179,플랜티넷,2025,FY,consolidated,controlling_ni,2330280430,2259770328,CONCEPT_GAP,ifrs-full_ComprehensiveIncomeAttributableToOwnersOfParent
00490179,플랜티넷,2024,FY,consolidated,controlling_ni,1758407755,1532486794,CONCEPT_GAP,ifrs-full_ComprehensiveIncomeAttributableToOwnersOfParent
00113058,한화생명,2025,Q3,consolidated,controlling_ni,-533606000000,618149000000,CONCEPT_GAP,ifrs-full_ComprehensiveIncomeAttributableToOwnersOfParent
00113058,한화생명,2025,H1,consolidated,controlling_ni,-747220000000,351155000000,CONCEPT_GAP,ifrs-full_ComprehensiveIncomeAttributableToOwnersOfParent
00113359,교보증권,2026,Q1,separate,revenue,172364915000,2374019329000,ADDITIVE_PAIR_CANDIDATE,
00113359,교보증권,2026,Q1,consolidated,revenue,181158923000,2395697867000,ADDITIVE_PAIR_CANDIDATE,
00113359,교보증권,2025,Q3,separate,revenue,369475989000,3161430950000,ADDITIVE_PAIR_CANDIDATE,
00113359,교보증권,2025,Q3,consolidated,revenue,380935238000,3196503113000,ADDITIVE_PAIR_CANDIDATE,
00113359,교보증권,2025,Q1,separate,revenue,133295606210,1099093112263,ADDITIVE_PAIR_CANDIDATE,
00113359,교보증권,2025,Q1,consolidated,revenue,134273015829,1108266590645,ADDITIVE_PAIR_CANDIDATE,
00113359,교보증권,2025,FY,separate,revenue,441440338000,4464182471000,ADDITIVE_PAIR_CANDIDATE,
00113359,교보증권,2025,FY,consolidated,revenue,451671922000,4506795230000,ADDITIVE_PAIR_CANDIDATE,
00117337,동양,2025,Q1,consolidated,trade_payables,83547295898,21130209179,CONCEPT_GAP,ifrs-full_TradeAndOtherCurrentPayablesToTradeSuppliers
00120021,LG,2024,FY,consolidated,trade_payables,800936000000,511096000000,CONCEPT_GAP,ifrs-full_TradeAndOtherCurrentPayablesToTradeSuppliers
00544577,브이엠,2025,Q3,separate,tax_expense,1003935983,55540929,UNRESOLVED,
00573269,에스코넥,2025,Q3,separate,tax_expense,808600,1789919745,UNRESOLVED,
00599106,네오리진,2026,Q1,consolidated,current_assets,17548479276,18049337095,UNRESOLVED,
00599106,네오리진,2026,Q1,separate,current_assets,17796457982,18297315801,UNRESOLVED,
00180795,인팩,2025,Q1,separate,cfo,4488255158,5244209966,UNRESOLVED,
00180795,인팩,2025,Q1,separate,cfi,-3152488490,115800163,UNRESOLVED,
00180795,인팩,2025,Q1,separate,cff,-1690646962,6882915416,UNRESOLVED,
00185301,제이피아이헬스케어,2026,Q1,consolidated,dividends_paid,0,-1276350000,CONCEPT_GAP,ifrs-full_CurrentTaxAssets
00185301,제이피아이헬스케어,2026,Q1,separate,dividends_paid,0,-1276350000,CONCEPT_GAP,dart_ProceedsFromPaidinCapitalIncrease
00133706,한국제지,2025,Q1,consolidated,controlling_ni,3093331100,3092999836,CONCEPT_GAP,ifrs-full_ComprehensiveIncomeAttributableToOwnersOfParent
00592653,유비벨록스,2025,FY,separate,trade_payables,7886592218,7886592,CONCEPT_GAP,ifrs-full_TradeAndOtherCurrentPayablesToTradeSuppliers
00126487,F&F 홀딩스,2025,Q1,consolidated,net_income,26932744690,75637604921,AXIS_EXCLUDED_MAPPED,ifrs-full_ProfitLoss
00126487,F&F 홀딩스,2025,Q1,consolidated,controlling_ni,26442359896,26932744690,CONCEPT_GAP,ifrs-full_ComprehensiveIncomeAttributableToOwnersOfParent
00816933,진영,2025,FY,consolidated,controlling_ni,-2734665614,-2765153963,UNRESOLVED,
00816933,진영,2025,Q3,consolidated,tax_expense,-237239532,575694185,UNRESOLVED,
00874803,AP위성,2025,Q3,separate,tax_expense,757801768,416084201,UNRESOLVED,
01036367,아크솔루션스,2025,H1,separate,trade_payables,506506519,1515251953,CONCEPT_GAP,ifrs-full_TradeAndOtherPayablesToTradeSuppliers
01036367,아크솔루션스,2025,H1,consolidated,trade_payables,506506519,1517346261,CONCEPT_GAP,ifrs-full_TradeAndOtherPayablesToTradeSuppliers
01036367,아크솔루션스,2025,FY,separate,trade_payables,338116145,1401742348,CONCEPT_GAP,ifrs-full_TradeAndOtherPayablesToTradeSuppliers
01036367,아크솔루션스,2025,FY,consolidated,trade_payables,349978206,1415698717,CONCEPT_GAP,ifrs-full_TradeAndOtherPayablesToTradeSuppliers
01036367,아크솔루션스,2024,FY,separate,trade_payables,1241439304,5565146002,CONCEPT_GAP,ifrs-full_TradeAndOtherPayablesToTradeSuppliers
00117601,유안타증권,2025,Q3,consolidated,revenue,432755517000,2238153120000,ADDITIVE_PAIR_CANDIDATE,
00117601,유안타증권,2025,Q1,separate,revenue,115148041000,751838201000,ADDITIVE_PAIR_CANDIDATE,
00117601,유안타증권,2025,FY,separate,revenue,584105189000,3411973141000,ADDITIVE_PAIR_CANDIDATE,
00117601,유안타증권,2024,FY,separate,revenue,491876783000,2672076521000,ADDITIVE_PAIR_CANDIDATE,
00117601,유안타증권,2024,FY,consolidated,revenue,513227568000,2712726528000,ADDITIVE_PAIR_CANDIDATE,
00249894,테라젠이텍스,2025,Q3,separate,trade_payables,7202700786,19595957999,CONCEPT_GAP,ifrs-full_TradeAndOtherCurrentPayablesToTradeSuppliers
00180795,인팩,2025,Q1,consolidated,cfo,2946375342,7077768142,UNRESOLVED,
00180795,인팩,2025,Q1,consolidated,cfi,-5036535208,1368066498,UNRESOLVED,
00180795,인팩,2025,Q1,consolidated,cff,5519443122,76445275484,UNRESOLVED,
00304915,코리아에셋투자증권,2026,FY,separate,revenue,56959859060,261887302863,ADDITIVE_PAIR_CANDIDATE,
00304915,코리아에셋투자증권,2026,H1,separate,revenue,28096967174,131963121356,ADDITIVE_PAIR_CANDIDATE,
01205851,HD현대일렉트릭,2026,Q1,separate,inventory,769324066119,769324,CONCEPT_GAP,ifrs-full_InventoriesTotal
01205851,HD현대일렉트릭,2025,FY,separate,inventory,765801362049,765801,CONCEPT_GAP,ifrs-full_InventoriesTotal
01205851,HD현대일렉트릭,2025,H1,separate,inventory,700359365606,700359,CONCEPT_GAP,ifrs-full_InventoriesTotal
01205851,HD현대일렉트릭,2025,Q3,separate,inventory,731622919463,731623,CONCEPT_GAP,ifrs-full_InventoriesTotal
00206686,케이피엠테크,2025,FY,consolidated,controlling_ni,-14610712409,-14676605602,CONCEPT_GAP,ifrs-full_ComprehensiveIncomeAttributableToOwnersOfParent
00577593,져스텍,2026,Q1,consolidated,trade_payables,960612980,765694020,CONCEPT_GAP,ifrs-full_TradeAndOtherPayablesToTradeSuppliers
00577593,져스텍,2026,Q1,separate,trade_payables,1012872478,1022350119,CONCEPT_GAP,ifrs-full_TradeAndOtherPayablesToTradeSuppliers
01412822,솔루스첨단소재,2026,Q1,separate,trade_payables,7151554743,34392000000,CONCEPT_GAP,ifrs-full_TradeAndOtherCurrentPayablesToTradeSuppliers
01493535,모비데이즈,2026,Q1,consolidated,controlling_ni,-201161528,-199921229,AXIS_EXCLUDED_UNMAPPED,ifrs-full_ProfitLoss
01493535,모비데이즈,2025,FY,consolidated,controlling_ni,3018412604,2668778954,AXIS_EXCLUDED_UNMAPPED,ifrs-full_ProfitLoss
00256715,국순당,2026,Q1,separate,trade_payables,408708227,6219974457,CONCEPT_GAP,ifrs-full_NoncurrentPayables
00256715,국순당,2026,Q1,consolidated,trade_payables,460399144,5224324207,CONCEPT_GAP,ifrs-full_NoncurrentPayables
00259934,예림당,2025,Q1,consolidated,controlling_ni,-6386873633,-5870711092,CONCEPT_GAP,ifrs-full_ComprehensiveIncomeAttributableToOwnersOfParent
00269889,누리플렉스,2025,Q3,separate,tax_expense,694333491,-991830256,UNRESOLVED,
00302926,현대로템,2025,Q1,consolidated,controlling_ni,162122523000,158385453000,CONCEPT_GAP,ifrs-full_ComprehensiveIncomeAttributableToOwnersOfParent
00302926,현대로템,2025,Q3,consolidated,controlling_ni,864976367000,547500498000,CONCEPT_GAP,ifrs-full_ComprehensiveIncomeAttributableToOwnersOfParent
00405278,KG파이낸셜,2025,Q3,consolidated,controlling_ni,18551867461,18572019034,CONCEPT_GAP,ifrs-full_ComprehensiveIncomeAttributableToOwnersOfParent
00405278,KG파이낸셜,2025,Q1,consolidated,controlling_ni,6041347700,6138326112,CONCEPT_GAP,ifrs-full_ComprehensiveIncomeAttributableToOwnersOfParent
00405278,KG파이낸셜,2025,H1,consolidated,controlling_ni,10798636874,10856313869,CONCEPT_GAP,ifrs-full_ComprehensiveIncomeAttributableToOwnersOfParent
00405278,KG파이낸셜,2025,FY,consolidated,controlling_ni,23476680372,23241773448,CONCEPT_GAP,ifrs-full_ComprehensiveIncomeAttributableToOwnersOfParent
00405278,KG파이낸셜,2024,FY,consolidated,controlling_ni,9675111878,9722240565,CONCEPT_GAP,ifrs-full_ComprehensiveIncomeAttributableToOwnersOfParent
01494154,지니너스,2026,Q1,consolidated,trade_payables,461427557,1467111616,CONCEPT_GAP,ifrs-full_TradeAndOtherPayablesToTradeSuppliers
00407294,유라클,2025,Q3,consolidated,tax_expense,184374030,-1737818,UNRESOLVED,
00407294,유라클,2025,Q3,separate,tax_expense,184374030,1982,UNRESOLVED,
00403632,현대퓨처넷,2025,FY,consolidated,dividends_paid,-1365000000,-12116869000,AXIS_EXCLUDED_UNMAPPED,ifrs-full_DividendsPaid
00403632,현대퓨처넷,2025,Q3,consolidated,dividends_paid,-1365000000,-12116869000,AXIS_EXCLUDED_UNMAPPED,ifrs-full_DividendsPaid
00111722,미래에셋증권,2024,H1,separate,revenue,718563032499,8476567744577,ADDITIVE_PAIR_CANDIDATE,
00111722,미래에셋증권,2024,H1,consolidated,revenue,910945733281,11003687052905,ADDITIVE_PAIR_CANDIDATE,
00111722,미래에셋증권,2024,FY,separate,revenue,1373990306592,16590937102237,ADDITIVE_PAIR_CANDIDATE,
00111722,미래에셋증권,2024,FY,consolidated,revenue,1960399016179,22242327609027,ADDITIVE_PAIR_CANDIDATE,
00113359,교보증권,2024,FY,consolidated,revenue,361729987879,3166321957747,ADDITIVE_PAIR_CANDIDATE,
00113359,교보증권,2024,FY,separate,revenue,415540473650,3168351882255,ADDITIVE_PAIR_CANDIDATE,
01032486,두산밥캣,2025,Q1,consolidated,total_assets,12289131000000,8379905000,UNRESOLVED,
01032486,두산밥캣,2025,Q1,consolidated,current_assets,4687418000000,3196330000,UNRESOLVED,
01032486,두산밥캣,2025,Q1,consolidated,cash,1931534000000,1317105000,UNRESOLVED,
01032486,두산밥캣,2025,Q1,consolidated,inventory,1979542000000,1349841000,UNRESOLVED,
01032486,두산밥캣,2025,Q1,consolidated,ppe,1665765000000,1135878000,UNRESOLVED,
01032486,두산밥캣,2025,Q1,consolidated,total_liabilities,5410211000000,3689199000,UNRESOLVED,
01032486,두산밥캣,2025,Q1,consolidated,current_liabilities,2806661000000,1913850000,UNRESOLVED,
01032486,두산밥캣,2025,Q1,consolidated,total_equity,6878920000000,4690706000,UNRESOLVED,
01032486,두산밥캣,2025,Q1,consolidated,controlling_equity,6878920000000,4690706000,UNRESOLVED,
01032486,두산밥캣,2025,Q1,consolidated,retained_earnings,5432931000000,3704692000,UNRESOLVED,
01032486,두산밥캣,2025,Q1,consolidated,trade_payables,2025583000000,1381236000,UNRESOLVED,
01032486,두산밥캣,2025,Q1,consolidated,revenue,2098158000000,1444356000,UNRESOLVED,
01032486,두산밥캣,2025,Q1,consolidated,cogs,1593459000000,-1096925000,UNRESOLVED,
01032486,두산밥캣,2025,Q1,consolidated,gross_profit,504699000000,347431000,UNRESOLVED,
01032486,두산밥캣,2025,Q1,consolidated,operating_income,200043000000,137708000,UNRESOLVED,
01032486,두산밥캣,2025,Q1,consolidated,ebt,169804000000,116892000,UNRESOLVED,
01032486,두산밥캣,2025,Q1,consolidated,tax_expense,56436000000,-38850000,UNRESOLVED,
01032486,두산밥캣,2025,Q1,consolidated,net_income,113368000000,78042000,UNRESOLVED,
01032486,두산밥캣,2025,Q1,consolidated,controlling_ni,113368000000,78042000,UNRESOLVED,
01032486,두산밥캣,2025,Q1,consolidated,cfo,300759000000,205086000,UNRESOLVED,
01032486,두산밥캣,2025,Q1,consolidated,cfi,-75887000000,-51747000,UNRESOLVED,
01032486,두산밥캣,2025,Q1,consolidated,cff,-155956000000,-106346000,UNRESOLVED,
01032486,두산밥캣,2025,Q3,consolidated,total_assets,12126517000000,8648208000,UNRESOLVED,
01032486,두산밥캣,2025,Q3,consolidated,current_assets,4576935000000,3264110000,UNRESOLVED,
01032486,두산밥캣,2025,Q3,consolidated,cash,1963415000000,1400239000,UNRESOLVED,
01032486,두산밥캣,2025,Q3,consolidated,inventory,1841453000000,1313260000,UNRESOLVED,
01032486,두산밥캣,2025,Q3,consolidated,ppe,1704929000000,1215896000,UNRESOLVED,
01032486,두산밥캣,2025,Q3,consolidated,total_liabilities,5175303000000,3690845000,UNRESOLVED,
01032486,두산밥캣,2025,Q3,consolidated,current_liabilities,2667693000000,1902505000,UNRESOLVED,
01032486,두산밥캣,2025,Q3,consolidated,total_equity,6951214000000,4957363000,UNRESOLVED,
01032486,두산밥캣,2025,Q3,consolidated,controlling_equity,6951214000000,4957363000,UNRESOLVED,
01032486,두산밥캣,2025,Q3,consolidated,retained_earnings,5323048000000,3796212000,UNRESOLVED,
01032486,두산밥캣,2025,Q3,consolidated,trade_payables,1909480000000,1361774000,UNRESOLVED,
01032486,두산밥캣,2025,Q3,consolidated,revenue,6414738000000,4540475000,UNRESOLVED,
01032486,두산밥캣,2025,Q3,consolidated,cogs,4959262000000,-3510261000,UNRESOLVED,
01032486,두산밥캣,2025,Q3,consolidated,gross_profit,1455476000000,1030214000,UNRESOLVED,
01032486,두산밥캣,2025,Q3,consolidated,operating_income,537842000000,380695000,UNRESOLVED,
01032486,두산밥캣,2025,Q3,consolidated,ebt,450582000000,318931000,UNRESOLVED,
01032486,두산밥캣,2025,Q3,consolidated,tax_expense,133593000000,-94560000,UNRESOLVED,
01032486,두산밥캣,2025,Q3,consolidated,net_income,316989000000,224371000,UNRESOLVED,
01032486,두산밥캣,2025,Q3,consolidated,controlling_ni,316989000000,224371000,UNRESOLVED,
01032486,두산밥캣,2025,Q3,consolidated,cfo,748431000000,533755000,UNRESOLVED,
01032486,두산밥캣,2025,Q3,consolidated,cfi,-236464000000,-168638000,UNRESOLVED,
01032486,두산밥캣,2025,Q3,consolidated,cff,-368220000000,-262601000,UNRESOLVED,
00115694,DB증권,2025,Q3,separate,revenue,242892368428,1141893489692,ADDITIVE_PAIR_CANDIDATE,
00115694,DB증권,2025,Q1,consolidated,revenue,104084324514,437276991167,ADDITIVE_PAIR_CANDIDATE,
00115694,DB증권,2025,H1,separate,revenue,165539068040,822068890566,ADDITIVE_PAIR_CANDIDATE,
00115694,DB증권,2025,H1,consolidated,revenue,216153178368,943341679065,ADDITIVE_PAIR_CANDIDATE,
00115694,DB증권,2025,FY,separate,revenue,309368237233,1661781349906,ADDITIVE_PAIR_CANDIDATE,
00115694,DB증권,2025,FY,consolidated,revenue,428987262225,1921987648624,ADDITIVE_PAIR_CANDIDATE,
01036367,아크솔루션스,2025,Q3,separate,trade_payables,360260846,1139615202,CONCEPT_GAP,ifrs-full_TradeAndOtherPayablesToTradeSuppliers
01036367,아크솔루션스,2025,Q3,consolidated,trade_payables,360260846,1141709510,CONCEPT_GAP,ifrs-full_TradeAndOtherPayablesToTradeSuppliers
01036367,아크솔루션스,2025,Q1,separate,trade_payables,633303926,4967902019,CONCEPT_GAP,ifrs-full_TradeAndOtherPayablesToTradeSuppliers
01036367,아크솔루션스,2025,Q1,consolidated,trade_payables,633303926,4969996327,CONCEPT_GAP,ifrs-full_TradeAndOtherPayablesToTradeSuppliers
00302926,현대로템,2025,H1,consolidated,controlling_ni,677971967000,349007568000,CONCEPT_GAP,ifrs-full_ComprehensiveIncomeAttributableToOwnersOfParent
00186452,광무,2025,FY,separate,inventory,100112500,0,AXIS_EXCLUDED_UNMAPPED,ifrs-full_ChangesInInventoriesOfFinishedGoodsAndWorkInProgress
01179866,에스지헬스케어,2025,Q3,consolidated,tax_expense,5360,-247367302,UNRESOLVED,
01253636,에르코스,2025,Q3,separate,tax_expense,14040285,92971431,UNRESOLVED,
00319272,성우,2025,Q3,separate,dividends_paid,-3761417500,-1504567000,ADDITIVE_PAIR_CANDIDATE,
00319272,성우,2025,Q3,consolidated,dividends_paid,-3761417500,-1504567000,UNRESOLVED,
00407294,유라클,2025,H1,consolidated,tax_expense,238272056,-1737818,UNRESOLVED,
00407294,유라클,2025,H1,separate,tax_expense,238161669,1982,UNRESOLVED,
00351427,와이즈넛,2025,Q3,separate,tax_expense,-56042829,-212755779,UNRESOLVED,
00351427,와이즈넛,2025,Q3,consolidated,tax_expense,-56042829,-209073097,UNRESOLVED,
00256715,국순당,2025,FY,separate,trade_payables,408331606,5753832858,CONCEPT_GAP,ifrs-full_NoncurrentPayables
00256715,국순당,2025,FY,consolidated,trade_payables,473306036,6202832745,CONCEPT_GAP,ifrs-full_NoncurrentPayables
00194947,한전산업,2025,Q3,consolidated,dividends_paid,-11964200000,-11975267420,CONCEPT_GAP,ifrs-full_DividendsPaidToEquityHoldersOfParentClassifiedAsFinancingActivities
00392691,포니링크,2025,H1,separate,tax_expense,1224740400,444927513,UNRESOLVED,
00117337,동양,2024,FY,consolidated,trade_payables,94019700310,29263271870,CONCEPT_GAP,ifrs-full_TradeAndOtherCurrentPayablesToTradeSuppliers
00406329,루멘스,2025,Q3,separate,tax_expense,1066251477,384913,UNRESOLVED,
00406329,루멘스,2025,Q3,consolidated,tax_expense,-169367329,-384913,UNRESOLVED,
00127200,삼영전자공업,2025,Q3,consolidated,controlling_ni,19962372949,12477914982,CONCEPT_GAP,ifrs-full_ComprehensiveIncomeAttributableToOwnersOfParent
00127200,삼영전자공업,2024,FY,consolidated,controlling_ni,16713350909,11108035794,CONCEPT_GAP,ifrs-full_ComprehensiveIncomeAttributableToOwnersOfParent
00595191,후성,2025,Q3,separate,tax_expense,-1166961368,2722132471,UNRESOLVED,
00110583,DH오토웨어,2025,Q3,separate,tax_expense,-18488727,-40573477,UNRESOLVED,
00201432,비츠로시스,2026,H1,consolidated,controlling_ni,753882624,763756190,CONCEPT_GAP,ifrs-full_ComprehensiveIncomeAttributableToOwnersOfParent
00871833,에스티팜,2024,FY,consolidated,controlling_ni,34469761835,34711730618,CONCEPT_GAP,ifrs-full_ComprehensiveIncomeAttributableToOwnersOfParent
00111722,미래에셋증권,2025,Q3,separate,revenue,1153863000000,14885192000000,ADDITIVE_PAIR_CANDIDATE,
00111722,미래에셋증권,2025,Q3,consolidated,revenue,1698627000000,20419949000000,ADDITIVE_PAIR_CANDIDATE,
00111722,미래에셋증권,2025,Q1,separate,revenue,340799000000,4284478000000,ADDITIVE_PAIR_CANDIDATE,
00111722,미래에셋증권,2025,Q1,consolidated,revenue,552943000000,6052641000000,ADDITIVE_PAIR_CANDIDATE,
00111722,미래에셋증권,2024,Q1,consolidated,revenue,437610494468,6278995667435,ADDITIVE_PAIR_CANDIDATE,
00162072,한신기계공업,2024,Q1,separate,net_income,1375638037,-2280685954,UNRESOLVED,
01032486,두산밥캣,2026,Q1,consolidated,total_assets,13085264000000,8646269000,UNRESOLVED,
01032486,두산밥캣,2026,Q1,consolidated,current_assets,5005418000000,3307399000,UNRESOLVED,
01032486,두산밥캣,2026,Q1,consolidated,cash,2235729000000,1477289000,UNRESOLVED,
01032486,두산밥캣,2026,Q1,consolidated,inventory,1860883000000,1229604000,UNRESOLVED,
01032486,두산밥캣,2026,Q1,consolidated,ppe,1791130000000,1183514000,UNRESOLVED,
01032486,두산밥캣,2026,Q1,consolidated,total_liabilities,5520939000000,3648037000,UNRESOLVED,
01032486,두산밥캣,2026,Q1,consolidated,current_liabilities,3063270000000,2024098000,UNRESOLVED,
01032486,두산밥캣,2026,Q1,consolidated,total_equity,7564325000000,4998232000,UNRESOLVED,
01032486,두산밥캣,2026,Q1,consolidated,controlling_equity,7564325000000,4998232000,UNRESOLVED,
01032486,두산밥캣,2026,Q1,consolidated,retained_earnings,5886493000000,3889581000,UNRESOLVED,
01032486,두산밥캣,2026,Q1,consolidated,trade_payables,2248796000000,1485923000,UNRESOLVED,
01032486,두산밥캣,2026,Q1,consolidated,revenue,2247347000000,1533858000,UNRESOLVED,
01032486,두산밥캣,2026,Q1,consolidated,cogs,1736049000000,-1184887000,UNRESOLVED,
01032486,두산밥캣,2026,Q1,consolidated,gross_profit,511298000000,348971000,UNRESOLVED,
01032486,두산밥캣,2026,Q1,consolidated,operating_income,206995000000,141278000,UNRESOLVED,
01032486,두산밥캣,2026,Q1,consolidated,ebt,183670000000,125358000,UNRESOLVED,
01032486,두산밥캣,2026,Q1,consolidated,tax_expense,52221000000,-35642000,UNRESOLVED,
01032486,두산밥캣,2026,Q1,consolidated,net_income,131449000000,89716000,UNRESOLVED,
01032486,두산밥캣,2026,Q1,consolidated,controlling_ni,131449000000,89716000,UNRESOLVED,
01032486,두산밥캣,2026,Q1,consolidated,cfo,258411000000,170749000,UNRESOLVED,
01032486,두산밥캣,2026,Q1,consolidated,cfi,-83487000000,-55165000,UNRESOLVED,
01032486,두산밥캣,2026,Q1,consolidated,cff,5675000000,3750000,UNRESOLVED,
01032486,두산밥캣,2025,FY,consolidated,total_assets,12280526000000,8558454000,UNRESOLVED,
01032486,두산밥캣,2025,FY,consolidated,current_assets,4483922000000,3124902000,UNRESOLVED,
01032486,두산밥캣,2025,FY,consolidated,cash,1994144000000,1389744000,UNRESOLVED,
01032486,두산밥캣,2025,FY,consolidated,inventory,1682585000000,1172615000,UNRESOLVED,
01032486,두산밥캣,2025,FY,consolidated,ppe,1789452000000,1247092000,UNRESOLVED,
01032486,두산밥캣,2025,FY,consolidated,total_liabilities,5089405000000,3546871000,UNRESOLVED,
01032486,두산밥캣,2025,FY,consolidated,current_liabilities,2717046000000,1893544000,UNRESOLVED,
01032486,두산밥캣,2025,FY,consolidated,total_equity,7191121000000,5011583000,UNRESOLVED,
01032486,두산밥캣,2025,FY,consolidated,controlling_equity,7191121000000,5011583000,UNRESOLVED,
01032486,두산밥캣,2025,FY,consolidated,retained_earnings,5498034000000,3831649000,UNRESOLVED,
01032486,두산밥캣,2025,FY,consolidated,trade_payables,1961834000000,1367227000,UNRESOLVED,
01032486,두산밥캣,2025,FY,consolidated,revenue,8791888000000,6181806000,UNRESOLVED,
01032486,두산밥캣,2025,FY,consolidated,cogs,6820277000000,-4795515000,UNRESOLVED,
01032486,두산밥캣,2025,FY,consolidated,gross_profit,1971611000000,1386291000,UNRESOLVED,
01032486,두산밥캣,2025,FY,consolidated,operating_income,686132000000,482437000,UNRESOLVED,
01032486,두산밥캣,2025,FY,consolidated,ebt,576304000000,405214000,UNRESOLVED,
01032486,두산밥캣,2025,FY,consolidated,tax_expense,173959000000,-122315000,UNRESOLVED,
01032486,두산밥캣,2025,FY,consolidated,net_income,402345000000,282899000,UNRESOLVED,
01032486,두산밥캣,2025,FY,consolidated,controlling_ni,402345000000,282899000,UNRESOLVED,
01032486,두산밥캣,2025,FY,consolidated,cfo,1180053000000,822394000,UNRESOLVED,
01032486,두산밥캣,2025,FY,consolidated,cfi,-342353000000,-238590000,UNRESOLVED,
01032486,두산밥캣,2025,FY,consolidated,cff,-701931000000,-489185000,UNRESOLVED,
01032486,두산밥캣,2025,H1,consolidated,total_assets,11774248000000,8680513000,UNRESOLVED,
01032486,두산밥캣,2025,H1,consolidated,current_assets,4463941000000,3291021000,UNRESOLVED,
01032486,두산밥캣,2025,H1,consolidated,cash,1839064000000,1355842000,UNRESOLVED,
01032486,두산밥캣,2025,H1,consolidated,inventory,1869915000000,1378587000,UNRESOLVED,
01032486,두산밥캣,2025,H1,consolidated,ppe,1633358000000,1204186000,UNRESOLVED,
01032486,두산밥캣,2025,H1,consolidated,total_liabilities,5075706000000,3742042000,UNRESOLVED,
01032486,두산밥캣,2025,H1,consolidated,current_liabilities,2680853000000,1976447000,UNRESOLVED,
01032486,두산밥캣,2025,H1,consolidated,total_equity,6698542000000,4938471000,UNRESOLVED,
01032486,두산밥캣,2025,H1,consolidated,controlling_equity,6698542000000,4938471000,UNRESOLVED,
01032486,두산밥캣,2025,H1,consolidated,retained_earnings,5106140000000,3764479000,UNRESOLVED,
01032486,두산밥캣,2025,H1,consolidated,trade_payables,1958434000000,1443847000,UNRESOLVED,
01032486,두산밥캣,2025,H1,consolidated,revenue,4299552000000,3011017000,UNRESOLVED,
01032486,두산밥캣,2025,H1,consolidated,cogs,3285683000000,-2300995000,UNRESOLVED,
01032486,두산밥캣,2025,H1,consolidated,gross_profit,1013869000000,710022000,UNRESOLVED,
01032486,두산밥캣,2025,H1,consolidated,operating_income,404233000000,283088000,UNRESOLVED,
01032486,두산밥캣,2025,H1,consolidated,ebt,347265000000,243193000,UNRESOLVED,
01032486,두산밥캣,2025,H1,consolidated,tax_expense,112132000000,-78527000,UNRESOLVED,
01032486,두산밥캣,2025,H1,consolidated,net_income,235133000000,164666000,UNRESOLVED,
01032486,두산밥캣,2025,H1,consolidated,controlling_ni,235133000000,164666000,UNRESOLVED,
01032486,두산밥캣,2025,H1,consolidated,cfo,498055000000,367189000,UNRESOLVED,
01032486,두산밥캣,2025,H1,consolidated,cfi,-136149000000,-100375000,UNRESOLVED,
01032486,두산밥캣,2025,H1,consolidated,cff,-292649000000,-215754000,UNRESOLVED,
00115694,DB증권,2024,FY,separate,revenue,269430493284,1108015322111,ADDITIVE_PAIR_CANDIDATE,
00115694,DB증권,2024,FY,consolidated,revenue,339703875806,1318537932981,ADDITIVE_PAIR_CANDIDATE,
01027828,퓨릿,2026,H1,separate,revenue,64181754303,82645039599,CONCEPT_GAP,dart_CostOfSalesFromSaleOfGoods
01075126,사토시홀딩스,2025,Q3,consolidated,tax_expense,-5727550,29233688,UNRESOLVED,
00330424,LS증권,2025,FY,separate,revenue,198105712647,2295089787543,ADDITIVE_PAIR_CANDIDATE,
00330424,LS증권,2025,H1,consolidated,revenue,119967214201,835339912565,ADDITIVE_PAIR_CANDIDATE,
00330424,LS증권,2025,H1,separate,revenue,120716603261,833907732197,ADDITIVE_PAIR_CANDIDATE,
00304915,코리아에셋투자증권,2025,FY,separate,revenue,59720296004,268468292390,ADDITIVE_PAIR_CANDIDATE,
00349811,오션인더블유,2025,FY,consolidated,inventory,7667342381,7667342,CONCEPT_GAP,ifrs-full_InventoriesTotal
00528791,제일엠앤에스,2025,Q3,separate,tax_expense,11056550,1791123093,UNRESOLVED,
00353878,다스코,2025,Q1,consolidated,cfo,8268209561,7110782691,UNRESOLVED,
00353878,다스코,2025,H1,separate,cfo,4621654942,3835404819,UNRESOLVED,
00353878,다스코,2025,H1,consolidated,cfo,10824259045,8875606856,UNRESOLVED,
01258710,이노메트리,2026,Q1,consolidated,controlling_ni,1313854368,1431621928,UNRESOLVED,
01258710,이노메트리,2025,Q1,consolidated,controlling_ni,-1901600200,-1899629023,UNRESOLVED,
01258710,이노메트리,2025,H1,consolidated,controlling_ni,-1342359425,-1433357559,UNRESOLVED,
01258710,이노메트리,2025,FY,consolidated,controlling_ni,-4296143015,-4277362668,UNRESOLVED,
00186452,광무,2025,Q3,separate,tax_expense,-346560457,-6980627024,UNRESOLVED,
00186452,광무,2025,Q3,consolidated,tax_expense,-346560457,-6980627024,UNRESOLVED,
00264671,세중,2025,Q3,separate,tax_expense,-59384705,195572256,UNRESOLVED,
00265005,옴니시스템,2025,Q3,consolidated,tax_expense,3246000,683629049,UNRESOLVED,
01259311,푸드나무,2025,H1,consolidated,tax_expense,182513060,3496220,UNRESOLVED,
01305869,세니젠,2023,FY,separate,revenue,22268480095,20186588315,UNRESOLVED,
01305869,세니젠,2023,FY,separate,cogs,19229612227,17324688227,UNRESOLVED,
00112059,상상인증권,2025,Q3,consolidated,revenue,37367983667,136464333635,ADDITIVE_PAIR_CANDIDATE,
00112059,상상인증권,2025,Q1,separate,revenue,15341523483,44631839716,ADDITIVE_PAIR_CANDIDATE,
00112059,상상인증권,2024,FY,separate,revenue,27851535083,322640599432,ADDITIVE_PAIR_CANDIDATE,
00112059,상상인증권,2024,FY,consolidated,revenue,27856037415,322674868493,ADDITIVE_PAIR_CANDIDATE,
01110678,유틸렉스,2025,Q3,separate,tax_expense,0,-42452779,CONCEPT_GAP,ifrs-full_OtherComprehensiveIncomeThatWillNotBeReclassifiedToProfitOrLossNetOfTax
01181807,형지글로벌,2025,Q3,consolidated,tax_expense,10766533,2384280180,UNRESOLVED,
01181807,형지글로벌,2025,Q3,separate,tax_expense,-10766533,-2393760600,UNRESOLVED,
00231691,판타지오,2026,H1,consolidated,controlling_ni,-2789616912,-2868701301,AXIS_EXCLUDED_UNMAPPED,ifrs-full_ProfitLoss
00231691,판타지오,2026,Q3,consolidated,controlling_ni,-5268996130,-4734149231,AXIS_EXCLUDED_UNMAPPED,ifrs-full_ProfitLoss
00349732,코나아이,2025,Q3,separate,trade_payables,24412678798,12721771131,CONCEPT_GAP,ifrs-full_TradeAndOtherCurrentPayablesToTradeSuppliers
00349732,코나아이,2025,Q3,consolidated,trade_payables,9620272617,14129212065,CONCEPT_GAP,ifrs-full_TradeAndOtherCurrentPayablesToTradeSuppliers
00349732,코나아이,2025,Q1,separate,trade_payables,19175730126,21447610505,CONCEPT_GAP,ifrs-full_TradeAndOtherCurrentPayablesToTradeSuppliers
00349732,코나아이,2025,Q1,consolidated,trade_payables,5847767119,22862692668,CONCEPT_GAP,ifrs-full_TradeAndOtherCurrentPayablesToTradeSuppliers
00349732,코나아이,2024,FY,consolidated,trade_payables,6820948379,105025459703,UNRESOLVED,
00482426,인화정공,2026,Q1,consolidated,trade_payables,7526436950,5991524276,CONCEPT_GAP,ifrs-full_TradeAndOtherPayablesToTradeSuppliers
00106119,금양,2025,H1,separate,trade_payables,66570962325,366368102,CONCEPT_GAP,ifrs-full_TradeAndOtherCurrentPayablesToTradeSuppliers
00106119,금양,2025,Q3,separate,trade_payables,74621361611,381206487,CONCEPT_GAP,ifrs-full_TradeAndOtherCurrentPayablesToTradeSuppliers
00871833,에스티팜,2026,Q1,consolidated,controlling_ni,15756782656,15063286329,CONCEPT_GAP,ifrs-full_ComprehensiveIncomeAttributableToOwnersOfParent
01638387,케이지에이,2025,Q3,separate,tax_expense,45671797,-126097679,UNRESOLVED,
01728167,아이지넷,2025,Q3,consolidated,tax_expense,313041685,5268858,UNRESOLVED,
00201432,비츠로시스,2026,Q1,consolidated,controlling_ni,477543072,468881815,CONCEPT_GAP,ifrs-full_ComprehensiveIncomeAttributableToOwnersOfParent
00201432,비츠로시스,2025,Q3,consolidated,controlling_ni,4336529586,4366589655,CONCEPT_GAP,ifrs-full_ComprehensiveIncomeAttributableToOwnersOfParent
00201432,비츠로시스,2025,Q1,consolidated,controlling_ni,-16457016,-17534856,CONCEPT_GAP,ifrs-full_ComprehensiveIncomeAttributableToOwnersOfParent
00201432,비츠로시스,2025,H1,consolidated,controlling_ni,4511733389,4543918986,CONCEPT_GAP,ifrs-full_ComprehensiveIncomeAttributableToOwnersOfParent
00201432,비츠로시스,2025,FY,consolidated,controlling_ni,1498125505,1521044169,CONCEPT_GAP,ifrs-full_ComprehensiveIncomeAttributableToOwnersOfParent
00367604,SM Life Design,2026,H1,separate,trade_payables,4237783832,333808638,CONCEPT_GAP,ifrs-full_TradeAndOtherCurrentPayablesToTradeSuppliers
00367604,SM Life Design,2026,H1,consolidated,trade_payables,4237783832,357356767,CONCEPT_GAP,ifrs-full_TradeAndOtherCurrentPayablesToTradeSuppliers
00367604,SM Life Design,2025,Q1,separate,trade_payables,1350035464,243339697,CONCEPT_GAP,dart_ShortTermOtherPayables
00367604,SM Life Design,2025,Q1,consolidated,trade_payables,1350035464,373140117,CONCEPT_GAP,dart_ShortTermOtherPayables
00367604,SM Life Design,2024,FY,separate,trade_payables,4004581410,1894818358,CONCEPT_GAP,dart_ShortTermOtherPayables
00367604,SM Life Design,2024,FY,consolidated,trade_payables,4004581410,1994905065,CONCEPT_GAP,dart_ShortTermOtherPayables
00203582,한솔홈데코,2025,Q3,separate,tax_expense,-438170084,-460571881,UNRESOLVED,
00267854,메디앙스,2025,Q3,separate,tax_expense,372707136,-4473194,UNRESOLVED,
00380429,CMG제약,2025,Q3,separate,tax_expense,465038006,1054200151,UNRESOLVED,
00124540,대우건설,2025,FY,consolidated,trade_payables,279077927645,121000000,CONCEPT_GAP,ifrs-full_TradeAndOtherCurrentPayablesToTradeSuppliers
00124540,대우건설,2025,FY,separate,trade_payables,246418440622,3259000000,CONCEPT_GAP,ifrs-full_TradeAndOtherCurrentPayablesToTradeSuppliers
00124540,대우건설,2025,H1,consolidated,trade_payables,238393861366,428000000,CONCEPT_GAP,ifrs-full_TradeAndOtherCurrentPayablesToTradeSuppliers
00124540,대우건설,2025,H1,separate,trade_payables,216310756916,1941000000,CONCEPT_GAP,ifrs-full_TradeAndOtherCurrentPayablesToTradeSuppliers
00124540,대우건설,2025,Q3,consolidated,trade_payables,193514347396,543000000,CONCEPT_GAP,ifrs-full_TradeAndOtherCurrentPayablesToTradeSuppliers
00124540,대우건설,2025,Q3,separate,trade_payables,171972788111,3400000000,CONCEPT_GAP,ifrs-full_TradeAndOtherCurrentPayablesToTradeSuppliers
00123772,부국증권,2025,Q3,separate,revenue,115754226973,630827836280,ADDITIVE_PAIR_CANDIDATE,
00123772,부국증권,2025,Q3,consolidated,revenue,143150610701,664478447232,ADDITIVE_PAIR_CANDIDATE,
00123772,부국증권,2025,Q1,separate,revenue,45851824004,184260982873,ADDITIVE_PAIR_CANDIDATE,
00123772,부국증권,2024,FY,separate,revenue,106536936993,745201776492,ADDITIVE_PAIR_CANDIDATE,
00123772,부국증권,2024,FY,consolidated,revenue,130631289437,779174975982,ADDITIVE_PAIR_CANDIDATE,
