rcept_no,corp_code,statement,basis,classification,note
20000330000636,00111689,APPR,separate,M3,결 손 금 처 리 계 산 서제 27 기 (1999. 01. 01 부터 1999. 12. 31 까지)제 26 기 (1998. 01. 01 부터 1
20000513000357,00160621,BS,separate,M2,
20000628000052,00148610,IS,separate,M2,
20000810000122,00231664,IS,separate,M2,
20000812000179,00122056,BS,separate,M2,
20020214000113,00135050,BS,separate,M2,
20020214000113,00135050,IS,separate,M2,
20020214000167,00115694,IS,separate,M2,
20020214000197,00111722,IS,consolidated,M2,
20020214000262,00136721,BS,consolidated,M2,
20020214000338,00115694,IS,separate,M2,
20020215000355,00115694,IS,separate,M2,
20020329000398,00114093,CF,separate,M2,
20020330000008,00152385,APPR,separate,M2,
20020330000008,00152385,CF,separate,M2,
20020330000021,00175173,BS,separate,M2,
20020330000112,00122898,APPR,separate,M3,제 31 기 2001. 01. 01부터 2001. 12. 31 까지제 30 기 2000. 01. 01부터 2000. 12. 31 까지제 29 기
20020330000288,00105271,BS,separate,M2,
20020330000336,00167192,APPR,separate,M2,
20020330000386,00163345,IS,separate,M2,
20020330000431,00130383,IS,consolidated,M2,
20020330000622,00143907,CF,separate,M2,
20020330001050,00174527,IS,separate,M2,
20020401000611,00121288,SCE,consolidated,M2,
20020401001033,00172680,IS,separate,M2,
20020401001282,00267942,APPR,separate,M2,
20020401001282,00267942,IS,separate,M2,
20020401001310,00164478,CF,separate,M2,
20020401001326,00104999,CF,consolidated,M2,
20020425000209,00173874,CF,separate,M2,
20020429000069,00152385,APPR,separate,M2,
20020429000069,00152385,CF,separate,M2,
20020513000024,00122898,APPR,separate,M3,이 익 잉 여 금 처 분 계 산 서제 31 기 (2001. 01. 01 부터 2001. 12. 31 까지)제 30 기 (2000. 01. 01 
20020514000235,00128661,IS,separate,M2,
20020514000369,00114093,CF,separate,M2,
20020514000525,00166175,BS,separate,M2,
20020514000603,00159616,BS,separate,M2,
20020514000607,00128032,BS,separate,M2,
20020514000607,00128032,IS,separate,M2,
20020514000682,00135777,IS,consolidated,M2,
20020514000709,00159616,BS,separate,M2,
20020514000797,00137207,CF,separate,M2,
20020514000923,00120289,IS,separate,M2,
20020515000042,00174527,IS,separate,M2,
20020515000089,00242378,APPR,separate,M2,
20020515000264,00114154,BS,separate,M2,
20020515000383,00174208,IS,separate,M2,
20020515000551,00108038,IS,separate,M2,
20020515000582,00267942,BS,separate,M2,
20020515000582,00267942,IS,separate,M2,
20020515000595,00172680,CF,separate,M2,
20020515000658,00148276,BS,separate,M2,
20020515000658,00148276,IS,separate,M2,
20020515000722,00122348,BS,separate,M2,
20020515001149,00130383,IS,consolidated,M2,
20020515001156,00130383,IS,consolidated,M2,
20020517000146,00148276,BS,separate,M2,
20020517000146,00148276,IS,separate,M2,
20020531000012,00114093,CF,separate,M2,
20020628000022,00146083,APPR,separate,M3,이 익 잉 여 금 처 분 계 산 서제59기 2001년 4월 1일부터 2002년 3월 31일까지제58기 2000년 4월 1일부터 2001년 3월 
20020809000085,00106669,IS,separate,M2,
20020812000212,00145109,IS,separate,M2,
20020813000082,00129387,CF,separate,M2,
20020813000143,00122898,APPR,separate,M3,이 익 잉 여 금 처 분 계 산 서제 31 기 (2001. 01. 01 부터 2001. 12. 31 까지)제 30 기 (2000. 01. 01 
20020813000203,00114093,CF,separate,M2,
20020813000554,00350020,CF,separate,M2,
20020813000554,00350020,IS,separate,M2,
20020813000675,00108940,IS,separate,M2,
20020813000740,00148896,BS,separate,M2,
20020814000116,00130383,IS,consolidated,M2,
20020814000160,00109037,APPR,separate,M2,
20020814000160,00109037,CF,separate,M2,
20020814000160,00109037,IS,separate,table_not_found,"9,473,940,000"
20020814000425,00351807,IS,separate,M2,
20020814000575,00164779,BS,separate,M3,대 차 대 조 표제55(당)기 반기 2002년 6월 30일 현재제54(전)기 반기 2001년 6월 30일 현재제54기 연간 2001년 12월 3
20020814000575,00164779,IS,separate,M2,
20020814000645,00138516,CF,separate,M2,
20020814000900,00139889,IS,separate,M2,
20020814000973,00126089,BS,separate,M2,
20020814001204,00107987,IS,separate,M2,
20020814001408,00110893,IS,separate,M2,
20020905000196,00164779,BS,separate,M3,대 차 대 조 표제55(당)기 반기 2002년 6월 30일 현재제54(전)기 반기 2001년 6월 30일 현재제54기 연간 2001년 12월 3
20020905000196,00164779,IS,separate,M2,
20021104000032,00146083,APPR,separate,M2,
20021111000167,00350020,CF,separate,M2,
20021114000364,00125822,APPR,separate,M2,
20021114000364,00125822,IS,separate,M2,
20021114000437,00267942,BS,separate,M2,
20021127000038,00146083,APPR,separate,M2,
20030213000143,00123718,BS,separate,M2,
20030214000494,00146083,APPR,separate,M2,
20030331000023,00131197,APPR,separate,M2,
20030331000232,00125822,APPR,separate,M2,
20030331000232,00125822,IS,separate,M2,
20030331001025,00147222,APPR,separate,M2,
20030514001059,00147222,APPR,separate,M2,
20030515001654,00143226,CF,separate,M2,
20030515001654,00143226,IS,separate,M2,
20030627000013,00123718,BS,separate,M2,
20030630000060,00110875,BS,separate,M2,
20030808000278,00192499,BS,separate,M2,
20030813000236,00161046,CF,separate,M2,
20030813000353,00298447,IS,separate,M2,
20030813000484,00299002,CF,separate,M2,
20030813000490,00145464,BS,separate,M2,
20030813000498,00298447,IS,separate,M2,
20030813000546,00263371,BS,separate,M2,
20030813000546,00263371,IS,separate,M2,
20030814000049,00143907,APPR,separate,M2,
20030814000095,00122898,APPR,separate,M3,이 익 잉 여 금 처 분 계 산 서제 32 기 2002. 01. 01부터 2002. 12. 31 까지제 31 기 2001. 01. 01부터 20
20030814000143,00137058,IS,separate,M2,
20030814000249,00148610,APPR,separate,M2,
20030814000357,00143226,CF,separate,M2,
20030814000462,00130684,BS,consolidated,M2,
20030814000462,00130684,BS,separate,M2,
20030814000548,00175173,CF,separate,M2,
20030814000598,00113207,CF,separate,M2,
20030814000618,00265421,CF,separate,M2,
20030814000969,00153524,APPR,separate,M2,
20030814000987,00384717,CF,separate,M2,
20030814001427,00161046,CF,separate,M2,
20030814001480,00145552,APPR,separate,M2,
20030814001568,00155948,IS,separate,M2,
20030814001711,00153393,SCE,consolidated,M2,
20030814001741,00362858,BS,separate,M2,
20030819000133,00263371,BS,separate,M2,
20030819000133,00263371,IS,separate,M2,
20031027000178,00384717,CF,separate,M2,
20031112000031,00122898,APPR,separate,M3,이 익 잉 여 금 처 분 계 산 서제 32 기 2002. 01. 01부터 2002. 12. 31 까지제 31 기 2001. 01. 01부터 20
20031112000089,00145552,APPR,separate,M2,
20031113000145,00114154,IS,separate,M2,
20031113000165,00159740,APPR,separate,M2,
20031113000351,00238153,IS,separate,M2,
20031113000362,00350020,IS,separate,M2,
20031113000421,00171265,CF,separate,M2,
20031113000502,00348034,CF,separate,M2,
20031113000592,00348034,CF,separate,M2,
20031114000045,00127200,BS,consolidated,M2,
20031114000087,00130684,BS,consolidated,M2,
20031114000087,00130684,BS,separate,M2,
20031114000182,00157539,APPR,separate,M2,
20031114000248,00163345,CF,separate,M3,현 금 흐 름 표제 27 기 분기 (2003.01.01 부터 2003.09.30 까지)제 26 기 분기 (2002.01.01 부터 2002.09
20031114000265,00153524,APPR,separate,M2,
20031114000344,00222435,CF,separate,M2,
20031114000372,00226352,CF,separate,M2,
20031114000457,00101549,CF,separate,M2,
20031114000488,00263371,CF,separate,M2,
20031114000600,00145437,CF,separate,M2,
20031114000739,00127200,BS,consolidated,M2,
20031114000754,00118026,BS,separate,M2,
20031114000770,00365989,APPR,separate,M2,
20031114000935,00145464,BS,separate,M2,
20031114001156,00148610,APPR,separate,M2,
20031114001177,00145464,BS,separate,M2,
20031114001203,00101549,CF,separate,M2,
20031114001256,00153393,SCE,consolidated,M2,
20031114001298,00146542,APPR,separate,file_missing,
20031114001563,00120076,BS,consolidated,M2,
20031114001672,00131780,CF,separate,M2,
20031114001681,00146542,APPR,separate,file_missing,
20031127000025,00163345,CF,separate,M3,현 금 흐 름 표제 27 기 분기 (2003.01.01 부터 2003.09.30 까지)제 26 기 분기 (2002.01.01 부터 2002.09
20031128000091,00238153,IS,separate,M2,
20031128000109,00171265,CF,separate,M2,
20031128000343,00348034,CF,separate,M2,
20031128000482,00145552,APPR,separate,M2,
20031129000061,00226352,CF,separate,M2,
20031201000115,00222435,CF,separate,M2,
20031203000041,00146542,APPR,separate,file_missing,
20031203000057,00145437,CF,separate,M2,
20031203000105,00114154,IS,separate,M2,
20031203000162,00159740,APPR,separate,M2,
20031208000065,00163345,CF,separate,M3,현 금 흐 름 표제 27 기 분기 (2003.01.01 부터 2003.09.30 까지)제 26 기 분기 (2002.01.01 부터 2002.09
20040213000261,00148610,APPR,separate,M2,
20040213000546,00115694,IS,separate,M2,
20040213000597,00173698,APPR,separate,M2,
20040310000161,00161781,CF,separate,M2,
20040312000952,00115694,IS,separate,M2,
20040329000349,00134176,BS,separate,M2,
20040329000607,00175173,CF,separate,M2,
20040329001426,00258421,SCE,consolidated,M2,
20040329001471,00258421,SCE,consolidated,M2,
20040330000098,00117212,CF,consolidated,M2,
20040330000282,00161709,CF,separate,M2,
20040330001149,00125974,APPR,separate,M2,
20040330001419,00266952,BS,separate,M2,
20040330002312,00149646,BS,separate,M3,대 차 대 조 표제 43 기 2003. 12. 31 현재제 42 기 2002. 12. 31 현재제 41 기 2001. 12. 31 현재(단위 :
20040330002320,00160418,CF,separate,M2,
20040331000783,00407036,BS,separate,M2,
20040331000783,00407036,IS,separate,M2,
20040409001038,00406727,APPR,separate,M2,
20040409001038,00406727,CF,separate,M2,
20040413000804,00161781,CF,separate,M2,
20040506000933,00258421,SCE,consolidated,M2,
20040507001302,00406727,APPR,separate,M2,
20040507001302,00406727,CF,separate,M2,
20040510001477,00134176,BS,separate,M2,
20040511000580,00162911,IS,consolidated,M2,
20040512000008,00114792,IS,consolidated,M2,
20040513000424,00156150,CF,separate,M2,
20040513000963,00372882,CF,separate,M2,
20040513001378,00151128,CF,separate,M2,
20040513001378,00151128,IS,separate,M2,
20040513001758,00125974,APPR,separate,M2,
20040514000107,00159254,CF,separate,M2,
20040514000330,00351807,CF,separate,M2,
20040514000508,00101549,CF,separate,M2,
20040514001450,00145880,CF,separate,M2,
20040514001702,00131692,CF,consolidated,M2,
20040514001840,00153393,SCE,consolidated,M2,
20040514002717,00149646,BS,separate,M3,대 차 대 조 표제 44 기 1/4분기 2004. 03. 31 현재제 43 기 2003. 12. 31 현재제 42 기 2002. 12. 31 현
20040514002824,00192499,CF,consolidated,M2,
20040514002824,00192499,SCE,consolidated,M3,연 결 손 익 계 산 서제 13 기 (2003. 1. 1 부터 2003. 12. 31 까지)제 12 기 (2002. 1. 1 부터 2003. 1
20040514003006,00143907,BS,separate,M2,
20040514003333,00126371,CF,separate,M2,
20040514003547,00131780,APPR,separate,M2,
20040514003547,00131780,IS,separate,M2,
20040515000219,00120526,BS,separate,M2,
20040515000282,00384717,CF,separate,M2,
20040515000302,00207375,CF,separate,M2,
20040518000082,00131692,CF,consolidated,M2,
20040521000128,00117212,CF,consolidated,M2,
20040524000033,00406727,APPR,separate,M2,
20040524000033,00406727,CF,separate,M2,
20040527000148,00161781,CF,separate,M2,
20040602000154,00156150,CF,separate,M2,
20040603000023,00207375,CF,separate,M2,
20040618000372,00384717,CF,separate,M2,
20040619000042,00207375,CF,separate,M2,
20040619000043,00143907,BS,separate,M2,
20040621000044,00125974,APPR,separate,M2,
20040621000163,00159254,CF,separate,M2,
20040623000255,00117212,CF,consolidated,M2,
20040624000097,00126371,CF,separate,M2,
20040628000342,00137997,CF,separate,M2,
20040629000118,00112059,APPR,separate,M2,
20040629000362,00112059,APPR,separate,M2,
20040630000091,00145880,CF,separate,M2,
20040726000044,00112059,APPR,separate,M2,
20040812000176,00112059,APPR,separate,M2,
20040813000124,00151298,APPR,separate,M2,
20040813000124,00151298,CF,separate,M2,
20040813000635,00125974,APPR,separate,M2,
20040813000767,00177199,CF,separate,M2,
20040813000786,00129013,IS,separate,M2,
20040813001018,00219361,IS,separate,M2,
20040813001151,00264547,CF,separate,M2,
20040813001252,00152385,IS,separate,sanity_fail_prod_found_decl,손 익 계 산 서제 34 기 반기 (2004. 01. 01 부터 2004. 06. 30 까지)제 33 기 반기 (2003. 01. 01 부터 2
20040813001338,00288343,IS,separate,M2,
20040813001566,00132628,IS,separate,M2,
20040813001659,00153393,SCE,consolidated,M2,
20040813001777,00149646,BS,separate,M3,대 차 대 조 표제 44 기 반기 2004. 06. 30 현재제 43 기 2003. 12. 31 현재제 42 기 2002. 12. 31 현재(단
20040814000052,00115931,CF,separate,M2,
20040814000230,00120526,BS,separate,M2,
20040820000034,00112059,APPR,separate,M2,
20041109000015,00155692,IS,separate,M2,
20041112000012,00151298,CF,separate,M2,
20041112000060,00372882,CF,separate,M2,
20041112000321,00125974,APPR,separate,M2,
20041112000322,00112059,APPR,separate,M2,
20041112000504,00152385,IS,separate,sanity_fail_prod_found_decl,제 34 기 분기 (2004. 07. 01 부터 2004. 09. 30 까지)제 33 기 분기 (2003. 07. 01 부터 2003. 09. 
20041112000548,00141149,CF,separate,M2,
20041112000637,00244783,IS,separate,M2,
20041115000107,00372882,CF,separate,M2,
20041115000198,00115931,CF,separate,M2,
20041115000706,00153393,SCE,consolidated,M2,
20041115001062,00149646,BS,separate,M3,대 차 대 조 표제 44 기 분기 2004. 09. 30 현재제 43 기 2003. 12. 31 현재제 42 기 2002. 12. 31 현재(단
20041203000113,00155692,IS,separate,M2,
20050207000031,00133335,APPR,separate,M2,
20050207000031,00133335,CF,separate,M2,
20050214000053,00110875,CF,separate,M2,
20050214000132,00112059,APPR,separate,M2,
20050214000176,00133335,APPR,separate,M2,
20050214000176,00133335,CF,separate,M2,
20050329001046,00126089,IS,separate,M2,
20050330000004,00126089,IS,separate,M2,
20050330001162,00390365,IS,separate,M2,
20050330001348,00110884,APPR,separate,M2,
20050331000036,00207375,APPR,separate,M2,
20050331000036,00207375,CF,separate,M2,
20050331000036,00207375,IS,separate,M2,
20050331000139,00238153,CF,separate,M2,
20050331000827,00164830,APPR,separate,M2,
20050331000827,00164830,BS,separate,M2,
20050331000874,00101488,APPR,separate,M2,
20050331000874,00101488,IS,separate,M2,
20050331001258,00101220,CF,separate,M2,
20050331001417,00159971,CF,separate,M2,
20050331001487,00137368,BS,separate,M2,
20050331001780,00149646,BS,separate,M3,대 차 대 조 표제 44 기 2004. 12. 31 현재제 43 기 2003. 12. 31 현재제 42 기 2002. 12. 31 현재(단위 :
20050331001844,00152862,CF,separate,M2,
20050331002332,00299002,IS,separate,M2,
20050331002358,00249982,CF,separate,M2,
20050331002595,00299464,CF,separate,M2,
20050331002595,00299464,IS,separate,M2,
20050401000022,00292434,APPR,separate,M3,이 익 잉 여 금 처 분 계 산 서제 6(당) 기 (2004. 01. 31 부터 2004. 12. 31 까지)제 5(전) 기 (2003. 01.
20050422000024,00242378,CF,separate,M2,
20050429000971,00126089,IS,separate,M2,
20050429001085,00242378,CF,separate,M2,
20050429001411,00238153,CF,separate,M2,
20050430000016,00110884,APPR,separate,M2,
20050511000329,00161462,IS,separate,M2,
20050512000646,00406727,IS,separate,M2,
20050513001474,00126414,CF,separate,M2,
20050513002227,00138516,BS,consolidated,M2,
20050513002281,00164478,APPR,separate,M2,
20050513002535,00111689,CF,separate,M2,
20050513002707,00106623,BS,separate,M2,
20050514000594,00155692,CF,separate,M2,
20050514000594,00155692,IS,separate,M2,
20050516000798,00130383,IS,consolidated,M2,
20050516000952,00173698,IS,separate,M2,
20050516001132,00256380,CF,separate,M2,
20050516001328,00153393,CF,consolidated,M2,
20050516001328,00153393,SCE,consolidated,M2,
20050516001417,00480455,BS,separate,M2,
20050516001417,00480455,CF,separate,M2,
20050516001417,00480455,IS,separate,M2,
20050516001512,00120289,IS,separate,M2,
20050516001587,00149646,BS,separate,M3,대 차 대 조 표제 45 기 분기 2005. 03. 31 현재제 44 기 2004. 12. 31 현재제 43 기 2003. 12. 31 현재(단
20050808000069,00137207,APPR,separate,M2,
20050808000069,00137207,IS,separate,M2,
20050811000251,00161462,IS,separate,M2,
20050811000262,00276834,APPR,separate,M2,
20050812000132,00127167,CF,separate,M2,
20050812000183,00109037,IS,separate,M2,
20050812000400,00265421,CF,separate,M2,
20050812000581,00210740,CF,separate,M2,
20050812000726,00134565,BS,separate,M2,
20050812000753,00260958,CF,separate,M2,
20050812000809,00164478,APPR,separate,M2,
20050812000853,00153393,CF,consolidated,M2,
20050812000853,00153393,SCE,consolidated,M2,
20050812000910,00146542,APPR,separate,file_missing,
20050812000914,00120289,IS,separate,M2,
20050812001026,00163345,BS,separate,M2,
20050812001026,00163345,CF,separate,M2,
20050813000074,00351995,CF,separate,M2,
20050816000026,00217743,CF,separate,M2,
20050816000026,00217743,IS,separate,M2,
20050816000297,00166175,BS,separate,M2,
20050816000459,00155948,IS,separate,M2,
20050816000640,00292434,APPR,separate,M2,
20050816000769,00149804,CF,separate,M2,
20050816001067,00149646,BS,separate,M3,대 차 대 조 표제 45 기 반기 2005. 06. 30 현재제 44 기 2004. 12. 31 현재제 43 기 2003. 12. 31 현재(단
20050830000237,00276834,APPR,separate,M2,
20050920000035,00149646,BS,separate,M3,대 차 대 조 표제 45 기 반기 2005. 06. 30 현재제 44 기 2004. 12. 31 현재제 43 기 2003. 12. 31 현재(단
20051111000151,00161462,IS,separate,M2,
20051111000261,00159795,IS,separate,M2,
20051111000361,00276834,APPR,separate,M2,
20051111000402,00407771,CF,separate,M2,
20051111000526,00125743,CF,separate,M2,
20051114000082,00152589,CF,separate,M2,
20051114000262,00152589,CF,separate,M2,
20051114000310,00264547,IS,separate,M2,
20051114000503,00146649,BS,separate,M2,
20051114000577,00143907,IS,separate,M2,
20051114000990,00166175,BS,separate,M2,
20051114001040,00145464,BS,separate,M2,
20051114001428,00203582,BS,consolidated,M2,
20051114001428,00203582,IS,consolidated,M2,
20051114001465,00164478,APPR,separate,M2,
20051114001540,00223513,IS,separate,M2,
20051114001606,00120289,IS,separate,M2,
20051114001674,00149646,BS,separate,M3,대 차 대 조 표제 45 기 분기 2005. 09. 30 현재제 44 기 2004. 12. 31 현재제 43 기 2003. 12. 31 현재(단
20051129000008,00159795,IS,separate,M2,
20060214000208,00109718,IS,separate,M2,
20060330000136,00263371,APPR,separate,M2,
20060330000136,00263371,BS,separate,M2,
20060330000136,00263371,CF,separate,M2,
20060330000136,00263371,IS,separate,M2,
20060330000507,00101628,CF,separate,M2,
20060330000749,00149804,IS,separate,M2,
20060330001457,00149804,IS,separate,M2,
20060330001653,00292434,APPR,separate,M3,이 익 잉 여 금 처 분 계 산 서제 7(당) 기 (2005. 01. 31 부터 2005. 12. 31 까지)제 6(전) 기 (2004. 01.
20060331001107,00133511,APPR,separate,M2,
20060331001181,00102858,IS,separate,M2,
20060331001279,00108038,IS,consolidated,M2,
20060331002188,00156859,CF,consolidated,M2,
20060508000817,00263371,APPR,separate,M2,
20060508000817,00263371,BS,separate,M2,
20060508000817,00263371,CF,separate,M2,
20060508000817,00263371,IS,separate,M2,
20060511000338,00143314,APPR,separate,M2,
20060512000049,00531014,CF,separate,M2,
20060512001091,00198192,IS,separate,M2,
20060512001099,00173698,CF,separate,M2,
20060512001108,00161462,BS,separate,M2,
20060512001108,00161462,IS,separate,M2,
20060512001257,00201733,CF,separate,M2,
20060512001272,00351995,CF,separate,M2,
20060512002144,00500254,IS,separate,M2,
20060512002291,00159795,IS,separate,M2,
20060512002689,00113207,IS,consolidated,M2,
20060515000113,00162063,BS,separate,M2,
20060515000113,00162063,CF,separate,M2,
20060515000113,00162063,IS,separate,M2,
20060515000215,00133618,CF,separate,M2,
20060515000886,00471068,CF,separate,M2,
20060515000886,00471068,IS,separate,M2,
20060515001055,00149804,CF,separate,M2,
20060515001129,00129642,CF,separate,M2,
20060515001216,00122694,CF,separate,M2,
20060515001239,00113207,IS,consolidated,M2,
20060515001314,00138701,BS,separate,M2,
20060515001455,00255105,CF,separate,M2,
20060515001660,00230814,CF,separate,M2,
20060515001898,00133511,APPR,separate,M2,
20060515001911,00231691,IS,separate,M2,
20060515001990,00120030,CF,separate,M2,
20060515002153,00222435,CF,separate,M2,
20060515002614,00140168,APPR,separate,M2,
20060515002640,00101628,IS,separate,M2,
20060515003331,00106623,CF,separate,M2,
20060810000421,00149804,CF,separate,M2,
20060810000426,00149804,IS,separate,M2,
20060811000230,00488989,BS,separate,M2,
20060811000294,00161462,BS,separate,M2,
20060811000294,00161462,IS,separate,M2,
20060811000463,00205003,CF,separate,M2,
20060811000514,00159795,IS,separate,M2,
20060811000638,00210740,CF,separate,M2,
20060811000727,00406037,CF,separate,M2,
20060811000727,00406037,IS,separate,M2,
20060811000755,00154462,IS,consolidated,M2,
20060811000779,00231691,IS,separate,M2,
20060814000039,00133618,CF,separate,M2,
20060814000045,00230814,CF,separate,M2,
20060814000080,00264945,CF,separate,M2,
20060814000114,00113261,BS,separate,M2,
20060814000118,00108940,IS,separate,M3,손 익 계 산 서제 24 기 반기 (2006.01.01 부터 2006.06.30 까지)제 23 기 반기 (2005.01.01 부터 2005.06
20060814000233,00139153,IS,consolidated,M2,
20060814000269,00230425,APPR,separate,M2,
20060814000337,00152589,BS,separate,M2,
20060814000349,00351630,CF,separate,M2,
20060814000349,00351630,IS,separate,M2,
20060814000384,00110884,CF,separate,M2,
20060814000398,00115931,CF,separate,M2,
20060814000401,00120030,CF,separate,M2,
20060814000553,00210856,IS,separate,M2,
20060814000680,00267942,BS,separate,M2,
20060814000862,00133511,APPR,separate,M2,
20060814000944,00118008,BS,consolidated,M2,
20060814001030,00160843,BS,consolidated,M2,
20060814001087,00124799,APPR,separate,M2,
20060814001160,00303794,CF,separate,M2,
20060814001168,00220109,CF,separate,M2,
20060814001202,00158316,IS,separate,M2,
20060814001346,00156859,APPR,separate,M2,
20060814001419,00140566,CF,separate,M2,
20060814001678,00103130,APPR,separate,M2,
20060816000020,00292434,BS,separate,M2,
20060816000065,00488989,BS,separate,M2,
20060821000115,00118008,BS,consolidated,M2,
20060823000161,00161462,BS,separate,M2,
20060823000161,00161462,IS,separate,M2,
20060904000092,00264945,CF,separate,M2,
20060904000121,00264945,CF,separate,M2,
20060904000153,00161462,IS,separate,M2,
20060904000159,00161462,IS,separate,M2,
20060904000166,00161462,IS,separate,M2,
20060911000047,00159795,IS,separate,M2,
20060914000087,00351630,CF,separate,M2,
20060914000087,00351630,IS,separate,M2,
20060915000047,00230814,CF,separate,M2,
20061110000239,00390365,BS,separate,M2,
20061113000195,00151298,IS,separate,M2,
20061114000021,00108940,IS,separate,M2,
20061114000036,00138303,APPR,separate,M2,
20061114000036,00138303,BS,separate,M2,
20061114000036,00138303,CF,separate,M2,
20061114000036,00138303,IS,separate,M2,
20061114000051,00113261,BS,separate,M2,
20061114000085,00249982,CF,separate,M2,
20061114000112,00115931,CF,separate,M2,
20061114000285,00138598,CF,separate,M2,
20061114000610,00303794,CF,separate,M2,
20061114000651,00133511,APPR,separate,M2,
20061114000692,00258421,BS,consolidated,M2,
20061114000692,00258421,IS,consolidated,M2,
20061114000757,00122472,BS,separate,M2,
20061114001078,00231691,IS,separate,M2,
20061114001201,00140566,CF,separate,M2,
20061114001222,00120030,CF,separate,M2,
20061114001345,00160843,BS,consolidated,M2,
20061114001748,00104856,BS,consolidated,M2,
20061114001801,00302926,IS,separate,M2,
20061114001812,00126308,APPR,separate,M2,
20061114001823,00103130,APPR,separate,M2,
20061114001921,00133706,APPR,separate,M2,
20061114001921,00133706,BS,separate,M2,
20061114001943,00122472,BS,separate,M2,
20061114001964,00292434,CF,separate,M2,
20070214000032,00109718,IS,separate,M2,
20070214000237,00104856,BS,consolidated,M2,
20070329000690,00131197,SCE,consolidated,M3,연 결 손 익 계 산 서제 19 기 (2006. 01. 01 부터 2006. 12. 31 까지)제 18 기 (2005. 01. 01 부터 200
20070329001183,00508274,IS,consolidated,M2,
20070329001231,00249982,CF,separate,M2,
20070330000651,00155692,APPR,separate,M2,
20070330001121,00106623,APPR,separate,M2,
20070330001121,00106623,BS,separate,M2,
20070330001121,00106623,CF,separate,M3,현 금 흐 름 표제 31 기 (2006. 01. 01 부터 2006. 12. 31 까지)제 30 기 (2005. 01. 01. 부터 2005. 
20070330001121,00106623,IS,separate,M2,
20070330001123,00159254,APPR,separate,M3,제 39 기 (2006. 01. 01 부터 2006. 12. 31 까지)제 38 기 (2005. 01. 01 부터 2005. 12. 31 까지)
20070330001248,00363592,APPR,separate,M2,
20070330001248,00363592,CF,separate,M2,
20070330001248,00363592,IS,separate,M2,
20070330001561,00159254,APPR,separate,M3,제 39 기 (2006. 01. 01 부터 2006. 12. 31 까지)제 38 기 (2005. 01. 01 부터 2005. 12. 31 까지)
20070330002254,00150633,CF,separate,M2,
20070514001225,00159795,SCE,separate,M2,
20070514002235,00161046,CF,separate,M2,
20070514002235,00161046,IS,separate,M2,
20070514002755,00161462,SCE,separate,M2,
20070514003293,00113128,CF,separate,M2,
20070514003910,00112970,SCE,separate,M2,
20070515000224,00244455,CF,separate,M2,
20070515000252,00264547,SCE,separate,M2,
20070515000268,00373021,IS,separate,M2,
20070515000392,00128315,SCE,separate,M2,
20070515000411,00249982,IS,consolidated,M2,
20070515000411,00249982,IS,separate,M2,
20070515000515,00150633,APPR,separate,M2,
20070515000515,00150633,BS,separate,M2,
20070515000595,00369569,CF,separate,M2,
20070515000735,00205003,CF,separate,M2,
20070515000746,00292434,BS,separate,M2,
20070515000903,00108746,BS,consolidated,M2,
20070515000931,00308559,CF,separate,M2,
20070515001065,00155692,APPR,separate,M2,
20070515001065,00155692,BS,separate,M2,
20070515001065,00155692,CF,separate,M2,
20070515001191,00110884,CF,separate,M2,
20070515001217,00150633,APPR,separate,M2,
20070515001217,00150633,BS,separate,M2,
20070515001330,00137207,CF,separate,M2,
20070515001332,00136271,CF,separate,M2,
20070515001390,00328191,CF,separate,M2,
20070515001612,00132868,CF,separate,M2,
20070515001612,00132868,IS,separate,M2,
20070515001665,00205003,CF,separate,M2,
20070515001674,00106623,APPR,separate,M2,
20070515001772,00589127,CF,separate,M2,
20070515001988,00363592,APPR,separate,M2,
20070515001988,00363592,CF,separate,M2,
20070515001988,00363592,IS,separate,M2,
20070515002002,00191472,SCE,separate,M2,
20070515002114,00101220,APPR,separate,M2,
20070515002153,00206659,IS,consolidated,M2,
20070515002236,00165680,APPR,separate,M2,
20070515002282,00137207,CF,separate,M2,
20070515002287,00106623,APPR,separate,M2,
20070515002311,00101220,APPR,separate,M2,
20070521000300,00292434,BS,separate,M2,
20070629000332,00148610,CF,separate,M2,
20070629000366,00104856,CF,separate,M2,
20070809000064,00148610,CF,separate,M2,
20070810000493,00230425,APPR,separate,M2,
20070814000063,00242378,APPR,separate,M2,
20070814000063,00242378,BS,separate,M2,
20070814000063,00242378,IS,separate,M2,
20070814000067,00373021,IS,separate,M2,
20070814000188,00161046,CF,separate,M2,
20070814000223,00400857,SCE,separate,M2,
20070814000241,00133706,APPR,separate,M2,
20070814000346,00244455,CF,separate,M2,
20070814000404,00152686,CF,separate,M2,
20070814000408,00357430,CF,separate,M2,
20070814000428,00106669,IS,separate,M2,
20070814000548,00409672,SCE,separate,M2,
20070814000605,00545716,CF,separate,M2,
20070814000766,00130763,IS,consolidated,M2,
20070814000767,00108038,SCE,separate,M2,
20070814000776,00145464,BS,separate,M2,
20070814000777,00155692,APPR,separate,M2,
20070814000777,00155692,BS,separate,M2,
20070814000782,00205003,APPR,separate,M2,
20070814000782,00205003,BS,separate,M2,
20070814000782,00205003,CF,separate,M2,
20070814000782,00205003,IS,separate,M2,
20070814000787,00134510,CF,separate,M2,
20070814001014,00348034,BS,separate,M2,
20070814001242,00101220,APPR,separate,M2,
20070814001267,00115612,CF,separate,M2,
20070814001459,00258421,IS,separate,M2,
20070814001470,00124799,CF,separate,M2,
20070814001475,00266952,BS,separate,M2,
20070814001550,00102858,IS,separate,M2,
20070814001697,00143226,BS,separate,M2,
20070814001744,00148993,IS,consolidated,M2,
20070814001835,00249982,IS,consolidated,M2,
20070814001908,00117267,SCE,separate,M2,
20070814001985,00132868,IS,separate,M2,
20070816000010,00292434,CF,separate,M2,
20070827000048,00143226,BS,separate,M2,
20071113000091,00155319,BS,consolidated,M2,
20071113000091,00155319,IS,consolidated,M2,
20071113000425,00350020,IS,consolidated,M2,
20071114000033,00161383,IS,consolidated,M2,
20071114000429,00242378,BS,separate,M2,
20071114000429,00242378,CF,separate,M2,
20071114000429,00242378,IS,separate,M2,
20071114001911,00122472,SCE,separate,M2,
20071115000033,00122472,SCE,separate,M2,
20080331001341,00356370,SCE,consolidated,M3,연 결 손 익 계 산 서제 6 기 (2006. 01. 01 부터 2006. 12. 31 까지)제 5 기 (2005. 01. 01 부터 2005.
20080515000785,00267906,BS,consolidated,M2,
20080515000888,00146269,CF,consolidated,M2,
20080515001755,00106119,IS,consolidated,sanity_fail_prod_found_decl,연 결 손 익 계 산 서제 53 기 (2007. 01. 01 부터 2007. 12. 31 까지)제 52 기 (2006. 01. 01 부터 200
20080515001982,00152385,BS,consolidated,M2,
20080515001982,00152385,IS,consolidated,M2,
20080515001989,00152862,BS,consolidated,M2,
20080814000031,00292434,APPR,separate,M2,
20080814000031,00292434,IS,separate,M2,
20080814000160,00136864,BS,consolidated,M2,
20080814000160,00136864,IS,consolidated,M2,
20080814000837,00106119,IS,consolidated,sanity_fail_prod_found_decl,제 53 기 (2007. 01. 01 부터 2007. 12. 31 까지)제 52 기 (2006. 01. 01 부터 2006. 12. 31 까지)
20080814000924,00361008,CF,separate,M2,
20080814000924,00361008,SCE,separate,M2,
20080814001554,00145446,BS,consolidated,M2,
20080814001554,00145446,IS,consolidated,M2,
20080814001977,00292434,APPR,separate,M2,
20080814001977,00292434,IS,separate,M2,
20080814001990,00292434,APPR,separate,M2,
20080814001990,00292434,IS,separate,M2,
20080814002153,00140168,BS,consolidated,M2,
20081114001178,00361008,CF,separate,M2,
20081114001392,00126955,BS,consolidated,M2,
20081114001392,00126955,IS,consolidated,M2,
20090216000389,00115694,IS,consolidated,M2,
20090330000824,00103130,IS,consolidated,M2,
20090330001363,00200910,BS,separate,M2,
20090330001363,00200910,CF,separate,M2,
20090330001363,00200910,IS,separate,M2,
20090330001363,00200910,SCE,separate,M2,
20090331000940,00415594,SCE,separate,M2,
20090331001533,00146649,BS,consolidated,M2,
20090331001556,00329093,IS,separate,sanity_fail_prod_found_decl,포괄손익계산서 제 14 기 2008년 1월 1일부터 2008년 12월 31일까지 제 13 기 2007년 1월 1일부터 2007년 12월 31일까
20090421000269,00679314,BS,separate,M2,
20090421000269,00679314,CF,separate,M2,
20090421000269,00679314,SCE,separate,M2,
20090422000167,00679314,BS,separate,M2,
20090422000167,00679314,CF,separate,M2,
20090422000167,00679314,SCE,separate,M2,
20160513002477,00156910,CF,consolidated,M2,
20160516003862,00428321,IS,separate,M2,
20160816000951,00156910,CF,consolidated,M2,
20161114000977,00156910,CF,consolidated,M2,
20170331002239,01109715,BS,separate,sanity_fail_prod_found_decl,재무상태표 제5기 2016년 12월 31일 현재 제4기 2015년 12월 31일 현재 제3기 2014년 12월 31일 현재 (단위 : 원)
20170331002239,01109715,CF,separate,sanity_fail_prod_found_decl,현금흐름표 제5기 2016년 1월 1일부터 2016년 12월 31일까지 제4기 2015년 1월 1일부터 2015년 12월 31일까지 제3기 20
20170414001855,01109715,BS,separate,sanity_fail_prod_found_decl,재무상태표 제5기 2016년 12월 31일 현재 제4기 2015년 12월 31일 현재 제3기 2014년 12월 31일 현재 (단위 : 원)
20170414001855,01109715,CF,separate,sanity_fail_prod_found_decl,현금흐름표 제5기 2016년 1월 1일부터 2016년 12월 31일까지 제4기 2015년 1월 1일부터 2015년 12월 31일까지 제3기 20
20170515001561,01109715,BS,separate,sanity_fail_prod_found_decl,재무상태표 제6기 1분기말 2017년 3월 31일 현재 제5기말 2016년 12월 31일 현재 제4기말 2015년 12월 31일 현재 (단위 :
20170515001561,01109715,CF,separate,sanity_fail_prod_found_decl,현금흐름표 제6기 1분기 2017년 1월 1일부터 2017년 3월 31일까지 제5기 1분기 2016년 1월 1일부터 2016년 3월 31일까지 
20170515003620,00139214,CF,separate,M2,
20191025000524,00125521,BS,separate,sanity_fail_prod_found_decl,재무상태표 제 51 기 2018.12.31 현재 제 50 기 2017.12.31 현재 제 49 기 2016.12.31 현재 (단위 : 원)
20191114001034,00109037,IS,separate,M2,
20210323000745,00980043,CF,separate,M2,
20211115002501,00384887,BS,consolidated,M2,
20220316001411,00113058,SCE,separate,M2,
20220316001424,00113058,SCE,separate,M2,
20220317001218,01113499,BS,separate,M2,
20230315001327,00113058,SCE,separate,M2,
20230317000589,01113499,BS,separate,M2,
20240813001608,01032486,BS,consolidated,sanity_fail_prod_found_decl,연결 재무상태표 제11기 반기말 2024년 6월 30일 현재 제10기 말 2023년 12월 31일 현재 (단위: 천원)
20240813001608,01032486,SCE,consolidated,sanity_fail_prod_found_decl,연결 재무상태표 제11기 반기말 2024년 6월 30일 현재 제10기 말 2023년 12월 31일 현재 (단위: 천원)
20240819000327,01032486,BS,consolidated,sanity_fail_prod_found_decl,연결 재무상태표 제11기 반기말 2024년 6월 30일 현재 제10기 말 2023년 12월 31일 현재 (단위: 천원)
20240819000327,01032486,SCE,consolidated,sanity_fail_prod_found_decl,연결 재무상태표 제11기 반기말 2024년 6월 30일 현재 제10기 말 2023년 12월 31일 현재 (단위: 천원)
20241112000311,01032486,BS,consolidated,sanity_fail_prod_found_decl,연결 재무상태표 제11기 3분기말 2024년 9월 30일 현재 제10기말 2023년 12월 31일 현재 (단위: 천원)
20241112000311,01032486,SCE,consolidated,sanity_fail_prod_found_decl,연결 재무상태표 제11기 3분기말 2024년 9월 30일 현재 제10기말 2023년 12월 31일 현재 (단위: 천원)
